Allegheny__PA, 9iner, aidenb1127, anthonys00, Arctic Tern, Armadillo, Ava, AyjAy011, Bradinator, Bvarium, Cedar, Chicago Geographer, DasSchnootz, dfshapir, EnzoDragon1, flaber, Flame, GeoGamr🇺🇦, georoulette, hateornges, ineedaface, Ivan, JayVerti, jogwi, Jo™, mobambachloride, Norton, nuclear ocelot, OKobern, oracle-of-naivete, Paris_Labrador, Patxepi, Pendulous, phosphophyllite, Radians, sagittarius998, Sean30303, sheepie, stathx, stephner, Steve Lira, stupiddrew9, Tumnus, UCLA_Jesus, Urbanindy, voltaicwaffles, VS4GdqaYdYYrmBIMj1ab, zenith
Brunswick__NC, 9iner, Armadillo, Bubba, Cascadia, chirpn, crownedkinggame, Ivan, mobambachloride, muskox, nuclear ocelot, OceanMan, oracle-of-naivete, Patxepi, Radu, shin, soup, Tumnus, user1115, voltaicwaffles, wyatt
Washington__PA, 9iner, aidenb1127, anthonys00, Arctic Tern, Armadillo, Ava, AyjAy011, Cedar, Chicago Geographer, DasSchnootz, dfshapir, EnzoDragon1, hateornges, Ivan, JayVerti, jogwi, Jo™, kp, mobambachloride, Norton, nuclear ocelot, oracle-of-naivete, phosphophyllite, Radians, sagittarius998, Sean30303, sheepie, stathx, Steve Lira, stupiddrew9, Tumnus, Urbanindy, voltaicwaffles, VS4GdqaYdYYrmBIMj1ab, zenith
Greene__PA, 9iner, aidenb1127, Arctic Tern, Ava, Cedar, DasSchnootz, dfshapir, hateornges, JayVerti, jogwi, Jo™, mobambachloride, nuclear ocelot, oracle-of-naivete, Patxepi, phosphophyllite, sagittarius998, sheepie, stathx, stupiddrew9, Urbanindy, voltaicwaffles, VS4GdqaYdYYrmBIMj1ab, zenith
Monongalia__WV, 9iner, aidenb1127, Arctic Tern, Ava, Cedar, dfshapir, flaber, hateornges, jogwi, Jo™, kp, mobambachloride, nuclear ocelot, oracle-of-naivete, Patxepi, phosphophyllite, sagittarius998, sheepie, shin, stupiddrew9, Urbanindy, voltaicwaffles, VS4GdqaYdYYrmBIMj1ab, zenith
Marion__WV, 9iner, Arctic Tern, Ava, dfshapir, flaber, jogwi, kp, mobambachloride, nuclear ocelot, oracle-of-naivete, phosphophyllite, sagittarius998, shin, stupiddrew9, voltaicwaffles, VS4GdqaYdYYrmBIMj1ab, zenith
Harrison__WV, 9iner, Arctic Tern, Ava, dfshapir, flaber, jogwi, kp, mobambachloride, nuclear ocelot, oracle-of-naivete, phosphophyllite, sagittarius998, shin, stupiddrew9, voltaicwaffles, VS4GdqaYdYYrmBIMj1ab, zenith
Lewis__WV, 9iner, Arctic Tern, Ava, dfshapir, flaber, jogwi, kp, mobambachloride, nuclear ocelot, phosphophyllite, sagittarius998, shin, stupiddrew9, voltaicwaffles, VS4GdqaYdYYrmBIMj1ab, zenith
Braxton__WV, 9iner, Arctic Tern, Ava, dfshapir, flaber, jogwi, kp, mobambachloride, muskox, nuclear ocelot, phosphophyllite, sagittarius998, shin, soup, stupiddrew9, voltaicwaffles, VS4GdqaYdYYrmBIMj1ab, zenith
Gilmer__WV, 9iner, Arctic Tern, Ava, dfshapir, jogwi, kp, mobambachloride, nuclear ocelot, phosphophyllite, sagittarius998, shin, stupiddrew9, zenith
Nicholas__WV, 9iner, Arctic Tern, Ava, crownedkinggame, dfshapir, flaber, jogwi, mobambachloride, muskox, nuclear ocelot, phosphophyllite, sagittarius998, shin, soup, stupiddrew9, voltaicwaffles, VS4GdqaYdYYrmBIMj1ab
Fayette__WV, 9iner, Arctic Tern, Armadillo, Ava, Bvarium, Chicago Geographer, chirpn, corndog, crownedkinggame, dfshapir, Diamond Armor Steve, fbmdf1821, flaber, fladnag, hateornges, Jet, jogwi, lostmyballs, mobambachloride, muskox, nuclear ocelot, OKobern, Paris_Labrador, Patxepi, Pendulous, phosphophyllite, sagittarius998, Sean30303, shin, soup, stathx, Steve Lira, stupiddrew9, Urbanindy, voltaicwaffles, VS4GdqaYdYYrmBIMj1ab, zenith
Raleigh__WV, 9iner, Arctic Tern, Armadillo, Ava, Bvarium, Chicago Geographer, chirpn, corndog, crownedkinggame, dfshapir, Diamond Armor Steve, fbmdf1821, fladnag, hateornges, Jet, jogwi, lostmyballs, mobambachloride, muskox, nuclear ocelot, OKobern, Paris_Labrador, Patxepi, Pendulous, phosphophyllite, sagittarius998, shin, soup, stathx, Steve Lira, stupiddrew9, Urbanindy, voltaicwaffles, VS4GdqaYdYYrmBIMj1ab, zenith
Mercer__WV, 9iner, Arctic Tern, Armadillo, Ava, Bvarium, Chicago Geographer, chirpn, corndog, crownedkinggame, dfshapir, fladnag, hateornges, Jet, jogwi, lostmyballs, mobambachloride, muskox, nuclear ocelot, OKobern, Pendulous, phosphophyllite, shin, soup, Steve Lira, stupiddrew9, voltaicwaffles, VS4GdqaYdYYrmBIMj1ab, zenith
Bland__VA, 9iner, Arctic Tern, Armadillo, Ava, Bvarium, Chicago Geographer, chirpn, corndog, crownedkinggame, dfshapir, fladnag, hateornges, Jet, jogwi, lostmyballs, mobambachloride, muskox, nuclear ocelot, OKobern, oracle-of-naivete, Pendulous, shin, soup, Steve Lira, stupiddrew9, voltaicwaffles, VS4GdqaYdYYrmBIMj1ab, zenith
Wythe__VA, 9iner, aidenb1127, anthonys00, Arctic Tern, Armadillo, Ava, Bvarium, Chicago Geographer, chirpn, corndog, crownedkinggame, De Martian, dfshapir, Diamond Armor Steve, flaber, fladnag, FlyingBro, GeoGamr🇺🇦, hateornges, Jet, jogwi, Jo™, Knight, kp, lostmyballs, mobambachloride, muskox, nuclear ocelot, OKobern, oracle-of-naivete, Patxepi, Pendulous, Radians, Radu, sagittarius998, shin, soup, stephner, Steve Lira, stupiddrew9, TheScooterBuskie, TommyTheMet, Tumnus, user1115, voltaicwaffles, VS4GdqaYdYYrmBIMj1ab, zenith
Carroll__VA, 9iner, aidenb1127, Arctic Tern, Armadillo, Ava, Cascadia, Chicago Geographer, chirpn, crownedkinggame, dfshapir, Diamond Armor Steve, flaber, hateornges, Jet, Jo™, Knight, lostmyballs, mobambachloride, muskox, nuclear ocelot, Pendulous, Radians, Radu, sagittarius998, shin, soup, Steve Lira, stupiddrew9, TheScooterBuskie, TommyTheMet, Tumnus, user1115, voltaicwaffles, VS4GdqaYdYYrmBIMj1ab
Surry__NC, 9iner, aidenb1127, Arctic Tern, Armadillo, Ava, Cascadia, Chicago Geographer, chirpn, crownedkinggame, dfshapir, flaber, hateornges, Jet, Jo™, Knight, lostmyballs, mobambachloride, muskox, nuclear ocelot, Pendulous, Radu, sagittarius998, shin, soup, stephner, Steve Lira, stupiddrew9, TommyTheMet, Tumnus, user1115, voltaicwaffles, VS4GdqaYdYYrmBIMj1ab
Stokes__NC, 9iner, aidenb1127, Armadillo, chirpn, crownedkinggame, dfshapir, hateornges, Jet, mobambachloride, muskox, nuclear ocelot, Pendulous, Radu, shin, soup, Steve Lira, stupiddrew9, user1115, voltaicwaffles, wyatt, zenith
Forsyth__NC, 9iner, aidenb1127, Armadillo, Bubba, chirpn, crownedkinggame, De Martian, dfshapir, Diamond Armor Steve, fladnag, Flame, hateornges, Jet, jogwi, mobambachloride, muskox, nuclear ocelot, OKobern, Pendulous, Radu, sagittarius998, shin, soup, Steve Lira, stupiddrew9, user1115, voltaicwaffles, wyatt, zenith
Guilford__NC, 9iner, aidenb1127, arija, Armadillo, Ava, Bubba, chirpn, crownedkinggame, De Martian, dfshapir, Diamond Armor Steve, flaber, fladnag, Flame, GeoGamr🇺🇦, hateornges, Jet, jogwi, Knight, mobambachloride, muskox, nuclear ocelot, OceanMan, OKobern, oracle-of-naivete, Patxepi, Pendulous, Piglee, Radu, sagittarius998, shin, soup, stephner, Steve Lira, stupiddrew9, user1115, voltaicwaffles, wyatt, zenith
Randolph__NC, 9iner, aidenb1127, arija, Armadillo, Ava, Bubba, chirpn, crownedkinggame, dfshapir, flaber, GeoGamr🇺🇦, Jet, jogwi, Knight, mobambachloride, muskox, nuclear ocelot, oracle-of-naivete, Patxepi, Piglee, Radu, sagittarius998, shin, soup, stephner, Steve Lira, stupiddrew9, user1115, voltaicwaffles, wyatt
Montgomery__NC, 9iner, arija, Armadillo, Ava, chirpn, crownedkinggame, nuclear ocelot, shin, soup, Steve Lira, user1115, voltaicwaffles
Richmond__NC, 9iner, arija, Armadillo, Ava, chirpn, crownedkinggame, Ivan, Jet, nuclear ocelot, Radians, shin, soup, Steve Lira, user1115, voltaicwaffles
Scotland__NC, 9iner, Armadillo, chirpn, crownedkinggame, Ivan, muskox, nuclear ocelot, shin, soup, Steve Lira, user1115, voltaicwaffles
Robeson__NC, 9iner, arija, Armadillo, Ava, Bubba, chirpn, crownedkinggame, dfshapir, Diamond Armor Steve, Dragonfire, EnzoDragon1, flaber, Flame, Ivan, Jet, Jo™, mobambachloride, muskox, nuclear ocelot, OceanMan, oracle-of-naivete, Patxepi, Piglee, Popeetoes, Radu, sagittarius998, shin, soup, stephner, Steve Lira, TheScooterBuskie, TommyTheMet, Tumnus, user1115, voltaicwaffles
Columbus__NC, 9iner, Bubba, chirpn, crownedkinggame, Ivan, mobambachloride, muskox, nuclear ocelot, OceanMan, oracle-of-naivete, Popeetoes, Radu, shin, soup, Tumnus, user1115, voltaicwaffles, wyatt
Ohio__WV, 9iner, anthonys00, Arctic Tern, Armadillo, Ava, AyjAy011, Cedar, Chicago Geographer, DasSchnootz, dfshapir, hateornges, Ivan, jogwi, Jo™, kp, mobambachloride, Norton, nuclear ocelot, OKobern, oracle-of-naivete, phosphophyllite, Popeetoes, Radians, sagittarius998, Sean30303, sheepie, stathx, Steve Lira, Urbanindy, zenith
Belmont__OH, 9iner, anthonys00, Arctic Tern, Armadillo, Ava, AyjAy011, Cedar, Chicago Geographer, DasSchnootz, dfshapir, hateornges, Ivan, jogwi, Jo™, kp, mobambachloride, Norton, OKobern, oracle-of-naivete, phosphophyllite, Popeetoes, Radians, sagittarius998, Sean30303, sheepie, stathx, Steve Lira, Urbanindy, zenith
Guernsey__OH, 9iner, anthonys00, Arctic Tern, Armadillo, AyjAy011, Cedar, Chicago Geographer, DasSchnootz, dfshapir, fladnag, hateornges, Ivan, Jo™, kp, mobambachloride, Norton, OKobern, oracle-of-naivete, phosphophyllite, Popeetoes, Radians, sagittarius998, Sean30303, sheepie, stathx, Steve Lira, Urbanindy, voltaicwaffles, zenith
Muskingum__OH, 9iner, anthonys00, Arctic Tern, Armadillo, AyjAy011, Cedar, Chicago Geographer, DasSchnootz, dfshapir, hateornges, Ivan, Jo™, kp, mobambachloride, Norton, OKobern, oracle-of-naivete, phosphophyllite, Popeetoes, sagittarius998, Sean30303, sheepie, stathx, Steve Lira, Urbanindy, zenith
Licking__OH, 9iner, anthonys00, Arctic Tern, Armadillo, AyjAy011, Cedar, Chicago Geographer, DasSchnootz, dfshapir, hateornges, Ivan, jogwi, Jo™, kp, mobambachloride, Norton, OKobern, oracle-of-naivete, phosphophyllite, Popeetoes, Radians, sagittarius998, Sean30303, sheepie, stathx, Steve Lira, Urbanindy, user1115, zenith
Fairfield__OH, 9iner, anthonys00, Arctic Tern, AyjAy011, Cedar, DasSchnootz, dfshapir, hateornges, jogwi, Jo™, kp, mobambachloride, muskox, OKobern, oracle-of-naivete, phosphophyllite, Popeetoes, Radians, Sean30303, sheepie, stathx, Urbanindy, zenith
Franklin__OH, 9iner, anthonys00, Arctic Tern, Armadillo, AyjAy011, Cedar, Chicago Geographer, DasSchnootz, dfshapir, EnzoDragon1, fbmdf1821, fladnag, Flame, hateornges, Ivan, Jet, jogwi, Jo™, Kai, kp, mobambachloride, muskox, Norton, OKobern, oracle-of-naivete, Paris_Labrador, phosphophyllite, Popeetoes, Radians, sagittarius998, Sean30303, sheepie, stathx, stephner, Steve Lira, stupiddrew9, TommyTheMet, Tumnus, Urbanindy, user1115, voltaicwaffles, zenith
Madison__OH, 9iner, anthonys00, Armadillo, AyjAy011, Chicago Geographer, DasSchnootz, dfshapir, EnzoDragon1, fbmdf1821, Flame, hateornges, Ivan, Jet, jogwi, Jo™, Kai, kp, mobambachloride, muskox, Norton, OKobern, oracle-of-naivete, Popeetoes, Radians, Sean30303, sheepie, stathx, stephner, TommyTheMet, Tumnus, Urbanindy, zenith
Clark__OH, 9iner, anthonys00, Arctic Tern, Armadillo, AyjAy011, Chicago Geographer, DasSchnootz, De Martian, dfshapir, Flame, hateornges, Ivan, Jet, jogwi, Jo™, Kai, mobambachloride, muskox, Norton, OKobern, oracle-of-naivete, Popeetoes, Sean30303, sheepie, stathx, stephner, TommyTheMet, Tumnus, Urbanindy, voltaicwaffles, zenith
Montgomery__OH, 9iner, anthonys00, Arctic Tern, Armadillo, AyjAy011, Bvarium, Chicago Geographer, corndog, DasSchnootz, De Martian, dfshapir, Flame, hateornges, Ivan, jaydoo909, Jet, jogwi, Jo™, Kai, kp, mobambachloride, muskox, Norton, OKobern, oracle-of-naivete, Paris_Labrador, Pendulous, phosphophyllite, Popeetoes, Radians, Sean30303, sheepie, stathx, stephner, Steve Lira, stupiddrew9, TommyTheMet, Tumnus, Urbanindy, voltaicwaffles, zenith
Preble__OH, 9iner, anthonys00, Armadillo, AyjAy011, Bvarium, Chicago Geographer, corndog, DasSchnootz, dfshapir, Flame, hateornges, Ivan, jogwi, Jo™, Kai, kp, mobambachloride, muskox, Norton, OKobern, oracle-of-naivete, Paris_Labrador, Pendulous, phosphophyllite, Popeetoes, Sean30303, sheepie, shin, stathx, stephner, Steve Lira, TommyTheMet, Tumnus, Urbanindy, voltaicwaffles, zenith
Wayne__IN, 9iner, anthonys00, Armadillo, AyjAy011, Bvarium, Chicago Geographer, corndog, DasSchnootz, dfshapir, Flame, hateornges, Ivan, jogwi, Jo™, Kai, kp, mobambachloride, muskox, Norton, OKobern, oracle-of-naivete, Paris_Labrador, Pendulous, phosphophyllite, Popeetoes, Sean30303, sheepie, shin, stathx, stephner, Steve Lira, stupiddrew9, TommyTheMet, Tumnus, Urbanindy, voltaicwaffles, zenith
Henry__IN, 9iner, anthonys00, Armadillo, AyjAy011, Bvarium, Chicago Geographer, corndog, DasSchnootz, dfshapir, Flame, hateornges, Ivan, jogwi, Jo™, Kai, mobambachloride, muskox, Norton, OKobern, oracle-of-naivete, Paris_Labrador, Pendulous, phosphophyllite, Popeetoes, Sean30303, sheepie, shin, stathx, stephner, Steve Lira, stupiddrew9, TommyTheMet, Tumnus, Urbanindy, voltaicwaffles, zenith
Hancock__IN, 9iner, anthonys00, Armadillo, AyjAy011, Bvarium, Chicago Geographer, corndog, DasSchnootz, dfshapir, Flame, hateornges, Ivan, jogwi, Jo™, Kai, mobambachloride, muskox, Norton, OKobern, oracle-of-naivete, Paris_Labrador, Pendulous, phosphophyllite, Sean30303, sheepie, shin, stathx, stephner, stupiddrew9, TommyTheMet, Tumnus, Urbanindy, voltaicwaffles, zenith
Marion__IN, 9iner, anthonys00, Apollobo, Armadillo, AyjAy011, bam, Bvarium, Cedar, Chicago Geographer, chirpn, corndog, DasSchnootz, dfshapir, fbmdf1821, fladnag, Flame, hateornges, Ivan, jaydoo909, Jet, jogwi, Jo™, Kai, kp, Littleduck, lostmyballs, mobambachloride, muskox, Norton, OKobern, oracle-of-naivete, Paris_Labrador, Patxepi, Pendulous, phosphophyllite, Popeetoes, Radians, Sean30303, sheepie, shin, stathx, stephner, Steve Lira, stupiddrew9, The Texan, TommyTheMet, Tumnus, UCLA_Jesus, Urbanindy, voltaicwaffles, zenith
Hendricks__IN, 9iner, anthonys00, Apollobo, Armadillo, AyjAy011, Bvarium, Chicago Geographer, chirpn, corndog, dfshapir, Flame, jaydoo909, jogwi, Jo™, Kai, Littleduck, mobambachloride, Norton, OKobern, oracle-of-naivete, Pendulous, phosphophyllite, Popeetoes, Radians, Sean30303, sheepie, shin, stathx, stupiddrew9, The Texan, TommyTheMet, Tumnus, Urbanindy, voltaicwaffles, zenith
Morgan__IN, 9iner, Armadillo, AyjAy011, Bvarium, Chicago Geographer, dfshapir, Ivan, jaydoo909, Jet, Jo™, Kai, Littleduck, mobambachloride, Norton, OKobern, Paris_Labrador, phosphophyllite, Sean30303, shin, stephner, Steve Lira, stupiddrew9, The Texan, TommyTheMet, Tumnus, Urbanindy, voltaicwaffles
Putnam__IN, 9iner, Armadillo, AyjAy011, Chicago Geographer, dfshapir, jaydoo909, Jo™, Kai, mobambachloride, Norton, OKobern, phosphophyllite, Sean30303, shin, TommyTheMet, Tumnus, Urbanindy, WizardGrape, zenith
Clay__IN, 9iner, Armadillo, AyjAy011, Bvarium, dfshapir, jaydoo909, Jo™, Kai, Littleduck, mobambachloride, Norton, OKobern, phosphophyllite, Sean30303, shin, TommyTheMet, Tumnus, Urbanindy, zenith
Vigo__IN, 9iner, Armadillo, AyjAy011, Bvarium, dfshapir, Flame, jaydoo909, Jo™, Kai, Littleduck, mobambachloride, Norton, OKobern, phosphophyllite, Sean30303, sheepie, shin, stupiddrew9, TommyTheMet, Tumnus, Urbanindy, voltaicwaffles, zenith
Clark__IL, 9iner, Armadillo, Bvarium, Chicago Geographer, dfshapir, Flame, jaydoo909, jogwi, Jo™, Kai, mobambachloride, nuclear ocelot, OKobern, phosphophyllite, Sean30303, shin, TommyTheMet, Tumnus, Urbanindy, voltaicwaffles, zenith
Cumberland__IL, 9iner, anthonys00, Armadillo, AyjAy011, Bvarium, Cedar, Chicago Geographer, DasSchnootz, dfshapir, Flame, jaydoo909, Jo™, Kai, kp, nuclear ocelot, OKobern, Pendulous, phosphophyllite, Sean30303, shin, Steve Lira, The Texan, TommyTheMet, Tumnus, Urbanindy, zenith
Effingham__IL, 9iner, anthonys00, Armadillo, AyjAy011, Bvarium, Cedar, Chicago Geographer, DasSchnootz, dfshapir, Flame, Jo™, Kai, kp, nuclear ocelot, OKobern, Pendulous, phosphophyllite, Sean30303, sheepie, shin, stathx, Steve Lira, stupiddrew9, The Texan, TommyTheMet, Tumnus, Urbanindy, zenith
Fayette__IL, 9iner, anthonys00, Armadillo, AyjAy011, Bvarium, Cedar, Chicago Geographer, dfshapir, Flame, jaydoo909, Jo™, Kai, kp, nuclear ocelot, OKobern, Pendulous, phosphophyllite, Sean30303, sheepie, shin, stathx, Steve Lira, stupiddrew9, The Texan, TommyTheMet, Tumnus, Urbanindy, WizardGrape, zenith
Bond__IL, 9iner, Armadillo, Bvarium, dfshapir, Flame, jaydoo909, Jo™, Kai, nuclear ocelot, OKobern, phosphophyllite, Sean30303, sheepie, shin, stathx, Steve Lira, stupiddrew9, The Texan, TommyTheMet, Tumnus, Urbanindy, zenith
Madison__IL, 9iner, Apollobo, Arctic Tern, Armadillo, Bvarium, Chicago Geographer, chirpn, DasSchnootz, dfshapir, fbmdf1821, Flame, gurf, Ivan, jaydoo909, Jet, Jo™, Kai, kp, lostmyballs, nuclear ocelot, OKobern, Pendulous, phosphophyllite, Popeetoes, qazplm500, Radians, sagittarius998, Sean30303, shin, stathx, Steve Lira, stupiddrew9, The Texan, TommyTheMet, Tumnus, Urbanindy, zenith
Clinton__IL, 9iner, anthonys00, AyjAy011, Bvarium, Cascadia, dfshapir, EnzoDragon1, fbmdf1821, fladnag, Flame, IGotSap, jogwi, kp, nuclear ocelot, OKobern, shin, stathx, stupiddrew9, The Texan, voltaicwaffles, zenith
Macoupin__IL, 9iner, Apollobo, Bvarium, Chicago Geographer, chirpn, DasSchnootz, dfshapir, Flame, gurf, Ivan, jaydoo909, Jet, Kai, kp, nuclear ocelot, OKobern, Pendulous, Popeetoes, qazplm500, sagittarius998, Sean30303, shin, Steve Lira, The Texan, WizardGrape, zenith
Montgomery__IL, 9iner, Apollobo, Bvarium, Chicago Geographer, DasSchnootz, dfshapir, Flame, gurf, Ivan, jaydoo909, Kai, nuclear ocelot, OKobern, Pendulous, Popeetoes, qazplm500, Sean30303, sheepie, shin, Steve Lira, stupiddrew9, The Texan, WizardGrape, zenith
Sangamon__IL, 9iner, Apollobo, Bvarium, Chicago Geographer, chirpn, DasSchnootz, dfshapir, Flame, gurf, Ivan, jaydoo909, Jet, Kai, kp, nuclear ocelot, OKobern, Pendulous, Popeetoes, qazplm500, Radians, sagittarius998, Sean30303, sheepie, shin, stathx, Steve Lira, stupiddrew9, The Texan, zenith
Logan__IL, 9iner, Apollobo, Bvarium, Chicago Geographer, chirpn, DasSchnootz, dfshapir, Flame, gurf, Ivan, jaydoo909, Jet, Kai, kp, nuclear ocelot, OKobern, Pendulous, qazplm500, sagittarius998, Sean30303, shin, Steve Lira, stupiddrew9, The Texan, zenith
McLean__IL, 9iner, anthonys00, Apollobo, Armadillo, AyjAy011, Bradinator, Bvarium, Chicago Geographer, chirpn, DasSchnootz, dfshapir, Flame, gurf, Ivan, jaydoo909, Jet, jogwi, Kai, kp, mobambachloride, nuclear ocelot, OKobern, Pendulous, qazplm500, sagittarius998, Sean30303, sheepie, shin, Steve Lira, stupiddrew9, The Texan, Urbanindy, voltaicwaffles, WizardGrape, zenith
Woodford__IL, 9iner, anthonys00, Apollobo, AyjAy011, Bradinator, Bvarium, DasSchnootz, dfshapir, Ivan, jogwi, kp, mobambachloride, nuclear ocelot, Pendulous, qazplm500, Sean30303, sheepie, shin, The Texan, Urbanindy, voltaicwaffles, WizardGrape, zenith
Marshall__IL, 9iner, anthonys00, Apollobo, AyjAy011, Bradinator, Bvarium, Chicago Geographer, DasSchnootz, dfshapir, jogwi, kp, nuclear ocelot, Pendulous, qazplm500, Sean30303, sheepie, shin, The Texan, Urbanindy, voltaicwaffles, WizardGrape, zenith
Lee__IL, 9iner, anthonys00, Apollobo, AyjAy011, Bradinator, Bvarium, Cedar, Chicago Geographer, DasSchnootz, dfshapir, EJ'sEmpire, Flame, Ivan, jogwi, kp, mobambachloride, nuclear ocelot, Pendulous, qazplm500, Sean30303, sheepie, shin, stathx, Urbanindy, voltaicwaffles, WizardGrape, zenith
Ogle__IL, 9iner, anthonys00, Apollobo, AyjAy011, Bradinator, Bvarium, Cedar, Chicago Geographer, DasSchnootz, dfshapir, EJ'sEmpire, Flame, Ivan, jogwi, kp, mobambachloride, nuclear ocelot, Pendulous, qazplm500, Sean30303, sheepie, shin, stathx, Urbanindy, voltaicwaffles, WizardGrape, zenith
Winnebago__IL, 9iner, anthonys00, Apollobo, Arctic Tern, Ava, AyjAy011, Bradinator, Bvarium, Cedar, Chicago Geographer, corndog, DasSchnootz, De Martian, dfshapir, EJ'sEmpire, Flame, Ivan, jogwi, Kiribati, kp, nuclear ocelot, OceanMan, OKobern, oracle-of-naivete, Paris_Labrador, Patxepi, Pendulous, qazplm500, sagittarius998, Sean30303, sheepie, shin, stathx, Steve Lira, stupiddrew9, Urbanindy, voltaicwaffles, WizardGrape, zenith
Rock__WI, 9iner, anthonys00, Apollobo, Arctic Tern, Ava, AyjAy011, Bean, Bradinator, Bvarium, Cedar, Chicago Geographer, corndog, DasSchnootz, dfshapir, Dimei, EJ'sEmpire, Flame, gurf, Ivan, jogwi, Kiribati, kp, OceanMan, OKobern, Paris_Labrador, Patxepi, Pendulous, qazplm500, Radians, sagittarius998, Sean30303, sheepie, shin, stathx, Steve Lira, stupiddrew9, Urbanindy, voltaicwaffles, WizardGrape, zenith
Dane__WI, 9iner, anthonys00, Apollobo, Arctic Tern, arija, Ava, AyjAy011, Bean, Bradinator, Bvarium, Cedar, Chicago Geographer, corndog, DasSchnootz, dfshapir, Dimei, EJ'sEmpire, Flame, Geo, gurf, Ivan, jogwi, Kai, Kiribati, kp, MKA, OceanMan, OKobern, Paris_Labrador, Patxepi, Pendulous, Popeetoes, qazplm500, Radians, sagittarius998, Sean30303, sheepie, shin, stathx, Steve Lira, stupiddrew9, Tumnus, Urbanindy, voltaicwaffles, WizardGrape, zenith
Columbia__WI, 9iner, anthonys00, Apollobo, Arctic Tern, arija, AyjAy011, Bean, Bradinator, Bvarium, Cedar, Chicago Geographer, corndog, DasSchnootz, dfshapir, Dimei, EJ'sEmpire, fladnag, Flame, Ivan, jogwi, Kai, Kiribati, MKA, OceanMan, OKobern, Paris_Labrador, Patxepi, Pendulous, Popeetoes, qazplm500, Radians, sagittarius998, Sean30303, sheepie, shin, stathx, Steve Lira, stupiddrew9, Tumnus, Urbanindy, voltaicwaffles, WizardGrape, zenith
Dodge__WI, 9iner, anthonys00, Apollobo, Ava, AyjAy011, Bvarium, Cedar, Chicago Geographer, DasSchnootz, dfshapir, Dimei, fladnag, Kai, Kiribati, MKA, OKobern, qazplm500, Radians, Sean30303, sheepie, shin, Urbanindy, voltaicwaffles
Fond_du_Lac__WI, 9iner, anthonys00, Apollobo, AyjAy011, Cedar, Chicago Geographer, DasSchnootz, dfshapir, Dimei, Ivan, Kai, Kiribati, qazplm500, Radians, Sean30303, sheepie, Urbanindy, voltaicwaffles
Winnebago__WI, 9iner, anthonys00, Apollobo, AyjAy011, Cedar, Chicago Geographer, DasSchnootz, dfshapir, Dimei, Kai, Kiribati, qazplm500, Radians, Sean30303, sheepie, Urbanindy, voltaicwaffles
Outagamie__WI, 9iner, Apollobo, arija, AyjAy011, Cedar, Chicago Geographer, DasSchnootz, dfshapir, Kai, Kiribati, qazplm500, Radians, Sean30303, sheepie, voltaicwaffles
Brown__WI, 9iner, Apollobo, arija, Armadillo, AyjAy011, Bvarium, Cedar, Chicago Geographer, DasSchnootz, De Martian, dfshapir, Ivan, jogwi, Kai, Kiribati, kp, Norton, qazplm500, Radians, Sean30303, sheepie, Tumnus, voltaicwaffles
Oconto__WI, 9iner, Apollobo, AyjAy011, Cedar, Chicago Geographer, DasSchnootz, De Martian, dfshapir, jogwi, Kai, Kiribati, kp, Norton, qazplm500, Radians, Sean30303, sheepie, stathx, Tumnus, voltaicwaffles, WizardGrape
Marinette__WI, 9iner, Apollobo, AyjAy011, Cedar, Chicago Geographer, DasSchnootz, De Martian, dfshapir, jogwi, Kai, Kiribati, kp, Norton, qazplm500, Radians, Sean30303, sheepie, stathx, voltaicwaffles, WizardGrape
Menominee__MI, 9iner, Apollobo, AyjAy011, Cedar, DasSchnootz, De Martian, dfshapir, jogwi, Kai, Kiribati, kp, qazplm500, Sean30303, sheepie, stathx, Tumnus, voltaicwaffles, WizardGrape
Delta__MI, 9iner, Apollobo, AyjAy011, Cedar, DasSchnootz, De Martian, flaber, jogwi, Kai, Kiribati, kp, qazplm500, sagittarius998, Sean30303, sheepie, stathx, Tumnus, voltaicwaffles, WizardGrape
Schoolcraft__MI, 9iner, Arctic Tern, AyjAy011, Cedar, DasSchnootz, De Martian, flaber, jogwi, Kai, kp, OceanMan, Patxepi, qazplm500, sagittarius998, Sean30303, sheepie, stathx, Tumnus, Urbanindy, voltaicwaffles, WizardGrape
Mackinac__MI, 9iner, Arctic Tern, AyjAy011, Bean, Bvarium, Cedar, Chicago Geographer, flaber, jogwi, Kai, kp, Norton, OceanMan, Patxepi, qazplm500, sagittarius998, Sean30303, sheepie, shin, stathx, stephner, Steve Lira, stupiddrew9, The Texan, Tumnus, Urbanindy, voltaicwaffles
Montgomery__MO, 9iner, Armadillo, Cascadia, DasSchnootz, dfshapir, EnzoDragon1, fladnag, IGotSap, jogwi, Jo™, mobambachloride, OKobern, Sean30303, shin, stupiddrew9, TommyTheMet, Tumnus, voltaicwaffles, WizardGrape, zenith
Callaway__MO, 9iner, Armadillo, Cascadia, DasSchnootz, dfshapir, EnzoDragon1, fladnag, IGotSap, jogwi, Jo™, Kai, mobambachloride, OKobern, Sean30303, sheepie, shin, stupiddrew9, The Texan, TommyTheMet, Tumnus, voltaicwaffles, WizardGrape, zenith
Saline__MO, 9iner, Armadillo, Cascadia, DasSchnootz, dfshapir, fladnag, IGotSap, Jo™, Kai, lostmyballs, mobambachloride, Sean30303, sheepie, shin, stupiddrew9, TommyTheMet, Tumnus, voltaicwaffles, zenith
Lafayette__MO, 9iner, Armadillo, Cascadia, DasSchnootz, dfshapir, fladnag, IGotSap, Jo™, Kai, mobambachloride, Sean30303, sheepie, shin, stupiddrew9, TommyTheMet, Tumnus, voltaicwaffles, zenith
Jackson__MO, 9iner, anthonys00, Apollobo, Arctic Tern, Armadillo, Bradinator, Cascadia, Chicago Geographer, corndog, DasSchnootz, De Martian, dfshapir, EnzoDragon1, fladnag, Geo, gurf, IGotSap, jogwi, Jo™, Kai, kp, lostmyballs, mobambachloride, muskox, Norton, OceanMan, OKobern, Popeetoes, Radians, Sean30303, sheepie, shin, stathx, Steve Lira, stupiddrew9, TommyTheMet, Tumnus, voltaicwaffles, zenith
Clay__MO, 9iner, anthonys00, Apollobo, Bradinator, Cascadia, Chicago Geographer, corndog, DasSchnootz, De Martian, dfshapir, EJ'sEmpire, EnzoDragon1, fladnag, Geo, IGotSap, jogwi, Kai, kp, lostmyballs, mobambachloride, muskox, OKobern, Radians, Sean30303, sheepie, shin, stathx, stupiddrew9, The Texan, Tumnus, zenith
Buchanan__MO, 9iner, aidenb1127, Cascadia, DasSchnootz, dfshapir, EJ'sEmpire, EnzoDragon1, IGotSap, jogwi, Kai, kp, mobambachloride, OceanMan, sheepie, shin, stathx, stupiddrew9, Tumnus, voltaicwaffles, zenith
Crawford__MO, 9iner, Apollobo, Armadillo, Chicago Geographer, DasSchnootz, dfshapir, Flame, jaydoo909, Jet, Kai, OKobern, Pendulous, phosphophyllite, Popeetoes, sheepie, shin, Steve Lira, The Texan, zenith
Phelps__MO, 9iner, Apollobo, Armadillo, Chicago Geographer, DasSchnootz, dfshapir, Flame, jaydoo909, Jet, Kai, OKobern, Pendulous, phosphophyllite, Popeetoes, sheepie, shin, Steve Lira, The Texan, zenith
Laclede__MO, 9iner, Apollobo, Armadillo, Chicago Geographer, DasSchnootz, dfshapir, Flame, jaydoo909, Jet, Kai, OKobern, Pendulous, phosphophyllite, Popeetoes, sheepie, shin, Steve Lira, The Texan, zenith
Christian__MO, 9iner, Chicago Geographer, corndog, dfshapir, EnzoDragon1, Flame, FlyingBro, IGotSap, Jet, jogwi, Kai, Kiribati, lostmyballs, OKobern, oracle-of-naivete, phosphophyllite, sheepie, shin, zenith
Taney__MO, 9iner, Chicago Geographer, corndog, dfshapir, EnzoDragon1, Flame, FlyingBro, IGotSap, Jet, jogwi, Kai, Kiribati, lostmyballs, oracle-of-naivete, shin, The Texan
Dent__MO, 9iner, dfshapir, Kai, phosphophyllite, sheepie, shin
Shannon__MO, 9iner, dfshapir, Kai, kp, phosphophyllite, sheepie, shin, Steve Lira, zenith
Randolph__MO, 9iner, dfshapir, EnzoDragon1, sheepie, shin, stupiddrew9, WizardGrape, zenith
Macon__MO, 9iner, Chicago Geographer, dfshapir, EnzoDragon1, jogwi, lostmyballs, Norton, Radians, Sean30303, sheepie, shin, stathx, stupiddrew9, voltaicwaffles, WizardGrape, zenith
Adair__MO, 9iner, dfshapir, EnzoDragon1, lostmyballs, Norton, sheepie, shin, stupiddrew9, WizardGrape, zenith
Washington__IL, 9iner, anthonys00, AyjAy011, Bvarium, Cascadia, dfshapir, EnzoDragon1, fbmdf1821, fladnag, Flame, IGotSap, Jet, jogwi, kp, nuclear ocelot, OKobern, shin, stathx, stupiddrew9, The Texan, voltaicwaffles, zenith
Jefferson__IL, 9iner, anthonys00, AyjAy011, Cascadia, Cedar, Chicago Geographer, DasSchnootz, dfshapir, EnzoDragon1, fbmdf1821, fladnag, Flame, IGotSap, Jet, jogwi, kp, nuclear ocelot, OKobern, Pendulous, Sean30303, shin, stathx, Steve Lira, stupiddrew9, The Texan, Urbanindy, voltaicwaffles, WizardGrape, zenith
Franklin__IL, 9iner, anthonys00, AyjAy011, Cedar, Chicago Geographer, DasSchnootz, dfshapir, fladnag, Flame, IGotSap, jogwi, kp, nuclear ocelot, Pendulous, Sean30303, shin, stathx, Steve Lira, stupiddrew9, The Texan, Urbanindy, voltaicwaffles, zenith
Williamson__IL, 9iner, anthonys00, AyjAy011, Cedar, Chicago Geographer, DasSchnootz, dfshapir, fladnag, Flame, IGotSap, jogwi, kp, nuclear ocelot, Pendulous, Sean30303, shin, stathx, Steve Lira, stupiddrew9, The Texan, Urbanindy, voltaicwaffles, zenith
Johnson__IL, 9iner, anthonys00, AyjAy011, Cedar, Chicago Geographer, DasSchnootz, dfshapir, fladnag, Flame, IGotSap, jogwi, kp, nuclear ocelot, Pendulous, Sean30303, shin, stathx, Steve Lira, stupiddrew9, The Texan, Urbanindy, voltaicwaffles, zenith
Massac__IL, 9iner, AJ, anthonys00, AyjAy011, Bvarium, Chicago Geographer, DasSchnootz, dfshapir, fladnag, Flame, IGotSap, jogwi, Kai, kp, nuclear ocelot, shin, stathx, stupiddrew9, The Texan, voltaicwaffles, zenith
McCracken__KY, 9iner, anthonys00, AyjAy011, Bvarium, Chicago Geographer, DasSchnootz, dfshapir, fladnag, Flame, IGotSap, jogwi, Kai, kp, phosphophyllite, sheepie, shin, stathx, stupiddrew9, The Texan, voltaicwaffles, zenith
Marshall__KY, 9iner, anthonys00, AyjAy011, Chicago Geographer, DasSchnootz, dfshapir, fladnag, Flame, IGotSap, jogwi, Kai, kp, phosphophyllite, sheepie, shin, stupiddrew9, The Texan, voltaicwaffles, zenith
Livingston__KY, 9iner, anthonys00, AyjAy011, Chicago Geographer, DasSchnootz, dfshapir, fladnag, Flame, IGotSap, jogwi, Kai, kp, phosphophyllite, sheepie, shin, stupiddrew9, The Texan, voltaicwaffles, zenith
Lyon__KY, 9iner, anthonys00, AyjAy011, Chicago Geographer, DasSchnootz, dfshapir, fladnag, Flame, IGotSap, jogwi, Kai, kp, phosphophyllite, sheepie, shin, stupiddrew9, The Texan, voltaicwaffles, zenith
Caldwell__KY, 9iner, anthonys00, AyjAy011, Chicago Geographer, DasSchnootz, dfshapir, fladnag, Flame, jogwi, Kai, kp, phosphophyllite, sheepie, shin, stupiddrew9, The Texan, voltaicwaffles
Trigg__KY, 9iner, aidenb1127, anthonys00, AyjAy011, Chicago Geographer, dfshapir, fladnag, Flame, IGotSap, jogwi, Kai, kp, phosphophyllite, sheepie, shin, stupiddrew9, The Texan, voltaicwaffles, zenith
Christian__KY, 9iner, aidenb1127, anthonys00, AyjAy011, Chicago Geographer, DasSchnootz, dfshapir, fladnag, Flame, IGotSap, jogwi, Kai, kp, phosphophyllite, sheepie, shin, stupiddrew9, The Texan, voltaicwaffles, WizardGrape, zenith
Montgomery__TN, 9iner, aidenb1127, anthonys00, AyjAy011, Chicago Geographer, DasSchnootz, dfshapir, fladnag, Flame, IGotSap, jogwi, Kai, kp, mobambachloride, nuclear ocelot, phosphophyllite, sheepie, shin, stupiddrew9, The Texan, voltaicwaffles, WizardGrape, zenith
Robertson__TN, 9iner, aidenb1127, anthonys00, Arctic Tern, Armadillo, AyjAy011, Cedar, Chicago Geographer, DasSchnootz, dfshapir, Diamond Armor Steve, fbmdf1821, fladnag, Flame, hateornges, IGotSap, Ivan, jaydoo909, jogwi, Kai, KlutchEZ, kp, Littleduck, mobambachloride, Norton, nuclear ocelot, OKobern, Paris_Labrador, Pendulous, phosphophyllite, Popeetoes, Radu, Sean30303, sheepie, shin, Steve Lira, stupiddrew9, The Texan, Urbanindy, voltaicwaffles, WizardGrape, zenith
Cheatham__TN, 9iner, aidenb1127, anthonys00, Arctic Tern, Armadillo, AyjAy011, Cedar, Chicago Geographer, dfshapir, fladnag, Flame, FlyingBro, hateornges, IGotSap, jaydoo909, jogwi, Kai, kp, mobambachloride, muskox, Norton, nuclear ocelot, OKobern, phosphophyllite, Popeetoes, Radians, sheepie, shin, stupiddrew9, voltaicwaffles, WizardGrape, zenith
Davidson__TN, 9iner, aidenb1127, AJ, anthonys00, Arctic Tern, Armadillo, AyjAy011, Cedar, Chicago Geographer, chirpn, DasSchnootz, De Martian, dfshapir, Diamond Armor Steve, EnzoDragon1, fbmdf1821, fladnag, Flame, FlyingBro, GeoGamr🇺🇦, hateornges, IGotSap, Ivan, jaydoo909, Jet, jogwi, Kai, KlutchEZ, kp, Littleduck, mobambachloride, muskox, Norton, nuclear ocelot, OKobern, Paris_Labrador, Pendulous, phosphophyllite, Popeetoes, Radians, Radu, Sean30303, sheepie, shin, soup, stathx, Steve Lira, stupiddrew9, The Texan, Urbanindy, voltaicwaffles, WizardGrape, zenith
Williamson__TN, 9iner, aidenb1127, Arctic Tern, AyjAy011, Cedar, Chicago Geographer, DasSchnootz, dfshapir, EnzoDragon1, fbmdf1821, fladnag, FlyingBro, GeoGamr🇺🇦, hateornges, IGotSap, jaydoo909, Jet, jogwi, KlutchEZ, kp, mobambachloride, muskox, Norton, nuclear ocelot, OKobern, Popeetoes, Radians, sheepie, shin, stupiddrew9, The Texan, Urbanindy, voltaicwaffles, zenith
Maury__TN, 9iner, aidenb1127, AJ, Arctic Tern, Chicago Geographer, DasSchnootz, EnzoDragon1, fbmdf1821, fladnag, GeoGamr🇺🇦, hateornges, IGotSap, Jet, jogwi, KlutchEZ, kp, nuclear ocelot, shin, stupiddrew9, Urbanindy
Marshall__TN, 9iner, aidenb1127, Arctic Tern, Chicago Geographer, fbmdf1821, GeoGamr🇺🇦, hateornges, IGotSap, jogwi, KlutchEZ, kp, nuclear ocelot, shin, stupiddrew9, Urbanindy
Giles__TN, 9iner, aidenb1127, Arctic Tern, Chicago Geographer, EnzoDragon1, fbmdf1821, GeoGamr🇺🇦, hateornges, IGotSap, jogwi, KlutchEZ, kp, nuclear ocelot, sheepie, shin, stupiddrew9, Urbanindy
Limestone__AL, 9iner, aidenb1127, Arctic Tern, Chicago Geographer, EnzoDragon1, fbmdf1821, GeoGamr🇺🇦, hateornges, IGotSap, jogwi, KlutchEZ, kp, mobambachloride, muskox, sheepie, shin, stupiddrew9, The Texan, Urbanindy, zenith
Morgan__AL, 9iner, aidenb1127, Arctic Tern, Chicago Geographer, EnzoDragon1, fbmdf1821, GeoGamr🇺🇦, hateornges, IGotSap, jogwi, KlutchEZ, kp, mobambachloride, shin, stupiddrew9, The Texan, Urbanindy, zenith
Cullman__AL, 9iner, aidenb1127, Arctic Tern, Chicago Geographer, EnzoDragon1, fbmdf1821, GeoGamr🇺🇦, hateornges, IGotSap, jogwi, KlutchEZ, kp, mobambachloride, shin, stupiddrew9, Urbanindy
Blount__AL, 9iner, aidenb1127, Arctic Tern, Chicago Geographer, dfshapir, EnzoDragon1, fbmdf1821, GeoGamr🇺🇦, hateornges, IGotSap, jogwi, KlutchEZ, kp, mobambachloride, shin, stupiddrew9, Urbanindy
Jefferson__AL, 9iner, aidenb1127, Arctic Tern, Cascadia, Chicago Geographer, chirpn, crownedkinggame, dfshapir, EnzoDragon1, fbmdf1821, fladnag, FlyingBro, GeoGamr🇺🇦, hateornges, IGotSap, jaydoo909, Jet, jogwi, Jo™, Kai, KlutchEZ, kp, mobambachloride, muskox, Norton, OKobern, Radu, sagittarius998, shin, stathx, stupiddrew9, Tumnus, Urbanindy, voltaicwaffles, zenith
Shelby__AL, 9iner, Chicago Geographer, crownedkinggame, fbmdf1821, GeoGamr🇺🇦, hateornges, IGotSap, Jet, jogwi, Kai, KlutchEZ, kp, mobambachloride, OKobern, shin, stathx, stupiddrew9, zenith
Chilton__AL, 9iner, Chicago Geographer, crownedkinggame, dfshapir, GeoGamr🇺🇦, hateornges, IGotSap, jogwi, Kai, KlutchEZ, kp, mobambachloride, OKobern, shin, stathx, stupiddrew9, zenith
Autauga__AL, 9iner, Chicago Geographer, crownedkinggame, dfshapir, GeoGamr🇺🇦, hateornges, IGotSap, jogwi, Kai, KlutchEZ, kp, mobambachloride, OKobern, shin, stathx, stupiddrew9, zenith
Montgomery__AL, 9iner, Arctic Tern, Armadillo, Chicago Geographer, crownedkinggame, dfshapir, FlyingBro, GeoGamr🇺🇦, hateornges, IGotSap, Jet, jogwi, Kai, KlutchEZ, kp, mobambachloride, OKobern, phosphophyllite, sagittarius998, sheepie, shin, stathx, stupiddrew9, voltaicwaffles, zenith
Lowndes__AL, 9iner, Arctic Tern, Armadillo, Chicago Geographer, crownedkinggame, dfshapir, FlyingBro, GeoGamr🇺🇦, hateornges, Jet, jogwi, KlutchEZ, mobambachloride, phosphophyllite, sagittarius998, sheepie, shin, stathx, stupiddrew9, voltaicwaffles
Butler__AL, 9iner, Armadillo, Chicago Geographer, crownedkinggame, FlyingBro, GeoGamr🇺🇦, hateornges, Jet, jogwi, KlutchEZ, mobambachloride, phosphophyllite, sagittarius998, sheepie, shin, stathx, stupiddrew9, voltaicwaffles
Conecuh__AL, 9iner, Armadillo, Ava, Chicago Geographer, crownedkinggame, FlyingBro, GeoGamr🇺🇦, hateornges, Jet, jogwi, KlutchEZ, mobambachloride, phosphophyllite, sagittarius998, sheepie, shin, stathx, stupiddrew9, voltaicwaffles
Covington__AL, 9iner, Ava, Chicago Geographer, GeoGamr🇺🇦, Jet, jogwi, KlutchEZ, kp, MKA, shin, stathx, stupiddrew9
Okaloosa__FL, 9iner, Armadillo, Ava, GeoGamr🇺🇦, IGotSap, jaydoo909, Jet, jogwi, KlutchEZ, MKA, mobambachloride, nuclear ocelot, OceanMan, OKobern, oracle-of-naivete, Piglee, Popeetoes, Radians, Sean30303, shin, stathx, stupiddrew9, The Texan, zenith
Walton__FL, 9iner, Armadillo, Ava, Chicago Geographer, GeoGamr🇺🇦, IGotSap, jaydoo909, Jet, jogwi, kp, MKA, mobambachloride, nuclear ocelot, OceanMan, OKobern, oracle-of-naivete, Piglee, Popeetoes, Radians, Sean30303, shin, stathx, stupiddrew9, The Texan, zenith
Bay__FL, 9iner, Ava, hateornges, jogwi, KlutchEZ, kp, nuclear ocelot, OKobern, oracle-of-naivete, shin, stupiddrew9, Urbanindy
Scott__MO, 9iner, Bvarium, Chicago Geographer, dfshapir, jaydoo909, jogwi, Kai, lostmyballs, Pendulous, phosphophyllite, Sean30303, sheepie, shin, stupiddrew9, Urbanindy, zenith
New_Madrid__MO, 9iner, Bvarium, Cedar, Chicago Geographer, dfshapir, jaydoo909, jogwi, Kai, kp, lostmyballs, Pendulous, phosphophyllite, Sean30303, sheepie, shin, Steve Lira, stupiddrew9, The Texan, Urbanindy, zenith
Pemiscot__MO, 9iner, Bvarium, Cedar, Chicago Geographer, dfshapir, fladnag, jogwi, lostmyballs, Pendulous, Sean30303, shin, Steve Lira, stupiddrew9, The Texan, Urbanindy, zenith
Mississippi__AR, 9iner, Bvarium, Cedar, Chicago Geographer, DasSchnootz, dfshapir, jogwi, lostmyballs, Pendulous, Sean30303, shin, stathx, Steve Lira, stupiddrew9, The Texan, Urbanindy, zenith
Crittenden__AR, 9iner, aidenb1127, Arctic Tern, Armadillo, Bvarium, Cedar, Chicago Geographer, DasSchnootz, dfshapir, fladnag, FlyingBro, GeoGamr🇺🇦, hateornges, IGotSap, jaydoo909, jogwi, Kai, KlutchEZ, kp, lostmyballs, mobambachloride, muskox, Norton, OKobern, oracle-of-naivete, Pendulous, Popeetoes, Radians, Sean30303, shin, stathx, Steve Lira, stupiddrew9, The Texan, Tumnus, Urbanindy, voltaicwaffles, zenith
Shelby__TN, 9iner, aidenb1127, AJ, Arctic Tern, Armadillo, Bvarium, Cedar, Chicago Geographer, DasSchnootz, dfshapir, fladnag, FlyingBro, GeoGamr🇺🇦, hateornges, IGotSap, jaydoo909, jogwi, Kai, KlutchEZ, kp, lostmyballs, mobambachloride, muskox, Norton, nuclear ocelot, OKobern, oracle-of-naivete, Pendulous, Popeetoes, Radians, Sean30303, sheepie, shin, stephner, Steve Lira, stupiddrew9, The Texan, Tumnus, Urbanindy, voltaicwaffles, zenith
DeSoto__MS, 9iner, aidenb1127, Cedar, Chicago Geographer, DasSchnootz, dfshapir, GeoGamr🇺🇦, hateornges, IGotSap, jaydoo909, jogwi, Kai, KlutchEZ, kp, lostmyballs, mobambachloride, muskox, OKobern, Pendulous, Sean30303, sheepie, shin, Steve Lira, stupiddrew9, The Texan, Tumnus, zenith
Marshall__MS, 9iner, Bvarium, Chicago Geographer, DasSchnootz, dfshapir, GeoGamr🇺🇦, jogwi, Kai, KlutchEZ, muskox, OKobern, shin, The Texan, Tumnus, zenith
Benton__MS, 9iner, Bvarium, DasSchnootz, dfshapir, GeoGamr🇺🇦, jogwi, Kai, KlutchEZ, muskox, OKobern, shin, The Texan, Tumnus, zenith
Union__MS, 9iner, Bvarium, dfshapir, GeoGamr🇺🇦, Jet, jogwi, Kai, muskox, OKobern, shin, Tumnus, zenith
Pontotoc__MS, 9iner, Bvarium, dfshapir, GeoGamr🇺🇦, Jet, jogwi, Kai, mobambachloride, muskox, OKobern, shin, Tumnus, zenith
Lee__MS, 9iner, Bvarium, Chicago Geographer, dfshapir, GeoGamr🇺🇦, Jet, jogwi, Kai, muskox, OKobern, shin, stupiddrew9, Tumnus, zenith
Itawamba__MS, 9iner, Bvarium, Chicago Geographer, GeoGamr🇺🇦, Jet, jogwi, Kai, muskox, OKobern, shin, stupiddrew9, Tumnus, zenith
Marion__AL, 9iner, Bvarium, Chicago Geographer, GeoGamr🇺🇦, jogwi, Kai, KlutchEZ, muskox, OKobern, shin, stupiddrew9, The Texan, Tumnus, zenith
Walker__AL, 9iner, Chicago Geographer, dfshapir, GeoGamr🇺🇦, Jet, jogwi, Kai, KlutchEZ, muskox, OKobern, shin, stupiddrew9, Tumnus, zenith
Crenshaw__AL, 9iner, Chicago Geographer, GeoGamr🇺🇦, jogwi, kp, OKobern, shin, stathx, stupiddrew9
Madison__MO, 9iner, dfshapir, Flame, phosphophyllite, sheepie, shin, The Texan
Wayne__MO, 9iner, dfshapir, Flame, Jet, phosphophyllite, sagittarius998, sheepie, shin, Steve Lira, The Texan
Butler__MO, 9iner, dfshapir, Flame, jaydoo909, Jet, Kai, kp, Pendulous, sagittarius998, shin, The Texan, zenith
Clay__AR, 9iner, dfshapir, fladnag, Flame, Jet, Pendulous, sagittarius998, shin, stupiddrew9, The Texan, zenith
Randolph__AR, 9iner, Chicago Geographer, Flame, jaydoo909, Jet, jogwi, Kai, oracle-of-naivete, Pendulous, sagittarius998, shin, The Texan, zenith
Lawrence__AR, 9iner, Chicago Geographer, Flame, jaydoo909, Jet, jogwi, Kai, oracle-of-naivete, Pendulous, sagittarius998, shin, The Texan, zenith
Craighead__AR, 9iner, Chicago Geographer, dfshapir, jaydoo909, jogwi, Kai, mobambachloride, oracle-of-naivete, Pendulous, shin, stathx, zenith
Jackson__AR, 9iner, Chicago Geographer, dfshapir, Flame, jaydoo909, Jet, Pendulous, sagittarius998, shin, stathx, The Texan, zenith
White__AR, 9iner, Chicago Geographer, dfshapir, Flame, jaydoo909, Jet, jogwi, muskox, Pendulous, sagittarius998, shin, stathx, The Texan, zenith
Lonoke__AR, 9iner, aidenb1127, Arctic Tern, Armadillo, Chicago Geographer, dfshapir, fladnag, Flame, FlyingBro, GeoGamr🇺🇦, hateornges, IGotSap, jaydoo909, Jet, jogwi, KlutchEZ, kp, muskox, Norton, OKobern, oracle-of-naivete, Pendulous, Popeetoes, Radians, sagittarius998, shin, stathx, Steve Lira, stupiddrew9, The Texan, Tumnus, voltaicwaffles, zenith
Pulaski__AR, 9iner, aidenb1127, Arctic Tern, Armadillo, Chicago Geographer, chirpn, dfshapir, EnzoDragon1, fladnag, Flame, FlyingBro, GeoGamr🇺🇦, hateornges, IGotSap, jaydoo909, Jet, jogwi, Kai, KlutchEZ, kp, lostmyballs, muskox, Norton, OKobern, oracle-of-naivete, Pendulous, Popeetoes, Radians, sagittarius998, shin, stathx, Steve Lira, stupiddrew9, The Texan, Tumnus, voltaicwaffles, VS4GdqaYdYYrmBIMj1ab, zenith
Saline__AR, 9iner, Arctic Tern, Armadillo, Chicago Geographer, dfshapir, EnzoDragon1, fladnag, Flame, FlyingBro, GeoGamr🇺🇦, hateornges, jaydoo909, Jet, jogwi, Kai, KlutchEZ, kp, lostmyballs, Norton, oracle-of-naivete, Pendulous, Popeetoes, Radians, sagittarius998, shin, stathx, Steve Lira, stupiddrew9, The Texan, voltaicwaffles, VS4GdqaYdYYrmBIMj1ab, zenith
Hot_Spring__AR, 9iner, Arctic Tern, Armadillo, Cascadia, Chicago Geographer, dfshapir, EnzoDragon1, fladnag, Flame, FlyingBro, GeoGamr🇺🇦, hateornges, jaydoo909, Jet, jogwi, Kai, KlutchEZ, kp, lostmyballs, OKobern, oracle-of-naivete, Pendulous, Popeetoes, Radians, sagittarius998, shin, stathx, Steve Lira, stupiddrew9, The Texan, voltaicwaffles, VS4GdqaYdYYrmBIMj1ab
Clark__AR, 9iner, Arctic Tern, Armadillo, Chicago Geographer, dfshapir, EnzoDragon1, fladnag, Flame, FlyingBro, hateornges, jaydoo909, Jet, jogwi, Kai, KlutchEZ, kp, lostmyballs, oracle-of-naivete, Pendulous, Popeetoes, Radians, sagittarius998, shin, stathx, Steve Lira, stupiddrew9, The Texan, voltaicwaffles, VS4GdqaYdYYrmBIMj1ab
Nevada__AR, 9iner, Arctic Tern, Armadillo, Chicago Geographer, chirpn, dfshapir, EnzoDragon1, fladnag, Flame, FlyingBro, hateornges, jaydoo909, Jet, jogwi, Kai, kp, lostmyballs, OKobern, oracle-of-naivete, Pendulous, Popeetoes, Radians, sagittarius998, shin, Steve Lira, stupiddrew9, The Texan, voltaicwaffles, VS4GdqaYdYYrmBIMj1ab
Hempstead__AR, 9iner, Arctic Tern, Armadillo, Chicago Geographer, chirpn, dfshapir, EnzoDragon1, fladnag, Flame, FlyingBro, hateornges, jaydoo909, Jet, jogwi, Kai, KlutchEZ, kp, lostmyballs, OKobern, oracle-of-naivete, Pendulous, Popeetoes, Radians, sagittarius998, shin, Steve Lira, stupiddrew9, The Texan, voltaicwaffles, VS4GdqaYdYYrmBIMj1ab, zenith
Miller__AR, 9iner, Arctic Tern, Armadillo, Ava, AyjAy011, Chicago Geographer, chirpn, dfshapir, EnzoDragon1, fladnag, Flame, FlyingBro, hateornges, jaydoo909, Jet, jogwi, Kai, KlutchEZ, kp, lostmyballs, muskox, OKobern, oracle-of-naivete, Pencil Vulture, Pendulous, Popeetoes, Radians, sagittarius998, Sean30303, sheepie, shin, stathx, Steve Lira, stupiddrew9, The Texan, voltaicwaffles, VS4GdqaYdYYrmBIMj1ab, zenith
Bowie__TX, 9iner, Arctic Tern, Armadillo, Ava, AyjAy011, Chicago Geographer, chirpn, dfshapir, EnzoDragon1, fladnag, Flame, FlyingBro, hateornges, jaydoo909, Jet, jogwi, KlutchEZ, kp, muskox, OKobern, oracle-of-naivete, Pencil Vulture, Pendulous, Popeetoes, Radians, sagittarius998, sheepie, shin, stathx, Steve Lira, stupiddrew9, The Texan, voltaicwaffles, VS4GdqaYdYYrmBIMj1ab, zenith
Morris__TX, 9iner, Arctic Tern, Armadillo, Ava, AyjAy011, Chicago Geographer, chirpn, fladnag, FlyingBro, jaydoo909, Jet, jogwi, KlutchEZ, kp, muskox, OKobern, oracle-of-naivete, Pencil Vulture, Popeetoes, Radians, Sean30303, sheepie, shin, stathx, Steve Lira, stupiddrew9, The Texan, voltaicwaffles, VS4GdqaYdYYrmBIMj1ab, zenith
Titus__TX, 9iner, Arctic Tern, Armadillo, Ava, AyjAy011, Chicago Geographer, chirpn, EJ'sEmpire, fladnag, FlyingBro, jaydoo909, Jet, jogwi, KlutchEZ, kp, muskox, OKobern, oracle-of-naivete, Pencil Vulture, Popeetoes, Radians, Sean30303, sheepie, shin, stathx, Steve Lira, stupiddrew9, The Texan, voltaicwaffles, VS4GdqaYdYYrmBIMj1ab, zenith
Franklin__TX, 9iner, Arctic Tern, Armadillo, Ava, AyjAy011, Chicago Geographer, chirpn, EJ'sEmpire, fladnag, FlyingBro, jaydoo909, Jet, jogwi, KlutchEZ, kp, muskox, OKobern, oracle-of-naivete, Pencil Vulture, Popeetoes, Radians, Sean30303, sheepie, shin, stathx, Steve Lira, stupiddrew9, The Texan, voltaicwaffles, VS4GdqaYdYYrmBIMj1ab, zenith
Hopkins__TX, 9iner, Arctic Tern, Armadillo, Ava, AyjAy011, Chicago Geographer, chirpn, EJ'sEmpire, fladnag, FlyingBro, jaydoo909, Jet, jogwi, KlutchEZ, kp, muskox, oracle-of-naivete, Pencil Vulture, Popeetoes, Radians, Sean30303, sheepie, shin, stathx, stupiddrew9, The Texan, Tumnus, voltaicwaffles, VS4GdqaYdYYrmBIMj1ab, zenith
Hunt__TX, 9iner, Arctic Tern, Armadillo, Ava, AyjAy011, Chicago Geographer, chirpn, EJ'sEmpire, fladnag, FlyingBro, jaydoo909, Jet, jogwi, KlutchEZ, kp, muskox, OKobern, oracle-of-naivete, Pencil Vulture, Popeetoes, Radians, sagittarius998, Sean30303, sheepie, shin, stathx, stupiddrew9, The Texan, voltaicwaffles, VS4GdqaYdYYrmBIMj1ab, zenith
Kaufman__TX, 9iner, Armadillo, Ava, chirpn, dfshapir, jaydoo909, Jet, jogwi, Kai, muskox, OKobern, phosphophyllite, Popeetoes, Radians, sagittarius998, shin, stathx, stupiddrew9, Tumnus, voltaicwaffles, VS4GdqaYdYYrmBIMj1ab, zenith
Dallas__TX, 9iner, anthonys00, Arctic Tern, Armadillo, Ava, AyjAy011, bam, Chicago Geographer, chirpn, DasSchnootz, De Martian, dfshapir, Diamond Armor Steve, EJ'sEmpire, flaber, fladnag, Flame, FlyingBro, Geo, GeoGamr🇺🇦, hateornges, IGotSap, Ivan, jaydoo909, Jet, jogwi, Jo™, Kai, Kiribati, KlutchEZ, kp, MKA, mobambachloride, muskox, Norton, OKobern, oracle-of-naivete, Paris_Labrador, Patxepi, Pencil Vulture, phosphophyllite, Popeetoes, Radians, Radu, sagittarius998, Sean30303, sheepie, shin, stathx, Steve Lira, stupiddrew9, The Texan, TheScooterBuskie, Tumnus, voltaicwaffles, VS4GdqaYdYYrmBIMj1ab, zenith
Ellis__TX, 9iner, Ava, AyjAy011, chirpn, DasSchnootz, dfshapir, fladnag, Flame, FlyingBro, Geo, IGotSap, jaydoo909, Jet, jogwi, Kai, muskox, OKobern, Pencil Vulture, Popeetoes, Radians, Radu, sagittarius998, sheepie, shin, stathx, Steve Lira, The Texan, TheScooterBuskie, Tumnus, voltaicwaffles, VS4GdqaYdYYrmBIMj1ab, zenith
Hill__TX, 9iner, Armadillo, chirpn, DasSchnootz, dfshapir, fladnag, Flame, FlyingBro, Geo, GeoGamr🇺🇦, IGotSap, jaydoo909, Jet, jogwi, Kai, kp, OKobern, Popeetoes, Radians, sagittarius998, sheepie, shin, stathx, Steve Lira, stupiddrew9, The Texan, TheScooterBuskie, Tumnus, voltaicwaffles, VS4GdqaYdYYrmBIMj1ab, zenith
McLennan__TX, 9iner, Armadillo, Chicago Geographer, chirpn, DasSchnootz, dfshapir, fladnag, Flame, FlyingBro, Geo, GeoGamr🇺🇦, IGotSap, jaydoo909, Jet, jogwi, Kai, kp, muskox, OKobern, Popeetoes, Radians, sagittarius998, sheepie, shin, stathx, Steve Lira, stupiddrew9, The Texan, TheScooterBuskie, Tumnus, voltaicwaffles, VS4GdqaYdYYrmBIMj1ab, zenith
Falls__TX, 9iner, Armadillo, Chicago Geographer, fladnag, Flame, FlyingBro, GeoGamr🇺🇦, IGotSap, jaydoo909, Jet, jogwi, Kai, kp, muskox, OKobern, Popeetoes, Radians, sagittarius998, sheepie, shin, stathx, Steve Lira, stupiddrew9, The Texan, Tumnus, voltaicwaffles, VS4GdqaYdYYrmBIMj1ab, zenith
Bell__TX, 9iner, Armadillo, Chicago Geographer, chirpn, DasSchnootz, fladnag, Flame, FlyingBro, Geo, GeoGamr🇺🇦, IGotSap, jaydoo909, Jet, jogwi, Kai, kp, muskox, OKobern, Pencil Vulture, Popeetoes, Radians, sagittarius998, sheepie, shin, stathx, Steve Lira, The Texan, TheScooterBuskie, Tumnus, voltaicwaffles, VS4GdqaYdYYrmBIMj1ab, zenith
Williamson__TX, 9iner, Armadillo, Chicago Geographer, chirpn, DasSchnootz, flaber, fladnag, Flame, FlyingBro, GeoGamr🇺🇦, IGotSap, jaydoo909, Jet, jogwi, Kai, kp, lostmyballs, muskox, OKobern, Pencil Vulture, Popeetoes, Radians, sagittarius998, sheepie, shin, stathx, Steve Lira, The Texan, TheScooterBuskie, Tumnus, voltaicwaffles, VS4GdqaYdYYrmBIMj1ab, zenith
Travis__TX, 9iner, Arctic Tern, Armadillo, Ava, AyjAy011, Chicago Geographer, chirpn, chupoxag, DasSchnootz, De Martian, Diamond Armor Steve, flaber, fladnag, Flame, FlyingBro, GeoGamr🇺🇦, gurf, IGotSap, jaydoo909, JayVerti, Jet, jogwi, Kai, kp, lostmyballs, muskox, Norton, OKobern, Pencil Vulture, phosphophyllite, Piglee, Popeetoes, Radians, sagittarius998, sheepie, shin, stathx, stephner, Steve Lira, stupiddrew9, The Texan, TheScooterBuskie, Tumnus, UCLA_Jesus, voltaicwaffles, VS4GdqaYdYYrmBIMj1ab, zenith
Hays__TX, 9iner, Arctic Tern, Armadillo, Ava, AyjAy011, Chicago Geographer, chirpn, EnzoDragon1, fladnag, Flame, FlyingBro, GeoGamr🇺🇦, gurf, IGotSap, jaydoo909, JayVerti, Jet, jogwi, Kai, kp, lostmyballs, muskox, Norton, OKobern, Pencil Vulture, phosphophyllite, Popeetoes, sagittarius998, sheepie, shin, stathx, Steve Lira, stupiddrew9, The Texan, TheScooterBuskie, Tumnus, voltaicwaffles, VS4GdqaYdYYrmBIMj1ab, zenith
Comal__TX, 9iner, Arctic Tern, Armadillo, Ava, AyjAy011, Chicago Geographer, chirpn, EnzoDragon1, fladnag, Flame, FlyingBro, GeoGamr🇺🇦, gurf, IGotSap, jaydoo909, JayVerti, Jet, jogwi, Kai, kp, lostmyballs, muskox, OceanMan, OKobern, oracle-of-naivete, Pencil Vulture, phosphophyllite, Popeetoes, sheepie, shin, stathx, Steve Lira, stupiddrew9, The Texan, TheScooterBuskie, Tumnus, voltaicwaffles, VS4GdqaYdYYrmBIMj1ab, zenith
Guadalupe__TX, 9iner, Arctic Tern, Armadillo, Ava, AyjAy011, Chicago Geographer, chirpn, EnzoDragon1, Flame, FlyingBro, GeoGamr🇺🇦, gurf, IGotSap, jaydoo909, JayVerti, Jet, Kai, kp, lostmyballs, MKA, muskox, OceanMan, OKobern, oracle-of-naivete, Pencil Vulture, phosphophyllite, Popeetoes, Radians, sheepie, shin, stathx, Steve Lira, stupiddrew9, The Texan, TheScooterBuskie, Tumnus, voltaicwaffles, VS4GdqaYdYYrmBIMj1ab, zenith
Bexar__TX, 9iner, Arctic Tern, Armadillo, Ava, AyjAy011, bam, Chicago Geographer, chirpn, crownedkinggame, dfshapir, EnzoDragon1, Flame, FlyingBro, GeoGamr🇺🇦, gurf, IGotSap, jaydoo909, JayVerti, Jet, jogwi, Kai, kp, lostmyballs, MKA, muskox, OceanMan, OKobern, oracle-of-naivete, Pencil Vulture, phosphophyllite, Popeetoes, Radians, sheepie, shin, stathx, Steve Lira, stupiddrew9, The Texan, TheScooterBuskie, Tumnus, voltaicwaffles, VS4GdqaYdYYrmBIMj1ab, zenith
Atascosa__TX, 9iner, Armadillo, Ava, AyjAy011, Chicago Geographer, chirpn, EnzoDragon1, FlyingBro, gurf, IGotSap, jaydoo909, JayVerti, Jet, muskox, OKobern, Pencil Vulture, phosphophyllite, Popeetoes, sheepie, shin, stathx, Steve Lira, stupiddrew9, TheScooterBuskie, VS4GdqaYdYYrmBIMj1ab, zenith
Live_Oak__TX, 9iner, Armadillo, Ava, AyjAy011, Chicago Geographer, chirpn, EnzoDragon1, FlyingBro, gurf, IGotSap, jaydoo909, JayVerti, Jet, muskox, OKobern, Pencil Vulture, phosphophyllite, Popeetoes, sheepie, shin, stathx, Steve Lira, stupiddrew9, TheScooterBuskie, VS4GdqaYdYYrmBIMj1ab, zenith
San_Patricio__TX, 9iner, Armadillo, Ava, AyjAy011, Chicago Geographer, chirpn, EnzoDragon1, FlyingBro, gurf, IGotSap, jaydoo909, JayVerti, Jet, muskox, OKobern, Pencil Vulture, phosphophyllite, Popeetoes, Radians, sheepie, shin, stathx, Steve Lira, stupiddrew9, The Texan, TheScooterBuskie, zenith
Nueces__TX, 9iner, Armadillo, Ava, AyjAy011, Chicago Geographer, chirpn, EnzoDragon1, FlyingBro, gurf, IGotSap, jaydoo909, JayVerti, Jet, muskox, OKobern, Pencil Vulture, phosphophyllite, Popeetoes, Radians, sheepie, shin, stathx, Steve Lira, stupiddrew9, The Texan, TheScooterBuskie, zenith
Kleberg__TX, 9iner, Armadillo, Ava, AyjAy011, Chicago Geographer, chirpn, FlyingBro, gurf, IGotSap, jaydoo909, JayVerti, Jet, muskox, OKobern, Pencil Vulture, phosphophyllite, Popeetoes, Radians, sheepie, shin, stathx, Steve Lira, stupiddrew9, TheScooterBuskie
Kenedy__TX, 9iner, Ava, AyjAy011, Chicago Geographer, chirpn, FlyingBro, gurf, jaydoo909, JayVerti, muskox, OKobern, Pencil Vulture, phosphophyllite, Popeetoes, sheepie, shin, stathx, stupiddrew9
Willacy__TX, 9iner, Ava, AyjAy011, Chicago Geographer, chirpn, FlyingBro, gurf, jaydoo909, JayVerti, muskox, OKobern, Pencil Vulture, phosphophyllite, Popeetoes, sheepie, shin, stathx, stupiddrew9
Cameron__TX, 9iner, Armadillo, Ava, AyjAy011, Chicago Geographer, chirpn, FlyingBro, Geo, gurf, jaydoo909, JayVerti, muskox, OKobern, Pencil Vulture, phosphophyllite, Popeetoes, sheepie, shin, stathx, stupiddrew9
Bee__TX, 9iner, Ava, AyjAy011, Chicago Geographer, chirpn, FlyingBro, gurf, IGotSap, jaydoo909, JayVerti, Jet, muskox, Pencil Vulture, phosphophyllite, Popeetoes, sheepie, shin, stathx, stupiddrew9, The Texan
Karnes__TX, 9iner, Ava, AyjAy011, Chicago Geographer, chirpn, FlyingBro, gurf, IGotSap, jaydoo909, JayVerti, Jet, muskox, Pencil Vulture, phosphophyllite, Popeetoes, sheepie, shin, stathx, stupiddrew9, The Texan
Wilson__TX, 9iner, Ava, AyjAy011, Chicago Geographer, FlyingBro, gurf, IGotSap, jaydoo909, JayVerti, Jet, muskox, Pencil Vulture, phosphophyllite, Popeetoes, sheepie, shin, stathx, stupiddrew9, The Texan
Gonzales__TX, 9iner, Ava, Chicago Geographer, chirpn, Flame, FlyingBro, IGotSap, jaydoo909, JayVerti, Jet, MKA, muskox, OceanMan, oracle-of-naivete, Pencil Vulture, Popeetoes, Radians, shin, stathx, Steve Lira, The Texan, Tumnus, VS4GdqaYdYYrmBIMj1ab, zenith
Caldwell__TX, 9iner, Chicago Geographer, chirpn, Flame, FlyingBro, gurf, IGotSap, jaydoo909, JayVerti, Jet, kp, MKA, muskox, OceanMan, Pencil Vulture, Popeetoes, Radians, sagittarius998, shin, stathx, Steve Lira, The Texan, Tumnus, VS4GdqaYdYYrmBIMj1ab, zenith
Collin__TX, 9iner, AJ, Ava, AyjAy011, corndog, DasSchnootz, dfshapir, EJ'sEmpire, Flame, FlyingBro, IGotSap, jaydoo909, Jet, jogwi, Kai, mobambachloride, muskox, OKobern, Pencil Vulture, Popeetoes, sagittarius998, sheepie, shin, stathx, Steve Lira, stupiddrew9, The Texan, TheScooterBuskie, Tumnus, VS4GdqaYdYYrmBIMj1ab, zenith
Grayson__TX, 9iner, Ava, AyjAy011, corndog, DasSchnootz, dfshapir, IGotSap, jaydoo909, Jet, Kai, mobambachloride, muskox, OKobern, Pencil Vulture, Popeetoes, sagittarius998, sheepie, shin, stathx, Steve Lira, The Texan, VS4GdqaYdYYrmBIMj1ab, zenith
Bryan__OK, 9iner, Ava, corndog, DasSchnootz, dfshapir, IGotSap, jaydoo909, Jet, Kai, mobambachloride, muskox, OKobern, Popeetoes, sagittarius998, shin, stathx, Steve Lira, The Texan, VS4GdqaYdYYrmBIMj1ab, zenith
Atoka__OK, 9iner, Ava, corndog, DasSchnootz, dfshapir, IGotSap, jaydoo909, Jet, Kai, mobambachloride, muskox, OKobern, Popeetoes, shin, stathx, Steve Lira, The Texan, Tumnus, VS4GdqaYdYYrmBIMj1ab, zenith
Pittsburg__OK, 9iner, corndog, DasSchnootz, dfshapir, jaydoo909, Jet, Kai, muskox, OKobern, Popeetoes, shin, stathx, Steve Lira, The Texan, Tumnus, VS4GdqaYdYYrmBIMj1ab, zenith
McIntosh__OK, 9iner, aidenb1127, corndog, DasSchnootz, dfshapir, GeoGamr🇺🇦, jaydoo909, Jet, jogwi, Kai, kp, muskox, OKobern, oracle-of-naivete, Popeetoes, shin, stathx, Steve Lira, The Texan, Tumnus, voltaicwaffles, VS4GdqaYdYYrmBIMj1ab, zenith
Muskogee__OK, 9iner, aidenb1127, Cascadia, corndog, DasSchnootz, dfshapir, GeoGamr🇺🇦, Jet, jogwi, Kai, kp, muskox, OKobern, oracle-of-naivete, Popeetoes, shin, stathx, Steve Lira, The Texan, Tumnus, voltaicwaffles, VS4GdqaYdYYrmBIMj1ab, zenith
Wagoner__OK, 9iner, Armadillo, Cascadia, Chicago Geographer, corndog, DasSchnootz, dfshapir, Flame, jaydoo909, Jet, jogwi, Kai, kp, muskox, OKobern, oracle-of-naivete, phosphophyllite, Popeetoes, sheepie, shin, stathx, The Texan, Tumnus, VS4GdqaYdYYrmBIMj1ab, zenith
Mayes__OK, 9iner, Armadillo, Chicago Geographer, corndog, DasSchnootz, dfshapir, Flame, FlyingBro, jaydoo909, Jet, Kai, kp, mobambachloride, muskox, OceanMan, OKobern, oracle-of-naivete, phosphophyllite, Popeetoes, sheepie, shin, stathx, The Texan, Tumnus, VS4GdqaYdYYrmBIMj1ab, zenith
Craig__OK, 9iner, Armadillo, Chicago Geographer, corndog, DasSchnootz, dfshapir, Flame, FlyingBro, IGotSap, jaydoo909, Jet, Kai, kp, mobambachloride, muskox, OceanMan, OKobern, oracle-of-naivete, Pendulous, phosphophyllite, Popeetoes, sheepie, shin, stathx, Steve Lira, The Texan, Tumnus, zenith
Ottawa__OK, 9iner, Armadillo, Chicago Geographer, corndog, DasSchnootz, dfshapir, EnzoDragon1, Flame, FlyingBro, IGotSap, jaydoo909, Jet, Kai, kp, mobambachloride, muskox, OceanMan, OKobern, oracle-of-naivete, Pendulous, phosphophyllite, Popeetoes, sheepie, shin, stathx, Steve Lira, The Texan, Tumnus, zenith
Newton__MO, 9iner, Armadillo, Chicago Geographer, corndog, DasSchnootz, dfshapir, EnzoDragon1, Flame, FlyingBro, IGotSap, jaydoo909, Jet, jogwi, Kai, kp, mobambachloride, muskox, OKobern, oracle-of-naivete, Pendulous, phosphophyllite, Popeetoes, Radians, sheepie, shin, Steve Lira, The Texan, Tumnus, zenith
Jasper__MO, 9iner, Armadillo, Chicago Geographer, corndog, DasSchnootz, dfshapir, EnzoDragon1, Flame, FlyingBro, IGotSap, jaydoo909, Jet, jogwi, Kai, kp, mobambachloride, muskox, OKobern, oracle-of-naivete, Pendulous, phosphophyllite, Popeetoes, Radians, sheepie, shin, Steve Lira, The Texan, zenith
Lawrence__MO, 9iner, Armadillo, Chicago Geographer, DasSchnootz, dfshapir, EnzoDragon1, Flame, FlyingBro, IGotSap, jaydoo909, Jet, jogwi, Kai, kp, muskox, OKobern, oracle-of-naivete, Pendulous, phosphophyllite, Popeetoes, sheepie, shin, Steve Lira, The Texan, zenith
Wyandotte__KS, 9iner, Apollobo, Arctic Tern, Armadillo, Bradinator, Chicago Geographer, DasSchnootz, De Martian, dfshapir, EJ'sEmpire, EnzoDragon1, fladnag, Geo, IGotSap, jogwi, Jo™, Kai, kp, mobambachloride, muskox, Norton, OceanMan, OKobern, Popeetoes, Radians, Sean30303, sheepie, shin, stathx, Steve Lira, stupiddrew9, The Texan, Tumnus, voltaicwaffles, zenith
Leavenworth__KS, 9iner, Armadillo, Bradinator, Chicago Geographer, DasSchnootz, dfshapir, fladnag, Geo, IGotSap, jogwi, Jo™, Kai, lostmyballs, mobambachloride, muskox, Popeetoes, Sean30303, sheepie, shin, stathx, stupiddrew9, Tumnus, voltaicwaffles, zenith
Andrew__MO, 9iner, Cascadia, dfshapir, EJ'sEmpire, EnzoDragon1, IGotSap, jogwi, Kai, kp, mobambachloride, OceanMan, sheepie, shin, stathx, stupiddrew9, Tumnus, voltaicwaffles, zenith
Holt__MO, 9iner, Cascadia, dfshapir, EJ'sEmpire, EnzoDragon1, IGotSap, jogwi, Kai, kp, OceanMan, sheepie, shin, stathx, stupiddrew9, Tumnus, voltaicwaffles, zenith
Atchison__MO, 9iner, Cascadia, dfshapir, EJ'sEmpire, EnzoDragon1, IGotSap, jogwi, Kai, kp, sheepie, shin, stathx, stupiddrew9, Tumnus, voltaicwaffles, zenith
Fremont__IA, 9iner, Cascadia, dfshapir, EJ'sEmpire, EnzoDragon1, IGotSap, jogwi, Kai, kp, lostmyballs, mobambachloride, Radians, sheepie, stathx, Tumnus, voltaicwaffles, zenith
Mills__IA, 9iner, Arctic Tern, Banana Peel Seal, Cascadia, dfshapir, EJ'sEmpire, EnzoDragon1, fladnag, IGotSap, jogwi, kp, lostmyballs, mobambachloride, Radians, sheepie, stathx, Steve Lira, stupiddrew9, Tumnus, voltaicwaffles, zenith
Pottawattamie__IA, 9iner, anthonys00, Apollobo, Arctic Tern, Armadillo, AyjAy011, Bvarium, Cascadia, Chicago Geographer, corndog, DasSchnootz, dfshapir, EJ'sEmpire, EnzoDragon1, fladnag, Flame, IGotSap, jogwi, Kiribati, kp, lostmyballs, mobambachloride, Norton, OceanMan, OKobern, Pendulous, Popeetoes, Radians, Sean30303, sheepie, stathx, Steve Lira, TommyTheMet, Tumnus, voltaicwaffles, VS4GdqaYdYYrmBIMj1ab, WizardGrape, zenith
Harrison__IA, 9iner, anthonys00, Armadillo, AyjAy011, Bvarium, Cascadia, Chicago Geographer, dfshapir, EJ'sEmpire, EnzoDragon1, jogwi, Popeetoes, Radians, sheepie, stathx, TommyTheMet, Tumnus, voltaicwaffles, zenith
Monona__IA, 9iner, anthonys00, Armadillo, AyjAy011, Bvarium, Cascadia, Chicago Geographer, dfshapir, EJ'sEmpire, EnzoDragon1, jogwi, Popeetoes, Radians, sheepie, stathx, TommyTheMet, Tumnus, zenith
Woodbury__IA, 9iner, anthonys00, Armadillo, AyjAy011, Bvarium, Cascadia, Chicago Geographer, dfshapir, EJ'sEmpire, EnzoDragon1, jogwi, mobambachloride, Popeetoes, qazplm500, Radians, sheepie, stathx, TommyTheMet, Tumnus, voltaicwaffles, zenith
Union__SD, 9iner, anthonys00, Armadillo, AyjAy011, Chicago Geographer, dfshapir, EJ'sEmpire, EnzoDragon1, jogwi, mobambachloride, OceanMan, Popeetoes, qazplm500, Radians, sheepie, stathx, TommyTheMet, Tumnus, voltaicwaffles, zenith
Lincoln__SD, 9iner, anthonys00, Armadillo, AyjAy011, DasSchnootz, dfshapir, EJ'sEmpire, jogwi, mobambachloride, OceanMan, oracle-of-naivete, Popeetoes, qazplm500, Radians, sheepie, stathx, TommyTheMet, Tumnus, voltaicwaffles, WizardGrape, zenith
Minnehaha__SD, 9iner, anthonys00, Arctic Tern, Armadillo, AyjAy011, Bvarium, Cascadia, Chicago Geographer, corndog, DasSchnootz, De Martian, dfshapir, EJ'sEmpire, Flame, jogwi, mobambachloride, OceanMan, oracle-of-naivete, Pendulous, Popeetoes, qazplm500, Radians, Sean30303, sheepie, stathx, Steve Lira, TommyTheMet, Tumnus, voltaicwaffles, WizardGrape, zenith
McCook__SD, 9iner, Arctic Tern, Armadillo, AyjAy011, Cascadia, Chicago Geographer, corndog, DasSchnootz, dfshapir, EJ'sEmpire, Flame, jogwi, mobambachloride, OceanMan, oracle-of-naivete, Pendulous, qazplm500, Radians, Sean30303, sheepie, stathx, Steve Lira, TommyTheMet, Tumnus, voltaicwaffles, WizardGrape
Hanson__SD, 9iner, Arctic Tern, Armadillo, AyjAy011, Cascadia, Chicago Geographer, corndog, DasSchnootz, dfshapir, EJ'sEmpire, Flame, jogwi, mobambachloride, OceanMan, oracle-of-naivete, Pendulous, qazplm500, Radians, Sean30303, sheepie, stathx, Steve Lira, TommyTheMet, Tumnus, voltaicwaffles, WizardGrape
Davison__SD, 9iner, Arctic Tern, Armadillo, AyjAy011, Cascadia, Chicago Geographer, corndog, DasSchnootz, dfshapir, EJ'sEmpire, Flame, jogwi, mobambachloride, OceanMan, oracle-of-naivete, Pendulous, qazplm500, Radians, Sean30303, sheepie, stathx, Steve Lira, TommyTheMet, Tumnus, voltaicwaffles, WizardGrape
Aurora__SD, 9iner, Arctic Tern, Armadillo, AyjAy011, Cascadia, Chicago Geographer, corndog, DasSchnootz, EJ'sEmpire, Flame, jogwi, mobambachloride, OceanMan, oracle-of-naivete, Pendulous, qazplm500, Radians, Sean30303, sheepie, stathx, Steve Lira, TommyTheMet, Tumnus, voltaicwaffles, WizardGrape
Brule__SD, 9iner, Arctic Tern, Armadillo, AyjAy011, Cascadia, Chicago Geographer, corndog, DasSchnootz, dfshapir, EJ'sEmpire, Flame, jogwi, mobambachloride, OceanMan, oracle-of-naivete, Pendulous, qazplm500, Radians, Sean30303, sheepie, stathx, Steve Lira, TommyTheMet, Tumnus, voltaicwaffles, WizardGrape, zenith
Lyman__SD, 9iner, Arctic Tern, Armadillo, AyjAy011, Cascadia, Chicago Geographer, corndog, DasSchnootz, dfshapir, EJ'sEmpire, Flame, jogwi, mobambachloride, OceanMan, oracle-of-naivete, Pendulous, qazplm500, Radians, Sean30303, sheepie, stathx, Steve Lira, TommyTheMet, Tumnus, voltaicwaffles, WizardGrape, zenith
Jones__SD, 9iner, Arctic Tern, Armadillo, AyjAy011, Bvarium, Cascadia, Chicago Geographer, corndog, DasSchnootz, dfshapir, EJ'sEmpire, Flame, jogwi, mobambachloride, OceanMan, oracle-of-naivete, Pendulous, qazplm500, Radians, Sean30303, sheepie, stathx, Steve Lira, TommyTheMet, Tumnus, voltaicwaffles, WizardGrape
Jackson__SD, 9iner, AJ, Arctic Tern, arija, Armadillo, AyjAy011, Bvarium, Cascadia, Chicago Geographer, corndog, DasSchnootz, De Martian, dfshapir, EJ'sEmpire, Flame, jogwi, MKA, mobambachloride, Norton, OceanMan, OKobern, oracle-of-naivete, Patxepi, Pendulous, qazplm500, Radians, Sean30303, sheepie, stathx, Steve Lira, TommyTheMet, Tumnus, user1115, voltaicwaffles, WizardGrape
Pennington__SD, 9iner, AJ, Arctic Tern, arija, Armadillo, AyjAy011, Cascadia, Chicago Geographer, corndog, DasSchnootz, De Martian, dfshapir, EJ'sEmpire, EnzoDragon1, Flame, GeoGamr🇺🇦, gurf, jogwi, Kiribati, KlutchEZ, lostmyballs, MKA, mobambachloride, Norton, OceanMan, OKobern, oracle-of-naivete, Patxepi, Pendulous, qazplm500, Radians, Sean30303, sheepie, stathx, Steve Lira, TommyTheMet, Tumnus, user1115, voltaicwaffles, WizardGrape, zenith
Meade__SD, 9iner, AJ, arija, Armadillo, AyjAy011, Chicago Geographer, DasSchnootz, De Martian, dfshapir, EJ'sEmpire, Flame, jogwi, KlutchEZ, lostmyballs, mobambachloride, Norton, OceanMan, qazplm500, Radians, Sean30303, sheepie, stathx, TommyTheMet, Tumnus, user1115, WizardGrape, zenith
Lawrence__SD, 9iner, AJ, arija, Armadillo, AyjAy011, Cascadia, Chicago Geographer, DasSchnootz, dfshapir, EJ'sEmpire, Flame, jogwi, KlutchEZ, mobambachloride, Norton, OceanMan, OKobern, Patxepi, Pendulous, qazplm500, Radians, Sean30303, sheepie, stathx, Tumnus, WizardGrape, zenith
Butte__SD, 9iner, AJ, arija, AyjAy011, Cascadia, DasSchnootz, De Martian, dfshapir, EJ'sEmpire, jogwi, lostmyballs, OceanMan, OKobern, qazplm500, Radians, stathx, Tumnus, zenith
Crook__WY, 9iner, AJ, Arctic Tern, arija, AyjAy011, Chicago Geographer, DasSchnootz, dfshapir, EJ'sEmpire, Flame, jogwi, KlutchEZ, lostmyballs, mobambachloride, Norton, OceanMan, OKobern, Patxepi, Pendulous, qazplm500, Radians, Sean30303, stathx, Tumnus, user1115, WizardGrape
Carter__MT, 9iner, EJ'sEmpire, jogwi, mobambachloride, OceanMan, OKobern, Patxepi, Radians, Sean30303, stathx, Tumnus
Powder_River__MT, 9iner, EJ'sEmpire, jogwi, mobambachloride, OceanMan, Patxepi, Radians, stathx, Tumnus
Rosebud__MT, 9iner, Chicago Geographer, corndog, DasSchnootz, EJ'sEmpire, jogwi, mobambachloride, OceanMan, Patxepi, qazplm500, Radians, sheepie, stathx, Tumnus, WizardGrape
Big_Horn__MT, 9iner, DasSchnootz, EJ'sEmpire, EnzoDragon1, jogwi, Kai, mobambachloride, OceanMan, OKobern, Patxepi, Radians, stathx, Tumnus, zenith
Yellowstone__MT, 9iner, Cascadia, Chicago Geographer, corndog, DasSchnootz, EJ'sEmpire, EnzoDragon1, gurf, jogwi, Kai, mobambachloride, OceanMan, OKobern, Patxepi, qazplm500, Radians, sheepie, stathx, Tumnus, WizardGrape, zenith
Stillwater__MT, 9iner, AJ, Cascadia, corndog, DasSchnootz, EJ'sEmpire, EnzoDragon1, gurf, jogwi, Kai, mobambachloride, OceanMan, Pencil Vulture, qazplm500, Radians, sheepie, stathx, Tumnus, WizardGrape, wyatt, zenith
Sweet_Grass__MT, 9iner, AJ, Cascadia, corndog, DasSchnootz, EJ'sEmpire, EnzoDragon1, gurf, jogwi, Kai, mobambachloride, OceanMan, Pencil Vulture, qazplm500, Radians, sheepie, stathx, Tumnus, WizardGrape, wyatt, zenith
Park__MT, 9iner, AJ, Armadillo, Cascadia, corndog, DasSchnootz, Diamond Armor Steve, EJ'sEmpire, EnzoDragon1, gurf, jogwi, Kai, lostmyballs, MKA, mobambachloride, OceanMan, OKobern, Patxepi, Pencil Vulture, Popeetoes, qazplm500, Radians, sheepie, stathx, TheScooterBuskie, Tumnus, UCLA_Jesus, WizardGrape, wyatt, zenith
Gallatin__MT, 9iner, AJ, Arctic Tern, Armadillo, Bvarium, Cascadia, corndog, DasSchnootz, Diamond Armor Steve, EJ'sEmpire, EnzoDragon1, GeoGamr🇺🇦, gurf, jogwi, Kai, KlutchEZ, lostmyballs, MKA, mobambachloride, OceanMan, OKobern, Paris_Labrador, Patxepi, Pencil Vulture, Pendulous, Popeetoes, qazplm500, Radians, sheepie, stathx, Steve Lira, TheScooterBuskie, Tumnus, UCLA_Jesus, WizardGrape, wyatt, zenith
Park__WY, 9iner, AJ, Arctic Tern, Armadillo, Bvarium, Cascadia, Chicago Geographer, DasSchnootz, Diamond Armor Steve, EnzoDragon1, gurf, jogwi, Kai, KlutchEZ, lostmyballs, MKA, OceanMan, OKobern, Paris_Labrador, Patxepi, Pencil Vulture, Pendulous, Popeetoes, qazplm500, Radians, sheepie, stathx, Steve Lira, TheScooterBuskie, UCLA_Jesus, WizardGrape, wyatt
Teton__WY, 9iner, AJ, Arctic Tern, Armadillo, Bvarium, Cascadia, DasSchnootz, De Martian, Diamond Armor Steve, EnzoDragon1, GeoGamr🇺🇦, gurf, jogwi, Kai, KlutchEZ, lostmyballs, MKA, mobambachloride, OceanMan, OKobern, Paris_Labrador, Patxepi, Pencil Vulture, Pendulous, Popeetoes, qazplm500, Radians, sheepie, stathx, Steve Lira, TheScooterBuskie, UCLA_Jesus, WizardGrape, wyatt
Sublette__WY, 9iner, gurf, jogwi, OceanMan, Patxepi, Pencil Vulture, Radians, stathx, wyatt
Sweetwater__WY, 9iner, aidenb1127, EnzoDragon1, gurf, jogwi, Kai, OceanMan, OKobern, oracle-of-naivete, Patxepi, Pencil Vulture, Radians, stathx, Steve Lira, Tumnus, wyatt, zenith
Carbon__WY, 9iner, aidenb1127, EnzoDragon1, gurf, jogwi, Kai, OceanMan, OKobern, oracle-of-naivete, Patxepi, Radians, sheepie, stathx, Steve Lira, Tumnus, zenith
Albany__WY, 9iner, aidenb1127, Chicago Geographer, EnzoDragon1, gurf, jogwi, Kai, muskox, OceanMan, OKobern, oracle-of-naivete, Patxepi, Radians, sheepie, stathx, stephner, Tumnus, user1115, zenith
Larimer__CO, 9iner, aidenb1127, AJ, Apollobo, Arctic Tern, Cascadia, Chicago Geographer, chirpn, DasSchnootz, EJ'sEmpire, EnzoDragon1, fladnag, gurf, Ivan, Jet, jogwi, Jo™, Kai, Knight, MKA, mobambachloride, muskox, OceanMan, OKobern, oracle-of-naivete, Patxepi, Pendulous, Sean30303, sheepie, shin, stathx, stephner, Steve Lira, stupiddrew9, TommyTheMet, Tumnus, Urbanindy, user1115, WizardGrape, zenith
Boulder__CO, 9iner, aidenb1127, AJ, Apollobo, Arctic Tern, Banana Peel Seal, Chicago Geographer, DasSchnootz, EnzoDragon1, fladnag, gurf, Ivan, Jet, jogwi, Jo™, Kai, Knight, MKA, muskox, OceanMan, OKobern, Patxepi, Pendulous, Sean30303, sheepie, shin, stathx, Steve Lira, stupiddrew9, TommyTheMet, Tumnus, Urbanindy, user1115, voltaicwaffles, zenith
Broomfield__CO, 9iner, Apollobo, Arctic Tern, Chicago Geographer, chirpn, EnzoDragon1, fladnag, gurf, Ivan, jaydoo909, jogwi, Jo™, Kai, MKA, mobambachloride, OceanMan, OKobern, oracle-of-naivete, Sean30303, sheepie, shin, stathx, stupiddrew9, TommyTheMet, Tumnus, zenith
Jefferson__CO, 9iner, aidenb1127, AJ, anthonys00, Apollobo, Arctic Tern, Armadillo, AyjAy011, Banana Peel Seal, Bvarium, Cascadia, Chicago Geographer, corndog, DasSchnootz, dfshapir, EnzoDragon1, fladnag, FlyingBro, gurf, jaydoo909, Jet, jogwi, Jo™, Kai, Knight, MKA, mobambachloride, muskox, OceanMan, OKobern, Patxepi, Pendulous, qazplm500, Sean30303, sheepie, shin, stathx, stephner, Steve Lira, stupiddrew9, TommyTheMet, Tumnus, Urbanindy, user1115, voltaicwaffles, zenith
Adams__CO, 9iner, aidenb1127, AJ, anthonys00, Apollobo, Arctic Tern, Armadillo, AyjAy011, Banana Peel Seal, Bvarium, Cascadia, Chicago Geographer, chirpn, chupoxag, corndog, DasSchnootz, dfshapir, EJ'sEmpire, EnzoDragon1, fladnag, Flame, FlyingBro, GeoGamr🇺🇦, gurf, Ivan, jaydoo909, Jet, jogwi, Jo™, Kai, Kiribati, MKA, mobambachloride, muskox, OceanMan, OKobern, oracle-of-naivete, Patxepi, Pendulous, qazplm500, Sean30303, sheepie, shin, stathx, Steve Lira, stupiddrew9, TommyTheMet, Tumnus, user1115, voltaicwaffles, zenith
Denver__CO, 9iner, aidenb1127, AJ, anthonys00, Apollobo, Arctic Tern, Armadillo, AyjAy011, Banana Peel Seal, Bvarium, Cascadia, Chicago Geographer, chirpn, chupoxag, corndog, DasSchnootz, De Martian, dfshapir, EJ'sEmpire, EnzoDragon1, flaber, fladnag, Flame, FlyingBro, GeoGamr🇺🇦, gurf, Ivan, jaydoo909, Jet, jogwi, Jo™, Kai, Kiribati, Knight, lostmyballs, MKA, mobambachloride, muskox, OceanMan, OKobern, oracle-of-naivete, Patxepi, Pencil Vulture, Pendulous, Piglee, qazplm500, Radians, Sean30303, sheepie, shin, stathx, stephner, Steve Lira, stupiddrew9, TheScooterBuskie, TommyTheMet, Tumnus, Urbanindy, user1115, voltaicwaffles, wyatt, zenith
Arapahoe__CO, 9iner, aidenb1127, AJ, anthonys00, Apollobo, Arctic Tern, AyjAy011, Cascadia, Chicago Geographer, chirpn, chupoxag, DasSchnootz, dfshapir, EJ'sEmpire, EnzoDragon1, fladnag, Flame, FlyingBro, GeoGamr🇺🇦, gurf, Ivan, jaydoo909, Jet, jogwi, Jo™, Kai, Kiribati, MKA, mobambachloride, muskox, OceanMan, OKobern, oracle-of-naivete, Patxepi, Pendulous, qazplm500, Sean30303, sheepie, shin, stathx, Tumnus, voltaicwaffles, zenith
Elbert__CO, 9iner, AJ, Arctic Tern, Chicago Geographer, dfshapir, fladnag, gurf, Jet, jogwi, Jo™, Kai, muskox, OceanMan, OKobern, sheepie, shin, stathx, Tumnus, voltaicwaffles, zenith
Lincoln__CO, 9iner, Arctic Tern, Cascadia, Chicago Geographer, dfshapir, fladnag, gurf, Jet, jogwi, Jo™, Kai, muskox, OceanMan, OKobern, sheepie, stathx, Tumnus, voltaicwaffles, zenith
Kit_Carson__CO, 9iner, Arctic Tern, Cascadia, Chicago Geographer, dfshapir, fladnag, gurf, Jet, jogwi, Jo™, Kai, muskox, OKobern, sheepie, stathx, Tumnus, voltaicwaffles, zenith
Sherman__KS, 9iner, AJ, Cascadia, Chicago Geographer, dfshapir, fladnag, gurf, Jet, jogwi, Jo™, Kai, muskox, OKobern, sheepie, stathx, TommyTheMet, Tumnus, voltaicwaffles, zenith
Thomas__KS, 9iner, dfshapir, fladnag, gurf, Jet, jogwi, Jo™, Kai, muskox, OKobern, sheepie, stathx, TommyTheMet, Tumnus, voltaicwaffles, zenith
Logan__KS, 9iner, Apollobo, Arctic Tern, Cascadia, dfshapir, fladnag, Geo, gurf, Jet, jogwi, Jo™, Kai, muskox, OceanMan, OKobern, Sean30303, sheepie, stathx, TommyTheMet, Tumnus, voltaicwaffles, zenith
Gove__KS, 9iner, Apollobo, Arctic Tern, Cascadia, dfshapir, fladnag, Geo, gurf, Jet, jogwi, Jo™, Kai, muskox, OceanMan, OKobern, Sean30303, sheepie, stathx, TommyTheMet, Tumnus, voltaicwaffles, zenith
Trego__KS, 9iner, Apollobo, Arctic Tern, Bvarium, Cascadia, dfshapir, fladnag, Geo, gurf, Jet, jogwi, Jo™, Kai, OceanMan, OKobern, Sean30303, sheepie, stathx, TommyTheMet, Tumnus, voltaicwaffles, zenith
Ellis__KS, 9iner, Apollobo, Arctic Tern, Bvarium, Cascadia, dfshapir, fladnag, Geo, gurf, Jet, jogwi, Jo™, Kai, lostmyballs, OceanMan, OKobern, Sean30303, sheepie, stathx, TommyTheMet, Tumnus, voltaicwaffles, zenith
Russell__KS, 9iner, Apollobo, Arctic Tern, Cascadia, dfshapir, fladnag, Geo, gurf, Jet, jogwi, Jo™, Kai, OceanMan, OKobern, Sean30303, sheepie, stathx, TommyTheMet, Tumnus, voltaicwaffles, zenith
Ellsworth__KS, 9iner, Apollobo, Arctic Tern, Cascadia, Chicago Geographer, dfshapir, fladnag, Geo, gurf, Jet, jogwi, Jo™, Kai, OceanMan, OKobern, Sean30303, sheepie, stathx, TommyTheMet, Tumnus, voltaicwaffles, zenith
Lincoln__KS, 9iner, Apollobo, Cascadia, Chicago Geographer, fladnag, Geo, gurf, Jet, jogwi, Kai, muskox, OceanMan, OKobern, Sean30303, sheepie, stathx, TommyTheMet, Tumnus, voltaicwaffles, zenith
Saline__KS, 9iner, Apollobo, Arctic Tern, Cascadia, Chicago Geographer, dfshapir, fladnag, Geo, gurf, Jet, jogwi, Jo™, Kai, kp, muskox, OKobern, Sean30303, sheepie, stathx, TommyTheMet, Tumnus, voltaicwaffles, zenith
Dickinson__KS, 9iner, Apollobo, Arctic Tern, Chicago Geographer, dfshapir, fladnag, Geo, gurf, jogwi, Jo™, Kai, Sean30303, sheepie, stathx, Tumnus, voltaicwaffles, zenith
Geary__KS, 9iner, Apollobo, Arctic Tern, Chicago Geographer, dfshapir, fladnag, Geo, gurf, jogwi, Jo™, Kai, OceanMan, Sean30303, sheepie, stathx, Tumnus, voltaicwaffles, zenith
Riley__KS, 9iner, Apollobo, Arctic Tern, Chicago Geographer, dfshapir, fladnag, Geo, gurf, jogwi, Kai, OceanMan, Sean30303, sheepie, stathx, Tumnus, voltaicwaffles, zenith
Wabaunsee__KS, 9iner, Apollobo, Arctic Tern, Armadillo, Chicago Geographer, dfshapir, fladnag, Geo, gurf, IGotSap, jogwi, Jo™, Kai, OceanMan, Popeetoes, Sean30303, stathx, TommyTheMet, Tumnus, voltaicwaffles, zenith
Shawnee__KS, 9iner, Apollobo, Arctic Tern, Armadillo, Bradinator, Chicago Geographer, DasSchnootz, dfshapir, EJ'sEmpire, fladnag, Geo, gurf, IGotSap, jogwi, Jo™, Kai, kp, mobambachloride, Norton, OceanMan, Popeetoes, Sean30303, sheepie, shin, stathx, stupiddrew9, TommyTheMet, Tumnus, voltaicwaffles, zenith
Douglas__KS, 9iner, Apollobo, Arctic Tern, Armadillo, Bradinator, Chicago Geographer, DasSchnootz, dfshapir, fladnag, Geo, gurf, IGotSap, jogwi, Jo™, Kai, kp, mobambachloride, muskox, Norton, OceanMan, Popeetoes, Sean30303, sheepie, shin, stathx, stupiddrew9, Tumnus, voltaicwaffles, zenith
Johnson__KS, 9iner, Apollobo, Arctic Tern, DasSchnootz, De Martian, dfshapir, EJ'sEmpire, EnzoDragon1, Geo, gurf, IGotSap, Kai, kp, mobambachloride, muskox, Norton, OceanMan, OKobern, Popeetoes, Radians, sheepie, shin, stathx, Steve Lira, stupiddrew9, The Texan, TommyTheMet, Tumnus, zenith
Polk__MO, 9iner, corndog, dfshapir, IGotSap, jogwi, Kai, lostmyballs, phosphophyllite, sheepie, shin
St__Clair__MO, 9iner, corndog, dfshapir, IGotSap, jogwi, Kai, sheepie, shin, stupiddrew9
Henry__MO, 9iner, corndog, dfshapir, IGotSap, jogwi, Kai, sheepie, shin, stupiddrew9
Cass__MO, 9iner, corndog, dfshapir, Geo, IGotSap, jogwi, Kai, OKobern, sheepie, shin, stupiddrew9, zenith
Cole__MO, 9iner, Armadillo, dfshapir, gurf, IGotSap, jogwi, Kai, OKobern, Sean30303, sheepie, shin, stupiddrew9, The Texan, zenith
Lincoln__MO, 9iner, anthonys00, AyjAy011, dfshapir, fbmdf1821, Jet, jogwi, lostmyballs, qazplm500, shin, stupiddrew9, voltaicwaffles, WizardGrape
Douglas__NE, 9iner, anthonys00, Apollobo, Arctic Tern, Armadillo, AyjAy011, Banana Peel Seal, Bvarium, Chicago Geographer, corndog, DasSchnootz, dfshapir, EJ'sEmpire, EnzoDragon1, fladnag, Flame, Geo, IGotSap, Kiribati, kp, lostmyballs, mobambachloride, Norton, OceanMan, OKobern, Pendulous, Popeetoes, Radians, Sean30303, sheepie, stathx, Steve Lira, stupiddrew9, TommyTheMet, Tumnus, voltaicwaffles, VS4GdqaYdYYrmBIMj1ab, WizardGrape, zenith
Rutherford__TN, 9iner, anthonys00, Arctic Tern, Armadillo, AyjAy011, Chicago Geographer, dfshapir, EnzoDragon1, fbmdf1821, fladnag, Flame, GeoGamr🇺🇦, IGotSap, Ivan, jogwi, Kai, KlutchEZ, kp, Littleduck, mobambachloride, Norton, nuclear ocelot, Paris_Labrador, phosphophyllite, Radu, Sean30303, sheepie, shin, Steve Lira, stupiddrew9, The Texan, Urbanindy, zenith
Bedford__TN, 9iner, anthonys00, Arctic Tern, Armadillo, AyjAy011, Chicago Geographer, dfshapir, fbmdf1821, Flame, IGotSap, Ivan, jogwi, Kai, kp, Littleduck, mobambachloride, Norton, nuclear ocelot, phosphophyllite, Sean30303, sheepie, shin, stupiddrew9, The Texan, Urbanindy, zenith
Coffee__TN, 9iner, anthonys00, Arctic Tern, Armadillo, AyjAy011, Chicago Geographer, dfshapir, EnzoDragon1, fbmdf1821, fladnag, Flame, IGotSap, Ivan, jogwi, Kai, kp, Littleduck, mobambachloride, Norton, nuclear ocelot, Paris_Labrador, phosphophyllite, Radu, Sean30303, sheepie, shin, Steve Lira, stupiddrew9, The Texan, Urbanindy, zenith
Grundy__TN, 9iner, anthonys00, Arctic Tern, Armadillo, AyjAy011, Chicago Geographer, dfshapir, EnzoDragon1, fbmdf1821, fladnag, Flame, IGotSap, Ivan, jogwi, Kai, kp, Littleduck, mobambachloride, Norton, nuclear ocelot, Paris_Labrador, phosphophyllite, Radu, Sean30303, sheepie, shin, Steve Lira, stupiddrew9, The Texan, Urbanindy, zenith
Marion__TN, 9iner, anthonys00, Arctic Tern, Armadillo, AyjAy011, Chicago Geographer, dfshapir, EnzoDragon1, fbmdf1821, fladnag, Flame, IGotSap, Ivan, jogwi, Kai, KlutchEZ, kp, Littleduck, mobambachloride, Norton, nuclear ocelot, Paris_Labrador, phosphophyllite, Radu, Sean30303, sheepie, shin, soup, Steve Lira, stupiddrew9, The Texan, TommyTheMet, Urbanindy, VS4GdqaYdYYrmBIMj1ab, zenith
Dade__GA, 9iner, anthonys00, Arctic Tern, Armadillo, AyjAy011, Chicago Geographer, crownedkinggame, dfshapir, EnzoDragon1, fbmdf1821, fladnag, FlyingBro, GeoGamr🇺🇦, IGotSap, Ivan, jaydoo909, Jet, jogwi, Kai, KlutchEZ, kp, Littleduck, MKA, mobambachloride, Norton, nuclear ocelot, Paris_Labrador, phosphophyllite, Radu, sagittarius998, Sean30303, sheepie, shin, soup, Steve Lira, stupiddrew9, Urbanindy, zenith
Hamilton__TN, 9iner, anthonys00, Arctic Tern, Armadillo, AyjAy011, Chicago Geographer, crownedkinggame, dfshapir, EnzoDragon1, fbmdf1821, fladnag, Flame, FlyingBro, GeoGamr🇺🇦, hateornges, IGotSap, Ivan, jaydoo909, Jet, jogwi, Jo™, Kai, KlutchEZ, kp, Littleduck, MKA, mobambachloride, Norton, nuclear ocelot, Paris_Labrador, phosphophyllite, Radu, sagittarius998, Sean30303, sheepie, shin, soup, Steve Lira, stupiddrew9, The Texan, TheScooterBuskie, TommyTheMet, Urbanindy, VS4GdqaYdYYrmBIMj1ab, zenith
Catoosa__GA, 9iner, anthonys00, Armadillo, AyjAy011, Chicago Geographer, dfshapir, fladnag, Flame, hateornges, IGotSap, Ivan, Jet, Jo™, Kai, kp, Littleduck, MKA, mobambachloride, Norton, nuclear ocelot, Paris_Labrador, phosphophyllite, Radu, Sean30303, sheepie, shin, Steve Lira, stupiddrew9, The Texan, TommyTheMet, Urbanindy, zenith
Whitfield__GA, 9iner, anthonys00, Armadillo, AyjAy011, Chicago Geographer, dfshapir, fladnag, Flame, hateornges, IGotSap, Ivan, Jet, Jo™, Kai, kp, Littleduck, MKA, mobambachloride, Norton, nuclear ocelot, Paris_Labrador, phosphophyllite, Radu, Sean30303, sheepie, shin, Steve Lira, stupiddrew9, The Texan, TommyTheMet, Urbanindy, zenith
Murray__GA, 9iner, dfshapir, hateornges, Jet, jogwi, Jo™, MKA, mobambachloride, nuclear ocelot, Radu, shin, stupiddrew9
Gilmer__GA, 9iner, dfshapir, hateornges, Jet, jogwi, Jo™, MKA, mobambachloride, nuclear ocelot, Radu, shin, stathx, stupiddrew9, Urbanindy
Lumpkin__GA, 9iner, dfshapir, Jet, Jo™, mobambachloride, nuclear ocelot, Radu, sheepie, shin, stathx, stupiddrew9
Dawson__GA, 9iner, dfshapir, flaber, hateornges, Jet, Jo™, MKA, mobambachloride, nuclear ocelot, Radu, sheepie, shin, stathx, stupiddrew9, Urbanindy
Luce__MI, 9iner, Arctic Tern, Bean, Cedar, flaber, jogwi, kp, OceanMan, Patxepi, qazplm500, sagittarius998, Sean30303, sheepie, stathx, Steve Lira, Tumnus
Chippewa__MI, 9iner, Arctic Tern, Bean, Cedar, flaber, Kai, kp, OceanMan, Patxepi, qazplm500, sagittarius998, sheepie, stathx, stephner, Steve Lira, stupiddrew9, The Texan, Tumnus, Urbanindy
Alger__MI, 9iner, Arctic Tern, Bean, Cedar, corndog, DasSchnootz, De Martian, flaber, jogwi, Kiribati, kp, OceanMan, Patxepi, qazplm500, sagittarius998, Sean30303, sheepie, stathx, Tumnus, Urbanindy, voltaicwaffles, WizardGrape
Pike__MO, 9iner, anthonys00, AyjAy011, dfshapir, fbmdf1821, jogwi, lostmyballs, qazplm500, sheepie, shin, stupiddrew9, The Texan, voltaicwaffles, WizardGrape
Ralls__MO, 9iner, anthonys00, AyjAy011, dfshapir, fbmdf1821, jogwi, Kai, lostmyballs, qazplm500, Radians, Sean30303, sheepie, shin, stupiddrew9, The Texan, voltaicwaffles, WizardGrape
Hamilton__IN, 9iner, anthonys00, AyjAy011, Bvarium, Cedar, Chicago Geographer, DasSchnootz, dfshapir, fladnag, hateornges, Ivan, jaydoo909, Jet, jogwi, kp, Littleduck, lostmyballs, muskox, Norton, OKobern, Paris_Labrador, Radians, shin, stathx, Steve Lira, stupiddrew9, Urbanindy, voltaicwaffles
Kendall__IL, 9iner, Apollobo, Armadillo, Banana Peel Seal, Bvarium, Chicago Geographer, DasSchnootz, dfshapir, fladnag, Flame, Ivan, Norton, nuclear ocelot, Pendulous, sagittarius998, Sean30303, sheepie, shin, stathx, Steve Lira, stupiddrew9, TommyTheMet, voltaicwaffles
Johnson__MO, 9iner, dfshapir, gurf, IGotSap, Kai, sheepie, shin, stupiddrew9
Pettis__MO, 9iner, dfshapir, gurf, IGotSap, Kai, lostmyballs, sheepie, shin, stupiddrew9
Morgan__MO, 9iner, dfshapir, gurf, IGotSap, jogwi, sheepie, shin, stupiddrew9
Moniteau__MO, 9iner, dfshapir, gurf, IGotSap, jogwi, sheepie, shin, stupiddrew9
Osage__MO, 9iner, dfshapir, gurf, IGotSap, Kai, shin, stupiddrew9
Gasconade__MO, 9iner, dfshapir, gurf, Kai, shin, stupiddrew9
White__GA, 9iner, Chicago Geographer, dfshapir, flaber, Jet, Jo™, MKA, mobambachloride, nuclear ocelot, Radu, sheepie, shin, soup, stathx, stupiddrew9
Habersham__GA, 9iner, anthonys00, Chicago Geographer, chirpn, dfshapir, flaber, fladnag, Jet, Jo™, MKA, mobambachloride, muskox, nuclear ocelot, Patxepi, Radu, sheepie, shin, soup, stathx, stupiddrew9
Rabun__GA, 9iner, anthonys00, Chicago Geographer, chirpn, flaber, fladnag, Jet, MKA, mobambachloride, nuclear ocelot, Patxepi, Radu, sheepie, shin, stathx, stupiddrew9, user1115
Oconee__SC, 9iner, aidenb1127, Cascadia, Chicago Geographer, chirpn, dfshapir, flaber, GeoGamr🇺🇦, Jet, jogwi, Jo™, Knight, mobambachloride, muskox, nuclear ocelot, oracle-of-naivete, Patxepi, Piglee, Radu, sagittarius998, sheepie, shin, soup, stephner, stupiddrew9, user1115, voltaicwaffles, zenith
Reynolds__MO, 9iner, Chicago Geographer, dfshapir, Kai, phosphophyllite, sheepie, shin
Jefferson__MO, 9iner, Bvarium, Chicago Geographer, DasSchnootz, dfshapir, Flame, jaydoo909, Jet, jogwi, Kai, lostmyballs, mobambachloride, OKobern, Pendulous, sagittarius998, Sean30303, shin, Steve Lira, stupiddrew9, The Texan, zenith
Washington__MO, 9iner, dfshapir, Jet, Kai, phosphophyllite, sagittarius998, sheepie, shin, zenith
Boone__MO, 9iner, Armadillo, Cascadia, DasSchnootz, dfshapir, EnzoDragon1, fladnag, IGotSap, Jo™, Kai, mobambachloride, Sean30303, sheepie, shin, stupiddrew9, TommyTheMet, Tumnus, voltaicwaffles, WizardGrape, zenith
Platte__MO, 9iner, aidenb1127, anthonys00, Arctic Tern, Cascadia, DasSchnootz, De Martian, dfshapir, EJ'sEmpire, EnzoDragon1, fladnag, IGotSap, jogwi, Kai, kp, lostmyballs, mobambachloride, OceanMan, Radians, Sean30303, sheepie, shin, stathx, stupiddrew9, Tumnus, zenith
Atchison__KS, 9iner, DasSchnootz, dfshapir, Geo, Kai, sheepie, shin, stathx, stupiddrew9, zenith
Doniphan__KS, 9iner, aidenb1127, DasSchnootz, dfshapir, jogwi, Kai, sheepie, shin, stathx, stupiddrew9, zenith
Monroe__MO, 9iner, dfshapir, lostmyballs, Sean30303, sheepie, shin, stupiddrew9
St__Louis_Co___MO, 9iner, anthonys00, Apollobo, Arctic Tern, Armadillo, AyjAy011, Bvarium, Cascadia, Chicago Geographer, chirpn, DasSchnootz, dfshapir, EJ'sEmpire, EnzoDragon1, fbmdf1821, fladnag, Flame, GeoGamr🇺🇦, gurf, IGotSap, Ivan, jaydoo909, Jet, jogwi, Jo™, Kai, kp, lostmyballs, MKA, mobambachloride, muskox, OKobern, Pendulous, phosphophyllite, Popeetoes, qazplm500, Radians, sagittarius998, Sean30303, sheepie, shin, stathx, Steve Lira, stupiddrew9, The Texan, TommyTheMet, Tumnus, Urbanindy, voltaicwaffles, WizardGrape, wyatt, zenith
St__Louis__MO, 9iner, AJ, anthonys00, Apollobo, Arctic Tern, Armadillo, AyjAy011, Bvarium, Cascadia, Chicago Geographer, chirpn, DasSchnootz, dfshapir, EnzoDragon1, fbmdf1821, fladnag, Flame, GeoGamr🇺🇦, gurf, IGotSap, Ivan, jaydoo909, Jet, jogwi, Jo™, Kai, kp, lostmyballs, mobambachloride, OKobern, Pendulous, phosphophyllite, Popeetoes, qazplm500, Radians, sagittarius998, Sean30303, shin, stathx, Steve Lira, stupiddrew9, The Texan, Tumnus, Urbanindy, voltaicwaffles, WizardGrape, zenith
Livingston__IL, 9iner, Bvarium, Chicago Geographer, chirpn, dfshapir, Flame, gurf, Ivan, jaydoo909, Jet, Kai, nuclear ocelot, OKobern, Pendulous, sagittarius998, Sean30303, shin, Steve Lira, voltaicwaffles, zenith
Grundy__IL, 9iner, aidenb1127, Apollobo, Armadillo, Bvarium, Chicago Geographer, chirpn, DasSchnootz, dfshapir, EJ'sEmpire, Flame, gurf, Ivan, jaydoo909, Jet, Kai, mobambachloride, nuclear ocelot, OKobern, Pendulous, sagittarius998, Sean30303, sheepie, shin, stathx, Steve Lira, TommyTheMet, voltaicwaffles, zenith
La_Salle__IL, 9iner, aidenb1127, anthonys00, Apollobo, Armadillo, AyjAy011, Banana Peel Seal, Bradinator, Bvarium, Chicago Geographer, DasSchnootz, dfshapir, EJ'sEmpire, fladnag, Flame, Ivan, jogwi, kp, mobambachloride, Norton, nuclear ocelot, Pendulous, qazplm500, sagittarius998, Sean30303, sheepie, shin, stathx, Steve Lira, stupiddrew9, The Texan, TommyTheMet, Urbanindy, voltaicwaffles, WizardGrape, zenith
Will__IL, 9iner, aidenb1127, Apollobo, Armadillo, AyjAy011, Bean, Bvarium, Cedar, Chicago Geographer, chirpn, chupoxag, corndog, DasSchnootz, dfshapir, EJ'sEmpire, Flame, gurf, Ivan, jaydoo909, Jet, Kai, kp, mobambachloride, nuclear ocelot, OKobern, Paris_Labrador, Pendulous, sagittarius998, Sean30303, sheepie, shin, stathx, Steve Lira, The Texan, TommyTheMet, train, Urbanindy, voltaicwaffles, zenith
Cook__IL, 9iner, aidenb1127, anthonys00, Apollobo, Arctic Tern, arija, Armadillo, Ava, AyjAy011, bam, Banana Peel Seal, Bean, Bradinator, Bvarium, Cedar, Chicago Geographer, chirpn, chupoxag, corndog, DasSchnootz, De Martian, dfshapir, Diamond Armor Steve, Dimei, EJ'sEmpire, EnzoDragon1, flaber, fladnag, Flame, GeoGamr🇺🇦, gurf, hateornges, ineedaface, Ivan, jaydoo909, JayVerti, Jet, jogwi, Kai, Kiribati, kp, MKA, mobambachloride, muskox, Norton, nuclear ocelot, OceanMan, OKobern, oracle-of-naivete, Paris_Labrador, Patxepi, Pencil Vulture, Pendulous, phosphophyllite, Piglee, Popeetoes, qazplm500, Radians, sagittarius998, Sean30303, sheepie, shin, stathx, stephner, Steve Lira, stupiddrew9, The Texan, TommyTheMet, train, Tumnus, UCLA_Jesus, Urbanindy, voltaicwaffles, wyatt, zenith
St__Charles__MO, 9iner, anthonys00, Arctic Tern, Armadillo, AyjAy011, Cascadia, Chicago Geographer, DasSchnootz, dfshapir, EnzoDragon1, fbmdf1821, fladnag, IGotSap, Jet, jogwi, Jo™, Kai, lostmyballs, mobambachloride, OKobern, qazplm500, Sean30303, shin, stathx, stupiddrew9, The Texan, TommyTheMet, Tumnus, voltaicwaffles, WizardGrape, zenith
Cooper__MO, 9iner, Armadillo, Cascadia, dfshapir, fladnag, IGotSap, Jo™, Sean30303, sheepie, shin, stupiddrew9, TommyTheMet, Tumnus, voltaicwaffles, zenith
St__Clair__IL, 9iner, AJ, anthonys00, Apollobo, Arctic Tern, AyjAy011, Bvarium, Cascadia, Chicago Geographer, chirpn, DasSchnootz, dfshapir, EnzoDragon1, fbmdf1821, fladnag, Flame, gurf, IGotSap, Ivan, jaydoo909, Jet, jogwi, Kai, kp, lostmyballs, nuclear ocelot, OKobern, Pendulous, Popeetoes, qazplm500, Radians, sagittarius998, Sean30303, shin, stathx, Steve Lira, stupiddrew9, The Texan, Urbanindy, voltaicwaffles, zenith
Monroe__IL, 9iner, Bvarium, Chicago Geographer, DasSchnootz, dfshapir, Kai, nuclear ocelot, OKobern, Sean30303, shin, stathx, The Texan
Randolph__IL, 9iner, dfshapir, Kai, nuclear ocelot, Sean30303, shin, stathx, stupiddrew9, The Texan, Urbanindy
Cape_Girardeau__MO, 9iner, Bvarium, Chicago Geographer, dfshapir, jaydoo909, jogwi, Kai, lostmyballs, mobambachloride, Pendulous, phosphophyllite, sheepie, shin, Steve Lira, stupiddrew9
Perry__MO, 9iner, Bvarium, Chicago Geographer, dfshapir, jaydoo909, jogwi, Kai, lostmyballs, mobambachloride, Pendulous, Sean30303, shin, stupiddrew9, The Texan, Urbanindy
Sainte_Genevieve__MO, 9iner, Bvarium, Chicago Geographer, dfshapir, jaydoo909, jogwi, Kai, lostmyballs, mobambachloride, Pendulous, Sean30303, shin, stupiddrew9, Urbanindy
Iron__MO, 9iner, Chicago Geographer, dfshapir, Jet, Kai, phosphophyllite, sagittarius998, sheepie, shin
St__Francois__MO, 9iner, Chicago Geographer, dfshapir, Flame, Jet, Kai, phosphophyllite, sagittarius998, sheepie, shin, The Texan
Franklin__MO, 9iner, Apollobo, Armadillo, Chicago Geographer, DasSchnootz, dfshapir, Flame, gurf, jaydoo909, Jet, Kai, OKobern, Pendulous, phosphophyllite, Popeetoes, shin, Steve Lira, stupiddrew9, The Texan, zenith
Greene__MO, 9iner, Apollobo, Armadillo, Chicago Geographer, corndog, DasSchnootz, dfshapir, Flame, FlyingBro, IGotSap, jaydoo909, Jet, jogwi, Kai, Kiribati, kp, lostmyballs, OKobern, oracle-of-naivete, Pendulous, phosphophyllite, Popeetoes, sheepie, shin, Steve Lira, The Texan, zenith
Webster__MO, 9iner, Apollobo, Armadillo, Chicago Geographer, DasSchnootz, dfshapir, Flame, jaydoo909, Jet, jogwi, Kai, kp, OKobern, oracle-of-naivete, Pendulous, phosphophyllite, Popeetoes, sheepie, shin, Steve Lira, The Texan, zenith
Pulaski__MO, 9iner, Apollobo, Armadillo, Chicago Geographer, DasSchnootz, dfshapir, Flame, jaydoo909, Jet, Kai, OKobern, Pendulous, phosphophyllite, Popeetoes, sheepie, shin, Steve Lira, The Texan, zenith
Warren__MO, 9iner, Armadillo, Cascadia, DasSchnootz, dfshapir, EnzoDragon1, fladnag, IGotSap, jogwi, Jo™, mobambachloride, OKobern, Sean30303, shin, stupiddrew9, TommyTheMet, Tumnus, voltaicwaffles, WizardGrape, zenith
San_Bernardino__CA, aidenb1127, Arctic Tern, Armadillo, Ava, bam, Banana Peel Seal, Bvarium, Cascadia, Chicago Geographer, chupoxag, DasSchnootz, De Martian, dfshapir, Diamond Armor Steve, EJ'sEmpire, FlyingBro, Geo, GeoGamr🇺🇦, georoulette, gurf, hateornges, jaydoo909, Jet, jogwi, Jo™, KlutchEZ, lostmyballs, Norton, nuclear ocelot, OceanMan, OKobern, oracle-of-naivete, Paris_Labrador, Patxepi, Pencil Vulture, Pendulous, phosphophyllite, Radians, Redoct878, sheepie, shin, soup, stathx, stephner, Steve Lira, sunnysideup, TheScooterBuskie, Tumnus, UCLA_Jesus, zenith
Kern__CA, aidenb1127, Arctic Tern, Armadillo, Ava, bam, Banana Peel Seal, Cascadia, chirpn, chupoxag, DasSchnootz, De Martian, dfshapir, georoulette, gurf, Jet, jogwi, lostmyballs, MKA, Norton, nuclear ocelot, oracle-of-naivete, Pencil Vulture, Pendulous, phosphophyllite, Radians, Redoct878, Tumnus, UCLA_Jesus, zenith
San_Benito__CA, aidenb1127, Arctic Tern, bam, Banana Peel Seal, chupoxag, De Martian, dfshapir, gurf, Kai, lostmyballs, MKA, mobambachloride, Norton, nuclear ocelot, OKobern, oracle-of-naivete, Pencil Vulture, Radu, Redoct878, stephner, Tumnus, UCLA_Jesus, zenith
Inyo__CA, aidenb1127, Arctic Tern, Armadillo, bam, Banana Peel Seal, Cascadia, chirpn, De Martian, dfshapir, Diamond Armor Steve, GeoGamr🇺🇦, georoulette, gurf, MKA, nuclear ocelot, Patxepi, Pencil Vulture, phosphophyllite, stathx, Steve Lira, TheScooterBuskie, Tumnus, UCLA_Jesus, user1115
Kings__CA, aidenb1127, Arctic Tern, Ava, bam, Banana Peel Seal, Cascadia, chupoxag, De Martian, fladnag, georoulette, gurf, lostmyballs, Norton, nuclear ocelot, oracle-of-naivete, Pencil Vulture, phosphophyllite, Radians, Redoct878, Tumnus, UCLA_Jesus, zenith
Madera__CA, aidenb1127, Arctic Tern, bam, Banana Peel Seal, chupoxag, De Martian, fladnag, georoulette, gurf, Jet, jogwi, lostmyballs, MKA, nuclear ocelot, Pencil Vulture, Pendulous, Radu, Tumnus, UCLA_Jesus, Urbanindy, zenith
Santa_Clara__CA, aidenb1127, anthonys00, Arctic Tern, AyjAy011, bam, Banana Peel Seal, Cascadia, chirpn, chupoxag, De Martian, dfshapir, Diamond Armor Steve, gurf, jaydoo909, Kai, lostmyballs, MKA, mobambachloride, Norton, nuclear ocelot, OKobern, oracle-of-naivete, Patxepi, Pencil Vulture, phosphophyllite, Radians, Radu, Redoct878, shin, stephner, sunnysideup, TheScooterBuskie, Tumnus, UCLA_Jesus, Urbanindy, user1115, zenith
San_Mateo__CA, aidenb1127, anthonys00, Arctic Tern, AyjAy011, bam, Banana Peel Seal, Cascadia, Cedar, Chicago Geographer, chirpn, chupoxag, De Martian, dfshapir, Diamond Armor Steve, FlyingBro, GeoGamr🇺🇦, gurf, Ivan, jaydoo909, Kai, lostmyballs, MKA, mobambachloride, Norton, nuclear ocelot, OceanMan, oracle-of-naivete, Patxepi, Pencil Vulture, Pendulous, phosphophyllite, Popeetoes, Radians, Radu, Redoct878, shin, stephner, Steve Lira, stupiddrew9, sunnysideup, TheScooterBuskie, Tumnus, UCLA_Jesus, Urbanindy, user1115, VS4GdqaYdYYrmBIMj1ab, zenith
Marin__CA, aidenb1127, anthonys00, Arctic Tern, AyjAy011, bam, Banana Peel Seal, Cascadia, Cedar, chupoxag, De Martian, dfshapir, Diamond Armor Steve, FlyingBro, gurf, jaydoo909, jogwi, Kai, lostmyballs, MKA, mobambachloride, Norton, nuclear ocelot, OceanMan, oracle-of-naivete, Patxepi, Pencil Vulture, Pendulous, Popeetoes, Radians, Radu, Redoct878, shin, stephner, Steve Lira, stupiddrew9, sunnysideup, TheScooterBuskie, Urbanindy, user1115
Stanislaus__CA, aidenb1127, Arctic Tern, Ava, bam, Banana Peel Seal, Cascadia, chupoxag, De Martian, Diamond Armor Steve, georoulette, gurf, jogwi, lostmyballs, MKA, Norton, nuclear ocelot, Patxepi, Pencil Vulture, phosphophyllite, Radians, Radu, Redoct878, Steve Lira, sunnysideup, TheScooterBuskie, Tumnus, UCLA_Jesus, Urbanindy, user1115
San_Joaquin__CA, aidenb1127, Arctic Tern, Ava, bam, Banana Peel Seal, Cascadia, chupoxag, De Martian, Diamond Armor Steve, gurf, jogwi, lostmyballs, MKA, Norton, nuclear ocelot, Patxepi, Pencil Vulture, phosphophyllite, Radians, Radu, Redoct878, Steve Lira, sunnysideup, TheScooterBuskie, Tumnus, Urbanindy
Modoc__CA, aidenb1127, Armadillo, bam, Cascadia, De Martian, gurf, lostmyballs, nuclear ocelot, Steve Lira
Lassen__CA, aidenb1127, Arctic Tern, Armadillo, bam, Cascadia, De Martian, gurf, lostmyballs, nuclear ocelot, sheepie, stathx, Steve Lira, sunnysideup
Sierra__CA, aidenb1127, Arctic Tern, Bradinator, Cascadia, chupoxag, De Martian, fladnag, gurf, Kai, lostmyballs, nuclear ocelot, Pencil Vulture, Radu, sheepie, stathx, Steve Lira, sunnysideup, voltaicwaffles, zenith
Carson_City__NV, aidenb1127, Cascadia, De Martian, georoulette, gurf, Jet, jogwi, Kai, lostmyballs, MKA, oracle-of-naivete, Pencil Vulture, Pendulous, phosphophyllite, Radians, Radu, stathx, Steve Lira, stupiddrew9, sunnysideup
La_Paz__AZ, aidenb1127, bam, dfshapir, FlyingBro, gurf, jaydoo909, Jet, oracle-of-naivete, phosphophyllite, sheepie, shin, stathx, stephner, Steve Lira, Tumnus
Maricopa__AZ, aidenb1127, anthonys00, Arctic Tern, Armadillo, Ava, bam, Bean, Bvarium, Cascadia, chirpn, corndog, De Martian, dfshapir, Diamond Armor Steve, EJ'sEmpire, fladnag, FlyingBro, Geo, GeoGamr🇺🇦, gurf, Ivan, jaydoo909, Jet, jogwi, Jo™, Kai, lostmyballs, MKA, Norton, OceanMan, OKobern, oracle-of-naivete, Paris_Labrador, Patxepi, Pencil Vulture, phosphophyllite, qazplm500, Radians, sheepie, shin, stathx, stephner, Steve Lira, stupiddrew9, The Texan, Tumnus, voltaicwaffles, WizardGrape, zenith
Yavapai__AZ, aidenb1127, Arctic Tern, Armadillo, Ava, bam, Banana Peel Seal, Bvarium, Cascadia, Chicago Geographer, corndog, De Martian, dfshapir, Diamond Armor Steve, EJ'sEmpire, FlyingBro, Geo, GeoGamr🇺🇦, gurf, Ivan, jaydoo909, Jet, jogwi, Jo™, Kai, lostmyballs, MKA, OKobern, oracle-of-naivete, Paris_Labrador, Patxepi, Pencil Vulture, Pendulous, phosphophyllite, qazplm500, Radians, sheepie, shin, stathx, stephner, Steve Lira, stupiddrew9, Tumnus, voltaicwaffles, WizardGrape, zenith
Jefferson__WA, aidenb1127, Arctic Tern, arija, bam, Bvarium, Cascadia, chirpn, dfshapir, gurf, lostmyballs, MKA, nuclear ocelot, OceanMan, OKobern, Paris_Labrador, Pencil Vulture, Pendulous, qazplm500, Radians, Sean30303, shin, The Texan, Tumnus
Clallam__WA, aidenb1127, Arctic Tern, arija, bam, Bvarium, Cascadia, chirpn, dfshapir, gurf, lostmyballs, MKA, nuclear ocelot, OceanMan, OKobern, Paris_Labrador, Pencil Vulture, Pendulous, qazplm500, Radians, Sean30303, shin, The Texan, Tumnus
Iron__UT, aidenb1127, Armadillo, bam, Cascadia, De Martian, dfshapir, Diamond Armor Steve, gurf, jogwi, Jo™, KlutchEZ, mobambachloride, OceanMan, Pencil Vulture, phosphophyllite, qazplm500, Radu, stathx, Steve Lira, Tumnus, user1115, zenith
Beaver__UT, aidenb1127, Armadillo, Cascadia, dfshapir, Diamond Armor Steve, jogwi, Jo™, KlutchEZ, mobambachloride, OceanMan, Pencil Vulture, qazplm500, stathx, Steve Lira, Tumnus, user1115, zenith
Millard__UT, aidenb1127, Armadillo, Cascadia, De Martian, dfshapir, Diamond Armor Steve, GeoGamr🇺🇦, jogwi, Jo™, Kai, KlutchEZ, mobambachloride, OceanMan, Pencil Vulture, qazplm500, stathx, Steve Lira, stupiddrew9, Tumnus, user1115, zenith
Juab__UT, aidenb1127, Armadillo, De Martian, Diamond Armor Steve, GeoGamr🇺🇦, gurf, jogwi, KlutchEZ, mobambachloride, OceanMan, Pencil Vulture, stathx, Steve Lira, user1115, zenith
Utah__UT, aidenb1127, anthonys00, Arctic Tern, Armadillo, Banana Peel Seal, Bvarium, De Martian, Diamond Armor Steve, fladnag, GeoGamr🇺🇦, gurf, jogwi, KlutchEZ, MKA, mobambachloride, Norton, OceanMan, Pencil Vulture, stathx, Steve Lira, user1115, voltaicwaffles, wyatt, zenith
Sumner__TN, aidenb1127, anthonys00, Arctic Tern, Armadillo, AyjAy011, Cedar, Chicago Geographer, DasSchnootz, dfshapir, Diamond Armor Steve, fbmdf1821, fladnag, GeoGamr🇺🇦, hateornges, Ivan, jaydoo909, Jet, jogwi, KlutchEZ, kp, Littleduck, mobambachloride, Norton, nuclear ocelot, OKobern, Paris_Labrador, Pendulous, Popeetoes, Radu, Sean30303, sheepie, shin, stathx, Steve Lira, stupiddrew9, Urbanindy, zenith
Simpson__KY, aidenb1127, anthonys00, Arctic Tern, Armadillo, AyjAy011, Cedar, Chicago Geographer, DasSchnootz, dfshapir, Diamond Armor Steve, fbmdf1821, fladnag, Flame, GeoGamr🇺🇦, hateornges, Ivan, jaydoo909, jogwi, KlutchEZ, kp, Littleduck, mobambachloride, Norton, OKobern, Paris_Labrador, Pendulous, Popeetoes, Radu, Sean30303, sheepie, shin, Steve Lira, stupiddrew9, Urbanindy, zenith
Nevada__CA, aidenb1127, Arctic Tern, Banana Peel Seal, Bradinator, chupoxag, De Martian, fladnag, gurf, Kai, lostmyballs, nuclear ocelot, Pencil Vulture, Radu, stathx, sunnysideup, Tumnus, UCLA_Jesus, voltaicwaffles, zenith
Humphreys__TN, aidenb1127, Arctic Tern, Armadillo, Cedar, dfshapir, fladnag, FlyingBro, hateornges, jaydoo909, jogwi, kp, mobambachloride, muskox, Norton, nuclear ocelot, OKobern, Popeetoes, Radians, sheepie, shin, stupiddrew9, voltaicwaffles, zenith
Hickman__TN, aidenb1127, Arctic Tern, Armadillo, Cedar, dfshapir, fladnag, FlyingBro, jaydoo909, Jet, jogwi, kp, mobambachloride, muskox, Norton, nuclear ocelot, OKobern, Popeetoes, Radians, sheepie, shin, stupiddrew9, voltaicwaffles, zenith
Dickson__TN, aidenb1127, Arctic Tern, Armadillo, Cedar, dfshapir, fladnag, FlyingBro, hateornges, jaydoo909, jogwi, kp, mobambachloride, muskox, Norton, nuclear ocelot, OKobern, Popeetoes, Radians, sheepie, shin, stupiddrew9, voltaicwaffles, zenith
Benton__TN, aidenb1127, Arctic Tern, Armadillo, Cedar, dfshapir, fladnag, FlyingBro, hateornges, jaydoo909, jogwi, kp, mobambachloride, muskox, Norton, nuclear ocelot, OKobern, Popeetoes, Radians, sheepie, shin, stupiddrew9, voltaicwaffles, zenith
St__Clair__AL, aidenb1127, Cascadia, Chicago Geographer, chirpn, crownedkinggame, dfshapir, fbmdf1821, fladnag, FlyingBro, GeoGamr🇺🇦, jaydoo909, Jet, jogwi, KlutchEZ, mobambachloride, muskox, Norton, OKobern, Radu, sagittarius998, shin, stupiddrew9, Tumnus, voltaicwaffles, zenith
Mohave__AZ, aidenb1127, Apollobo, Arctic Tern, Armadillo, Ava, bam, Banana Peel Seal, Bvarium, Cascadia, chupoxag, DasSchnootz, De Martian, dfshapir, Diamond Armor Steve, EJ'sEmpire, FlyingBro, Geo, GeoGamr🇺🇦, gurf, Ivan, jaydoo909, Jet, jogwi, Jo™, KlutchEZ, MKA, mobambachloride, OceanMan, OKobern, oracle-of-naivete, Paris_Labrador, Patxepi, Pencil Vulture, Pendulous, phosphophyllite, qazplm500, Radians, Radu, sheepie, shin, soup, stathx, stephner, Steve Lira, stupiddrew9, sunnysideup, TheScooterBuskie, Tumnus, UCLA_Jesus, Urbanindy, user1115, zenith
New_Castle__DE, aidenb1127, anthonys00, Arctic Tern, arija, Armadillo, AyjAy011, Banana Peel Seal, Bubba, Bvarium, Cascadia, Chicago Geographer, chirpn, chupoxag, crownedkinggame, DasSchnootz, De Martian, dfshapir, Diamond Armor Steve, Dragonfire, EJ'sEmpire, EnzoDragon1, flaber, fladnag, ineedaface, JayVerti, Jet, jogwi, Jo™, Knight, kp, lostmyballs, mobambachloride, muskox, nuclear ocelot, OceanMan, oracle-of-naivete, Patxepi, Pencil Vulture, phosphophyllite, Piglee, Popeetoes, Radians, Radu, sagittarius998, sheepie, shin, stathx, stephner, stupiddrew9, TheScooterBuskie, TommyTheMet, train, Tumnus, UCLA_Jesus, Urbanindy, user1115, voltaicwaffles, wyatt, zenith
Hudson__NJ, aidenb1127, anthonys00, Arctic Tern, arija, Armadillo, AyjAy011, bam, Banana Peel Seal, Bubba, Cascadia, Chicago Geographer, chirpn, chupoxag, crownedkinggame, DasSchnootz, De Martian, dfshapir, Diamond Armor Steve, Dragonfire, EJ'sEmpire, EnzoDragon1, flaber, fladnag, Flame, GeoGamr🇺🇦, hateornges, JayVerti, Jet, jogwi, Kai, Kiribati, KlutchEZ, Knight, kp, lostmyballs, MKA, mobambachloride, Norton, nuclear ocelot, oracle-of-naivete, Patxepi, Pencil Vulture, phosphophyllite, Piglee, Popeetoes, Radians, Radu, sagittarius998, Sean30303, sheepie, shin, soup, stathx, stephner, Steve Lira, stupiddrew9, TheScooterBuskie, TommyTheMet, train, Tumnus, UCLA_Jesus, user1115, voltaicwaffles, VS4GdqaYdYYrmBIMj1ab, wyatt, zenith
Essex__NJ, aidenb1127, anthonys00, Arctic Tern, arija, Armadillo, AyjAy011, Banana Peel Seal, Bubba, Cascadia, Chicago Geographer, chirpn, chupoxag, crownedkinggame, DasSchnootz, De Martian, dfshapir, Diamond Armor Steve, Dragonfire, EnzoDragon1, flaber, fladnag, Flame, hateornges, JayVerti, Jet, jogwi, Kiribati, Knight, kp, lostmyballs, MKA, mobambachloride, muskox, Norton, nuclear ocelot, OceanMan, oracle-of-naivete, Paris_Labrador, Patxepi, Pencil Vulture, phosphophyllite, Piglee, Popeetoes, Radians, Radu, sagittarius998, Sean30303, sheepie, shin, stathx, stephner, Steve Lira, stupiddrew9, TheScooterBuskie, TommyTheMet, train, Tumnus, UCLA_Jesus, user1115, voltaicwaffles, wyatt, zenith
Union__NJ, aidenb1127, anthonys00, Arctic Tern, arija, Armadillo, AyjAy011, Banana Peel Seal, Bubba, Cascadia, Chicago Geographer, chirpn, chupoxag, crownedkinggame, DasSchnootz, De Martian, dfshapir, Diamond Armor Steve, Dragonfire, EnzoDragon1, flaber, fladnag, Flame, hateornges, JayVerti, Jet, jogwi, Knight, kp, lostmyballs, MKA, mobambachloride, muskox, Norton, nuclear ocelot, oracle-of-naivete, Paris_Labrador, Patxepi, Pencil Vulture, phosphophyllite, Piglee, Popeetoes, Radians, Radu, sagittarius998, Sean30303, sheepie, shin, stephner, Steve Lira, stupiddrew9, TheScooterBuskie, TommyTheMet, train, Tumnus, UCLA_Jesus, Urbanindy, user1115, voltaicwaffles, wyatt
Middlesex__NJ, aidenb1127, anthonys00, Arctic Tern, arija, Armadillo, AyjAy011, Banana Peel Seal, Bubba, Cascadia, Chicago Geographer, chirpn, chupoxag, crownedkinggame, DasSchnootz, De Martian, dfshapir, Diamond Armor Steve, Dragonfire, EnzoDragon1, flaber, fladnag, hateornges, ineedaface, JayVerti, Jet, jogwi, Knight, kp, lostmyballs, mobambachloride, Norton, nuclear ocelot, oracle-of-naivete, Patxepi, Pencil Vulture, phosphophyllite, Piglee, Popeetoes, Radians, Radu, sagittarius998, sheepie, shin, stephner, Steve Lira, stupiddrew9, TheScooterBuskie, TommyTheMet, train, Tumnus, UCLA_Jesus, Urbanindy, user1115, voltaicwaffles, wyatt
Mercer__NJ, aidenb1127, anthonys00, Arctic Tern, arija, Armadillo, AyjAy011, Banana Peel Seal, Bradinator, Cascadia, Chicago Geographer, chirpn, chupoxag, crownedkinggame, DasSchnootz, De Martian, dfshapir, Diamond Armor Steve, Dragonfire, EnzoDragon1, flaber, fladnag, hateornges, ineedaface, JayVerti, Jet, jogwi, Knight, kp, lostmyballs, mobambachloride, Norton, nuclear ocelot, OceanMan, oracle-of-naivete, Patxepi, Pencil Vulture, phosphophyllite, Piglee, Popeetoes, Radians, Radu, sagittarius998, sheepie, shin, stephner, stupiddrew9, TheScooterBuskie, TommyTheMet, train, Tumnus, UCLA_Jesus, Urbanindy, user1115, voltaicwaffles, wyatt
Bucks__PA, aidenb1127, anthonys00, Arctic Tern, arija, Banana Peel Seal, Bradinator, Bubba, Chicago Geographer, chirpn, De Martian, dfshapir, Diamond Armor Steve, EnzoDragon1, flaber, fladnag, hateornges, ineedaface, JayVerti, Jet, jogwi, Jo™, Knight, kp, MKA, mobambachloride, Norton, nuclear ocelot, OceanMan, oracle-of-naivete, Patxepi, Pencil Vulture, phosphophyllite, Piglee, Popeetoes, Radians, sagittarius998, shin, stathx, stephner, stupiddrew9, TheScooterBuskie, TommyTheMet, UCLA_Jesus, Urbanindy, user1115, voltaicwaffles, VS4GdqaYdYYrmBIMj1ab, wyatt
Montgomery__PA, aidenb1127, anthonys00, Arctic Tern, Banana Peel Seal, Bradinator, Bubba, Chicago Geographer, chirpn, De Martian, dfshapir, EnzoDragon1, fladnag, hateornges, JayVerti, Jo™, MKA, mobambachloride, muskox, Norton, nuclear ocelot, oracle-of-naivete, Pendulous, phosphophyllite, Popeetoes, Radians, sagittarius998, shin, stathx, stephner, stupiddrew9, TheScooterBuskie, TommyTheMet, Tumnus, VS4GdqaYdYYrmBIMj1ab, wyatt, zenith
Camden__NJ, aidenb1127, anthonys00, Arctic Tern, Armadillo, AyjAy011, Bubba, Cascadia, chirpn, chupoxag, crownedkinggame, DasSchnootz, De Martian, dfshapir, Diamond Armor Steve, Dragonfire, EnzoDragon1, flaber, fladnag, hateornges, ineedaface, JayVerti, Jo™, lostmyballs, mobambachloride, Norton, nuclear ocelot, oracle-of-naivete, Patxepi, Pendulous, phosphophyllite, Popeetoes, Radians, Radu, Redoct878, sagittarius998, sheepie, shin, stathx, stephner, stupiddrew9, TheScooterBuskie, TommyTheMet, train, Tumnus, voltaicwaffles, VS4GdqaYdYYrmBIMj1ab, wyatt, zenith
Gloucester__NJ, aidenb1127, anthonys00, Arctic Tern, Armadillo, AyjAy011, Bubba, Bvarium, Cascadia, chirpn, chupoxag, crownedkinggame, DasSchnootz, dfshapir, Diamond Armor Steve, Dragonfire, EnzoDragon1, flaber, fladnag, ineedaface, JayVerti, Jo™, mobambachloride, Norton, nuclear ocelot, oracle-of-naivete, Patxepi, phosphophyllite, Popeetoes, Radians, Radu, sagittarius998, sheepie, shin, stathx, stephner, stupiddrew9, TheScooterBuskie, TommyTheMet, train, Tumnus, voltaicwaffles, wyatt, zenith
Delaware__PA, aidenb1127, anthonys00, Arctic Tern, arija, Banana Peel Seal, Bubba, Bvarium, Chicago Geographer, chirpn, DasSchnootz, De Martian, dfshapir, Diamond Armor Steve, EJ'sEmpire, flaber, hateornges, ineedaface, JayVerti, Jet, jogwi, Jo™, Knight, kp, lostmyballs, MKA, mobambachloride, muskox, nuclear ocelot, OceanMan, oracle-of-naivete, Patxepi, Pencil Vulture, phosphophyllite, Piglee, Popeetoes, Radians, Radu, sagittarius998, sheepie, shin, stathx, stephner, stupiddrew9, TheScooterBuskie, TommyTheMet, Tumnus, UCLA_Jesus, Urbanindy, user1115, voltaicwaffles, wyatt, zenith
Mifflin__PA, aidenb1127, Arctic Tern, dfshapir, hateornges, JayVerti, Jo™, nuclear ocelot, oracle-of-naivete, phosphophyllite, sagittarius998, shin
Juniata__PA, aidenb1127, Arctic Tern, Bvarium, dfshapir, hateornges, Jo™, nuclear ocelot, oracle-of-naivete, Patxepi, phosphophyllite, sagittarius998, shin
Perry__PA, aidenb1127, Arctic Tern, Bvarium, dfshapir, EnzoDragon1, flaber, hateornges, Jo™, nuclear ocelot, oracle-of-naivete, Patxepi, phosphophyllite, sagittarius998, shin, TommyTheMet
Lancaster__PA, aidenb1127, Arctic Tern, Banana Peel Seal, Bradinator, Bubba, Chicago Geographer, chirpn, dfshapir, Diamond Armor Steve, EnzoDragon1, flaber, fladnag, hateornges, ineedaface, Jo™, mobambachloride, muskox, Norton, nuclear ocelot, oracle-of-naivete, Patxepi, Pendulous, phosphophyllite, Popeetoes, Radians, sagittarius998, shin, stupiddrew9, TheScooterBuskie, TommyTheMet, Tumnus, VS4GdqaYdYYrmBIMj1ab, zenith
Mason__WA, aidenb1127, Arctic Tern, arija, Cascadia, chirpn, gurf, lostmyballs, MKA, nuclear ocelot, OceanMan, OKobern, Pencil Vulture, Radians, shin, The Texan, Tumnus
Thurston__WA, aidenb1127, anthonys00, Arctic Tern, arija, Armadillo, Ava, bam, Banana Peel Seal, Bvarium, Cascadia, chirpn, chupoxag, De Martian, dfshapir, fladnag, FlyingBro, gurf, lostmyballs, MKA, mobambachloride, nuclear ocelot, OceanMan, OKobern, Pencil Vulture, Radians, Redoct878, Sean30303, sheepie, shin, sunnysideup, The Texan, TheScooterBuskie, Tumnus, wyatt
Lewis__WA, aidenb1127, anthonys00, Arctic Tern, arija, Armadillo, Ava, bam, Banana Peel Seal, Bvarium, Cascadia, chupoxag, De Martian, dfshapir, fladnag, FlyingBro, gurf, hateornges, jogwi, lostmyballs, MKA, mobambachloride, nuclear ocelot, OKobern, oracle-of-naivete, Pencil Vulture, Pendulous, qazplm500, Radians, Redoct878, Sean30303, sheepie, shin, sunnysideup, The Texan, TheScooterBuskie, Tumnus, wyatt
Cowlitz__WA, aidenb1127, anthonys00, Arctic Tern, arija, Armadillo, Ava, bam, Banana Peel Seal, Cascadia, chupoxag, De Martian, dfshapir, fladnag, FlyingBro, gurf, lostmyballs, MKA, mobambachloride, nuclear ocelot, OceanMan, OKobern, Pencil Vulture, Radians, Redoct878, Sean30303, sheepie, shin, sunnysideup, The Texan, Tumnus, wyatt
Washington__OR, aidenb1127, anthonys00, Arctic Tern, Armadillo, Ava, bam, Cascadia, Chicago Geographer, chirpn, chupoxag, corndog, dfshapir, gurf, jogwi, lostmyballs, MKA, mobambachloride, Norton, OceanMan, OKobern, oracle-of-naivete, Pencil Vulture, phosphophyllite, Sean30303, stathx, sunnysideup, TheScooterBuskie, Tumnus, UCLA_Jesus, voltaicwaffles
Multnomah__OR, aidenb1127, anthonys00, Arctic Tern, arija, Armadillo, Ava, bam, Banana Peel Seal, Bvarium, Cascadia, Chicago Geographer, chirpn, chupoxag, corndog, De Martian, dfshapir, fladnag, FlyingBro, gurf, jogwi, lostmyballs, MKA, mobambachloride, Norton, OceanMan, OKobern, oracle-of-naivete, Pencil Vulture, phosphophyllite, Radians, Redoct878, Sean30303, shin, stathx, Steve Lira, sunnysideup, The Texan, TheScooterBuskie, Tumnus, UCLA_Jesus, Urbanindy, voltaicwaffles, VS4GdqaYdYYrmBIMj1ab, wyatt, zenith
Clackamas__OR, aidenb1127, anthonys00, Arctic Tern, arija, Armadillo, Ava, bam, Banana Peel Seal, Bvarium, Cascadia, Chicago Geographer, chirpn, chupoxag, corndog, De Martian, dfshapir, fladnag, gurf, lostmyballs, MKA, mobambachloride, Norton, OceanMan, OKobern, oracle-of-naivete, Pencil Vulture, phosphophyllite, Redoct878, Sean30303, shin, stathx, Steve Lira, sunnysideup, The Texan, TheScooterBuskie, Tumnus, voltaicwaffles, wyatt
Marion__OR, aidenb1127, anthonys00, Arctic Tern, arija, Armadillo, Ava, Banana Peel Seal, Cascadia, Chicago Geographer, chirpn, chupoxag, De Martian, fladnag, gurf, lostmyballs, MKA, mobambachloride, Norton, OceanMan, OKobern, oracle-of-naivete, Pencil Vulture, phosphophyllite, Redoct878, Sean30303, stathx, Steve Lira, sunnysideup, The Texan, TheScooterBuskie, Tumnus, voltaicwaffles
Linn__OR, aidenb1127, anthonys00, Arctic Tern, arija, Armadillo, Ava, Banana Peel Seal, Cascadia, chirpn, chupoxag, De Martian, fladnag, gurf, lostmyballs, MKA, mobambachloride, Norton, OceanMan, OKobern, Pencil Vulture, phosphophyllite, Redoct878, Sean30303, stathx, Steve Lira, sunnysideup, The Texan, TheScooterBuskie, Tumnus, voltaicwaffles
Lane__OR, aidenb1127, anthonys00, Arctic Tern, arija, Armadillo, Ava, Banana Peel Seal, Cascadia, chirpn, chupoxag, De Martian, fladnag, gurf, jogwi, lostmyballs, MKA, mobambachloride, Norton, OceanMan, OKobern, Pencil Vulture, Pendulous, phosphophyllite, Redoct878, Sean30303, sheepie, Steve Lira, sunnysideup, The Texan, Tumnus, voltaicwaffles
Douglas__OR, aidenb1127, anthonys00, Arctic Tern, Ava, Cascadia, De Martian, gurf, jogwi, Kai, lostmyballs, MKA, OceanMan, OKobern, Pencil Vulture, Pendulous, phosphophyllite, Redoct878, sheepie, sunnysideup, The Texan, Tumnus
Jackson__OR, aidenb1127, Arctic Tern, bam, Cascadia, De Martian, gurf, jogwi, lostmyballs, MKA, OceanMan, OKobern, Pencil Vulture, phosphophyllite, Redoct878, sunnysideup
Klamath__OR, aidenb1127, Arctic Tern, Armadillo, bam, Banana Peel Seal, Bvarium, Cascadia, chupoxag, De Martian, fladnag, gurf, jogwi, Kai, lostmyballs, MKA, Norton, OceanMan, OKobern, Pencil Vulture, Sean30303, Steve Lira, sunnysideup, voltaicwaffles
Siskiyou__CA, aidenb1127, Arctic Tern, Armadillo, bam, Banana Peel Seal, Cascadia, chupoxag, De Martian, fladnag, gurf, jogwi, lostmyballs, MKA, Norton, nuclear ocelot, OKobern, Pencil Vulture, phosphophyllite, Redoct878, Sean30303, Steve Lira, sunnysideup, voltaicwaffles
Shasta__CA, aidenb1127, Arctic Tern, Ava, bam, Banana Peel Seal, Cascadia, chupoxag, De Martian, fladnag, gurf, jogwi, lostmyballs, MKA, Norton, nuclear ocelot, OKobern, Pencil Vulture, phosphophyllite, Redoct878, sheepie, sunnysideup, Tumnus, voltaicwaffles
Trinity__CA, aidenb1127, Ava, chupoxag, De Martian, gurf, lostmyballs, MKA, nuclear ocelot, sheepie, sunnysideup, Tumnus
Tulare__CA, aidenb1127, Arctic Tern, Armadillo, bam, Banana Peel Seal, chirpn, chupoxag, DasSchnootz, De Martian, fladnag, gurf, Jet, jogwi, lostmyballs, MKA, Norton, nuclear ocelot, oracle-of-naivete, Pencil Vulture, Pendulous, Radu, Tumnus, UCLA_Jesus, zenith
DuPage__IL, aidenb1127, anthonys00, Apollobo, Arctic Tern, AyjAy011, Banana Peel Seal, Bean, Bradinator, Bvarium, Cedar, Chicago Geographer, chirpn, corndog, DasSchnootz, De Martian, dfshapir, flaber, fladnag, Flame, gurf, hateornges, Ivan, jaydoo909, Jet, Kiribati, MKA, mobambachloride, muskox, Norton, nuclear ocelot, OceanMan, OKobern, Paris_Labrador, Patxepi, Pendulous, Popeetoes, sagittarius998, Sean30303, sheepie, shin, stathx, stephner, Steve Lira, stupiddrew9, train, Urbanindy, voltaicwaffles, zenith
Johnston__NC, aidenb1127, arija, Armadillo, Ava, Bubba, chirpn, crownedkinggame, dfshapir, Diamond Armor Steve, Dragonfire, EnzoDragon1, flaber, Flame, hateornges, Jet, Jo™, mobambachloride, muskox, nuclear ocelot, OceanMan, oracle-of-naivete, Patxepi, Piglee, Popeetoes, sagittarius998, shin, soup, stephner, TheScooterBuskie, TommyTheMet, user1115, voltaicwaffles, wyatt
Sampson__NC, aidenb1127, Armadillo, Bubba, chirpn, crownedkinggame, dfshapir, hateornges, muskox, nuclear ocelot, OceanMan, Patxepi, shin, user1115, voltaicwaffles, wyatt
Duplin__NC, aidenb1127, Armadillo, Bubba, chirpn, crownedkinggame, hateornges, mobambachloride, muskox, nuclear ocelot, OceanMan, Patxepi, shin, Tumnus, user1115, voltaicwaffles, wyatt
Pender__NC, aidenb1127, Armadillo, Bubba, Cascadia, chirpn, crownedkinggame, Diamond Armor Steve, hateornges, Ivan, mobambachloride, muskox, nuclear ocelot, OceanMan, oracle-of-naivete, Patxepi, Radu, shin, Tumnus, user1115, voltaicwaffles, wyatt
Durham__NC, aidenb1127, Arctic Tern, Bubba, chirpn, crownedkinggame, De Martian, dfshapir, Diamond Armor Steve, flaber, fladnag, Flame, GeoGamr🇺🇦, hateornges, Jet, jogwi, Knight, mobambachloride, muskox, nuclear ocelot, OceanMan, OKobern, oracle-of-naivete, Pendulous, phosphophyllite, Piglee, Radians, Radu, sagittarius998, shin, soup, stathx, stephner, stupiddrew9, user1115, voltaicwaffles, wyatt, zenith
Orange__NC, aidenb1127, Bubba, chirpn, crownedkinggame, De Martian, dfshapir, flaber, fladnag, Flame, GeoGamr🇺🇦, hateornges, Jet, jogwi, Knight, mobambachloride, muskox, nuclear ocelot, OceanMan, OKobern, oracle-of-naivete, Pendulous, phosphophyllite, Piglee, Radians, Radu, sagittarius998, shin, soup, stephner, stupiddrew9, user1115, voltaicwaffles, wyatt, zenith
Alamance__NC, aidenb1127, Bubba, chirpn, crownedkinggame, De Martian, dfshapir, flaber, fladnag, Flame, GeoGamr🇺🇦, hateornges, Jet, jogwi, Knight, mobambachloride, muskox, nuclear ocelot, OceanMan, OKobern, oracle-of-naivete, Pendulous, Piglee, Radu, sagittarius998, shin, soup, stephner, stupiddrew9, user1115, voltaicwaffles, wyatt, zenith
Smyth__VA, aidenb1127, anthonys00, Arctic Tern, Armadillo, Bvarium, chirpn, corndog, crownedkinggame, De Martian, dfshapir, Diamond Armor Steve, flaber, fladnag, FlyingBro, GeoGamr🇺🇦, jogwi, kp, mobambachloride, muskox, nuclear ocelot, OKobern, oracle-of-naivete, Patxepi, Pendulous, sagittarius998, shin, stephner, stupiddrew9, TheScooterBuskie, TommyTheMet, voltaicwaffles, zenith
Washington__VA, aidenb1127, anthonys00, Arctic Tern, Armadillo, Bvarium, chirpn, corndog, crownedkinggame, De Martian, dfshapir, Diamond Armor Steve, fbmdf1821, flaber, fladnag, FlyingBro, GeoGamr🇺🇦, jogwi, kp, mobambachloride, muskox, nuclear ocelot, OKobern, oracle-of-naivete, Patxepi, Pendulous, sagittarius998, shin, stephner, stupiddrew9, TheScooterBuskie, TommyTheMet, user1115, voltaicwaffles, zenith
Sullivan__TN, aidenb1127, anthonys00, Arctic Tern, Armadillo, Bvarium, Chicago Geographer, chirpn, corndog, crownedkinggame, De Martian, dfshapir, Diamond Armor Steve, fbmdf1821, flaber, fladnag, FlyingBro, GeoGamr🇺🇦, jogwi, kp, mobambachloride, nuclear ocelot, oracle-of-naivete, Patxepi, Pendulous, Radians, sagittarius998, shin, stupiddrew9, TheScooterBuskie, TommyTheMet, user1115, voltaicwaffles, zenith
Washington__TN, aidenb1127, anthonys00, Arctic Tern, Armadillo, Bvarium, Chicago Geographer, chirpn, corndog, crownedkinggame, De Martian, dfshapir, Diamond Armor Steve, fbmdf1821, flaber, fladnag, FlyingBro, GeoGamr🇺🇦, jogwi, kp, mobambachloride, nuclear ocelot, oracle-of-naivete, Patxepi, Radians, sagittarius998, shin, stupiddrew9, TheScooterBuskie, TommyTheMet, voltaicwaffles, zenith
Greene__TN, aidenb1127, anthonys00, Arctic Tern, Armadillo, Bvarium, chirpn, crownedkinggame, dfshapir, Diamond Armor Steve, fbmdf1821, flaber, fladnag, FlyingBro, GeoGamr🇺🇦, jogwi, kp, mobambachloride, nuclear ocelot, oracle-of-naivete, Radians, sagittarius998, shin, stupiddrew9, TheScooterBuskie, TommyTheMet, zenith
Hamblen__TN, aidenb1127, anthonys00, Arctic Tern, Armadillo, chirpn, crownedkinggame, dfshapir, Diamond Armor Steve, fbmdf1821, flaber, fladnag, FlyingBro, GeoGamr🇺🇦, jaydoo909, jogwi, kp, mobambachloride, nuclear ocelot, oracle-of-naivete, Radians, sagittarius998, shin, stupiddrew9, TheScooterBuskie, TommyTheMet, zenith
Jefferson__TN, aidenb1127, anthonys00, Arctic Tern, Armadillo, Bvarium, Cascadia, Chicago Geographer, chirpn, crownedkinggame, DasSchnootz, dfshapir, Diamond Armor Steve, fbmdf1821, flaber, fladnag, Flame, FlyingBro, GeoGamr🇺🇦, jaydoo909, jogwi, kp, mobambachloride, muskox, Norton, nuclear ocelot, OKobern, oracle-of-naivete, Radians, sagittarius998, shin, soup, stupiddrew9, TheScooterBuskie, TommyTheMet, Urbanindy, voltaicwaffles, zenith
Knox__TN, aidenb1127, Arctic Tern, Armadillo, Bvarium, Cascadia, Chicago Geographer, corndog, crownedkinggame, DasSchnootz, dfshapir, Diamond Armor Steve, fbmdf1821, flaber, fladnag, Flame, FlyingBro, GeoGamr🇺🇦, hateornges, jaydoo909, Jet, jogwi, kp, lostmyballs, mobambachloride, muskox, Norton, nuclear ocelot, OKobern, oracle-of-naivete, Pendulous, Radians, Radu, sagittarius998, sheepie, shin, soup, Steve Lira, stupiddrew9, TheScooterBuskie, TommyTheMet, Urbanindy, voltaicwaffles, WizardGrape, zenith
Loudon__TN, aidenb1127, Arctic Tern, Armadillo, Cascadia, crownedkinggame, DasSchnootz, dfshapir, Diamond Armor Steve, fladnag, Flame, FlyingBro, GeoGamr🇺🇦, hateornges, jaydoo909, Jet, jogwi, kp, mobambachloride, muskox, Norton, nuclear ocelot, OKobern, Radians, Radu, sagittarius998, shin, soup, Steve Lira, stupiddrew9, TheScooterBuskie, TommyTheMet, Urbanindy, voltaicwaffles, WizardGrape, zenith
Roane__TN, aidenb1127, Arctic Tern, Armadillo, Cascadia, crownedkinggame, DasSchnootz, dfshapir, Diamond Armor Steve, fladnag, Flame, FlyingBro, jaydoo909, Jet, jogwi, kp, muskox, nuclear ocelot, OKobern, Radians, shin, soup, stathx, stupiddrew9, voltaicwaffles, WizardGrape, zenith
Cumberland__TN, aidenb1127, Arctic Tern, Armadillo, Cascadia, crownedkinggame, DasSchnootz, dfshapir, Diamond Armor Steve, fladnag, Flame, FlyingBro, jaydoo909, Jet, jogwi, kp, mobambachloride, muskox, Norton, nuclear ocelot, OKobern, Radians, sheepie, shin, soup, stathx, stupiddrew9, voltaicwaffles, WizardGrape, zenith
Putnam__TN, aidenb1127, Arctic Tern, Armadillo, Cascadia, crownedkinggame, DasSchnootz, dfshapir, Diamond Armor Steve, fbmdf1821, fladnag, Flame, FlyingBro, jaydoo909, Jet, jogwi, kp, mobambachloride, muskox, Norton, nuclear ocelot, OKobern, Radians, sheepie, shin, soup, stathx, stupiddrew9, voltaicwaffles, WizardGrape, zenith
Smith__TN, aidenb1127, Armadillo, DasSchnootz, dfshapir, Diamond Armor Steve, fladnag, Flame, FlyingBro, jaydoo909, Jet, jogwi, kp, mobambachloride, muskox, Norton, nuclear ocelot, OKobern, Radians, sheepie, shin, soup, stathx, stupiddrew9, voltaicwaffles, WizardGrape, zenith
Wilson__TN, aidenb1127, anthonys00, Armadillo, AyjAy011, Cedar, DasSchnootz, dfshapir, Diamond Armor Steve, EnzoDragon1, fladnag, Flame, FlyingBro, jaydoo909, Jet, jogwi, kp, mobambachloride, muskox, Norton, nuclear ocelot, OKobern, Radians, sheepie, shin, soup, stathx, stupiddrew9, voltaicwaffles, WizardGrape, zenith
Carroll__TN, aidenb1127, Arctic Tern, Armadillo, Cedar, dfshapir, fladnag, FlyingBro, jaydoo909, jogwi, kp, mobambachloride, muskox, nuclear ocelot, OKobern, Popeetoes, Radians, sheepie, shin, stupiddrew9, voltaicwaffles, zenith
Henderson__TN, aidenb1127, Arctic Tern, Armadillo, Cedar, dfshapir, FlyingBro, hateornges, jaydoo909, jogwi, kp, mobambachloride, muskox, Norton, nuclear ocelot, OKobern, Popeetoes, Radians, sheepie, shin, stupiddrew9, voltaicwaffles, zenith
Madison__TN, aidenb1127, Arctic Tern, Armadillo, Bvarium, Cedar, Chicago Geographer, dfshapir, fladnag, FlyingBro, hateornges, jaydoo909, jogwi, kp, mobambachloride, muskox, Norton, nuclear ocelot, OKobern, Popeetoes, Radians, sheepie, shin, stupiddrew9, voltaicwaffles, zenith
Haywood__TN, aidenb1127, Arctic Tern, Armadillo, Bvarium, Cedar, fladnag, FlyingBro, hateornges, jaydoo909, jogwi, kp, mobambachloride, muskox, Norton, nuclear ocelot, OKobern, Popeetoes, Radians, sheepie, shin, stupiddrew9, voltaicwaffles, zenith
Fayette__TN, aidenb1127, Arctic Tern, Armadillo, Bvarium, Cedar, DasSchnootz, dfshapir, fladnag, FlyingBro, hateornges, jaydoo909, jogwi, KlutchEZ, kp, mobambachloride, muskox, Norton, nuclear ocelot, OKobern, Popeetoes, Radians, sheepie, shin, stupiddrew9, voltaicwaffles, zenith
St__Francis__AR, aidenb1127, Arctic Tern, Armadillo, Chicago Geographer, fladnag, FlyingBro, GeoGamr🇺🇦, hateornges, IGotSap, jaydoo909, jogwi, KlutchEZ, kp, muskox, Norton, OKobern, oracle-of-naivete, Popeetoes, Radians, shin, stathx, Steve Lira, stupiddrew9, The Texan, Tumnus, voltaicwaffles, zenith
Monroe__AR, aidenb1127, Arctic Tern, Armadillo, Chicago Geographer, fladnag, FlyingBro, GeoGamr🇺🇦, hateornges, IGotSap, jaydoo909, jogwi, KlutchEZ, kp, muskox, Norton, OKobern, oracle-of-naivete, Popeetoes, Radians, shin, stathx, Steve Lira, stupiddrew9, The Texan, Tumnus, voltaicwaffles, zenith
Prairie__AR, aidenb1127, Arctic Tern, Armadillo, Chicago Geographer, fladnag, FlyingBro, GeoGamr🇺🇦, hateornges, IGotSap, jaydoo909, jogwi, KlutchEZ, kp, muskox, Norton, OKobern, oracle-of-naivete, Popeetoes, Radians, shin, stathx, Steve Lira, stupiddrew9, The Texan, Tumnus, voltaicwaffles, zenith
Faulkner__AR, aidenb1127, Chicago Geographer, dfshapir, EnzoDragon1, GeoGamr🇺🇦, IGotSap, jogwi, Kai, kp, lostmyballs, muskox, OKobern, Popeetoes, shin, Tumnus, voltaicwaffles, zenith
Conway__AR, aidenb1127, Chicago Geographer, GeoGamr🇺🇦, IGotSap, jogwi, kp, muskox, OKobern, Popeetoes, shin, Tumnus, voltaicwaffles, zenith
Yell__AR, aidenb1127, Cascadia, Chicago Geographer, kp, muskox, OKobern, shin, zenith
Pope__AR, aidenb1127, Cascadia, Chicago Geographer, GeoGamr🇺🇦, IGotSap, jogwi, kp, muskox, OKobern, Popeetoes, shin, Tumnus, voltaicwaffles, zenith
Johnson__AR, aidenb1127, Cascadia, GeoGamr🇺🇦, IGotSap, jogwi, kp, muskox, OKobern, Popeetoes, shin, Tumnus, voltaicwaffles, zenith
Franklin__AR, aidenb1127, Cascadia, GeoGamr🇺🇦, IGotSap, jogwi, kp, muskox, OKobern, Popeetoes, shin, Tumnus, voltaicwaffles, zenith
Crawford__AR, aidenb1127, Cascadia, dfshapir, GeoGamr🇺🇦, IGotSap, Jet, jogwi, Kai, kp, muskox, OKobern, Popeetoes, Radians, shin, Steve Lira, The Texan, Tumnus, voltaicwaffles, VS4GdqaYdYYrmBIMj1ab, zenith
Sequoyah__OK, aidenb1127, Cascadia, dfshapir, GeoGamr🇺🇦, jogwi, Kai, kp, muskox, OKobern, Radians, shin, stathx, Steve Lira, The Texan, Tumnus, voltaicwaffles, zenith
Okmulgee__OK, aidenb1127, dfshapir, GeoGamr🇺🇦, jaydoo909, Jet, jogwi, kp, muskox, OKobern, oracle-of-naivete, shin, stathx, Steve Lira, Tumnus, voltaicwaffles, zenith
Okfuskee__OK, aidenb1127, GeoGamr🇺🇦, Jet, jogwi, kp, muskox, OKobern, oracle-of-naivete, shin, stathx, Steve Lira, Tumnus, voltaicwaffles, zenith
Seminole__OK, aidenb1127, GeoGamr🇺🇦, Jet, jogwi, kp, muskox, OKobern, oracle-of-naivete, shin, stathx, Steve Lira, Tumnus, voltaicwaffles, zenith
Pottawatomie__OK, aidenb1127, GeoGamr🇺🇦, IGotSap, Jet, jogwi, kp, mobambachloride, muskox, OKobern, oracle-of-naivete, shin, stathx, Steve Lira, Tumnus, voltaicwaffles, zenith
Canadian__OK, aidenb1127, Armadillo, Chicago Geographer, dfshapir, GeoGamr🇺🇦, jogwi, Kai, kp, MKA, muskox, OKobern, oracle-of-naivete, Pendulous, phosphophyllite, sheepie, shin, stathx, Steve Lira, TommyTheMet, Tumnus, voltaicwaffles, zenith
Caddo__OK, aidenb1127, Armadillo, Chicago Geographer, dfshapir, jogwi, Kai, kp, MKA, muskox, OKobern, oracle-of-naivete, Pendulous, phosphophyllite, sheepie, shin, stathx, Steve Lira, TommyTheMet, Tumnus, voltaicwaffles, zenith
Custer__OK, aidenb1127, Armadillo, Chicago Geographer, dfshapir, GeoGamr🇺🇦, jogwi, Kai, MKA, muskox, OKobern, oracle-of-naivete, Pendulous, phosphophyllite, sheepie, shin, stathx, Steve Lira, TommyTheMet, Tumnus, voltaicwaffles, zenith
Washita__OK, aidenb1127, Armadillo, Chicago Geographer, dfshapir, GeoGamr🇺🇦, jogwi, Kai, MKA, muskox, OKobern, oracle-of-naivete, Pendulous, phosphophyllite, sheepie, shin, stathx, Steve Lira, TommyTheMet, Tumnus, voltaicwaffles, zenith
Beckham__OK, aidenb1127, Armadillo, Chicago Geographer, dfshapir, GeoGamr🇺🇦, jogwi, Kai, MKA, muskox, OKobern, oracle-of-naivete, Pendulous, phosphophyllite, sheepie, shin, stathx, Steve Lira, TommyTheMet, Tumnus, voltaicwaffles, zenith
Wheeler__TX, aidenb1127, Armadillo, Bvarium, Chicago Geographer, dfshapir, GeoGamr🇺🇦, jaydoo909, Jet, jogwi, Kai, muskox, OKobern, oracle-of-naivete, Pendulous, phosphophyllite, Popeetoes, sheepie, shin, stathx, Steve Lira, Tumnus, voltaicwaffles, zenith
Gray__TX, aidenb1127, Armadillo, Chicago Geographer, dfshapir, GeoGamr🇺🇦, jaydoo909, Jet, jogwi, Kai, lostmyballs, muskox, OKobern, oracle-of-naivete, Pendulous, phosphophyllite, Popeetoes, sheepie, shin, stathx, Steve Lira, Tumnus, voltaicwaffles, VS4GdqaYdYYrmBIMj1ab, zenith
Donley__TX, aidenb1127, Armadillo, Ava, Chicago Geographer, dfshapir, GeoGamr🇺🇦, jaydoo909, Jet, jogwi, Kai, muskox, OKobern, oracle-of-naivete, Pendulous, phosphophyllite, Popeetoes, Radians, sheepie, shin, stathx, Steve Lira, Tumnus, voltaicwaffles, VS4GdqaYdYYrmBIMj1ab, zenith
Randall__TX, aidenb1127, Ava, Chicago Geographer, fladnag, FlyingBro, jaydoo909, Jet, lostmyballs, muskox, OKobern, Popeetoes, stathx, Steve Lira, The Texan, TommyTheMet, Tumnus, VS4GdqaYdYYrmBIMj1ab, zenith
Carson__TX, aidenb1127, Armadillo, Ava, Chicago Geographer, dfshapir, GeoGamr🇺🇦, jaydoo909, Jet, jogwi, Kai, lostmyballs, muskox, OKobern, oracle-of-naivete, Pendulous, phosphophyllite, Popeetoes, Radians, sheepie, shin, stathx, Steve Lira, Tumnus, voltaicwaffles, VS4GdqaYdYYrmBIMj1ab, zenith
Oldham__TX, aidenb1127, Armadillo, Ava, dfshapir, FlyingBro, GeoGamr🇺🇦, jaydoo909, Jet, jogwi, Kai, lostmyballs, muskox, OKobern, oracle-of-naivete, Pendulous, phosphophyllite, Popeetoes, Radians, sheepie, shin, stathx, Steve Lira, The Texan, Tumnus, voltaicwaffles, VS4GdqaYdYYrmBIMj1ab, zenith
Deaf_Smith__TX, aidenb1127, Armadillo, Ava, dfshapir, FlyingBro, GeoGamr🇺🇦, jaydoo909, Jet, jogwi, Kai, lostmyballs, muskox, OKobern, oracle-of-naivete, Pendulous, phosphophyllite, Popeetoes, Radians, shin, stathx, Steve Lira, Tumnus, voltaicwaffles, VS4GdqaYdYYrmBIMj1ab, zenith
Quay__NM, aidenb1127, Armadillo, Ava, Chicago Geographer, dfshapir, GeoGamr🇺🇦, jaydoo909, Jet, jogwi, Kai, lostmyballs, muskox, OKobern, oracle-of-naivete, Pendulous, phosphophyllite, Popeetoes, Radians, shin, stathx, Steve Lira, The Texan, Tumnus, voltaicwaffles, VS4GdqaYdYYrmBIMj1ab, zenith
Guadalupe__NM, aidenb1127, Armadillo, Ava, Chicago Geographer, chirpn, dfshapir, FlyingBro, GeoGamr🇺🇦, jaydoo909, Jet, jogwi, Kai, OKobern, oracle-of-naivete, Pendulous, phosphophyllite, Popeetoes, Radians, stathx, Steve Lira, The Texan, Tumnus, user1115, voltaicwaffles, VS4GdqaYdYYrmBIMj1ab, zenith
Torrance__NM, aidenb1127, Arctic Tern, Armadillo, Ava, Chicago Geographer, chirpn, dfshapir, FlyingBro, GeoGamr🇺🇦, jaydoo909, Jet, jogwi, Kai, OKobern, oracle-of-naivete, Pendulous, phosphophyllite, Popeetoes, Radians, stathx, Steve Lira, The Texan, Tumnus, user1115, voltaicwaffles, VS4GdqaYdYYrmBIMj1ab, zenith
Santa_Fe__NM, aidenb1127, AJ, Apollobo, Arctic Tern, Armadillo, Ava, Cascadia, Chicago Geographer, chirpn, DasSchnootz, De Martian, dfshapir, Diamond Armor Steve, fladnag, FlyingBro, Geo, GeoGamr🇺🇦, jaydoo909, Jet, jogwi, Jo™, Kai, Kiribati, lostmyballs, Norton, OKobern, oracle-of-naivete, Pendulous, phosphophyllite, Popeetoes, Radians, sheepie, shin, stathx, Steve Lira, The Texan, Tumnus, user1115, voltaicwaffles, zenith
Navajo__AZ, aidenb1127, Arctic Tern, Armadillo, Ava, bam, Cascadia, Chicago Geographer, corndog, DasSchnootz, De Martian, dfshapir, FlyingBro, Geo, GeoGamr🇺🇦, gurf, jaydoo909, Jet, jogwi, Jo™, Kai, lostmyballs, MKA, mobambachloride, OKobern, oracle-of-naivete, Patxepi, Pencil Vulture, Pendulous, phosphophyllite, Popeetoes, qazplm500, Radians, sheepie, shin, stathx, Steve Lira, The Texan, Tumnus, UCLA_Jesus, voltaicwaffles, zenith
Solano__CA, aidenb1127, Arctic Tern, bam, Banana Peel Seal, Cascadia, chupoxag, De Martian, dfshapir, gurf, jogwi, Kai, lostmyballs, MKA, mobambachloride, Norton, nuclear ocelot, OKobern, oracle-of-naivete, Pencil Vulture, Radians, Radu, Redoct878, stupiddrew9, sunnysideup, zenith
Laramie__WY, aidenb1127, AJ, Apollobo, Bvarium, Chicago Geographer, dfshapir, EJ'sEmpire, EnzoDragon1, GeoGamr🇺🇦, gurf, jogwi, Jo™, Kai, Knight, MKA, muskox, OceanMan, OKobern, oracle-of-naivete, Radians, Sean30303, sheepie, shin, stathx, stephner, TommyTheMet, Tumnus, user1115, WizardGrape, zenith
McKinley__NM, aidenb1127, Armadillo, Ava, Cascadia, Chicago Geographer, DasSchnootz, De Martian, dfshapir, FlyingBro, Geo, GeoGamr🇺🇦, gurf, jaydoo909, Jet, jogwi, Jo™, Kai, mobambachloride, OKobern, oracle-of-naivete, Pendulous, phosphophyllite, Popeetoes, Radians, sheepie, shin, stathx, Steve Lira, The Texan, Tumnus, UCLA_Jesus, voltaicwaffles, zenith
Banner__NE, aidenb1127, dfshapir, GeoGamr🇺🇦, gurf, muskox, OceanMan, OKobern, oracle-of-naivete, Radians, sheepie, shin, stathx, user1115, zenith
Kimball__NE, aidenb1127, Apollobo, Bvarium, Cascadia, Chicago Geographer, dfshapir, EJ'sEmpire, gurf, jogwi, Kai, muskox, OceanMan, OKobern, Radians, Sean30303, sheepie, shin, stathx, Tumnus, WizardGrape, zenith
Uinta__WY, aidenb1127, De Martian, Diamond Armor Steve, EnzoDragon1, gurf, jogwi, Kai, OceanMan, oracle-of-naivete, Radians, stathx, Steve Lira, Tumnus, zenith
Tooele__UT, aidenb1127, Banana Peel Seal, De Martian, fladnag, GeoGamr🇺🇦, OKobern, oracle-of-naivete, sheepie, stathx, Steve Lira, voltaicwaffles, zenith
Eureka__NV, aidenb1127, Arctic Tern, Banana Peel Seal, Cascadia, De Martian, fladnag, gurf, jogwi, Kai, oracle-of-naivete, Pendulous, sheepie, stathx, stupiddrew9, voltaicwaffles, zenith
Lander__NV, aidenb1127, Arctic Tern, Banana Peel Seal, Cascadia, De Martian, fladnag, georoulette, gurf, jogwi, Kai, MKA, oracle-of-naivete, Pendulous, sheepie, stathx, stupiddrew9, sunnysideup, voltaicwaffles, zenith
Humboldt__NV, aidenb1127, Arctic Tern, Banana Peel Seal, Cascadia, chupoxag, De Martian, fladnag, georoulette, gurf, jogwi, lostmyballs, MKA, oracle-of-naivete, Pendulous, sheepie, stathx, sunnysideup, voltaicwaffles, zenith
Pershing__NV, aidenb1127, Arctic Tern, Banana Peel Seal, chupoxag, De Martian, fladnag, georoulette, gurf, jogwi, lostmyballs, oracle-of-naivete, Pendulous, sheepie, stathx, voltaicwaffles, zenith
Nash__NC, aidenb1127, arija, Armadillo, Ava, Bubba, chirpn, crownedkinggame, dfshapir, Diamond Armor Steve, Dragonfire, EnzoDragon1, flaber, Jet, Jo™, mobambachloride, muskox, nuclear ocelot, OceanMan, OKobern, oracle-of-naivete, Patxepi, Piglee, Popeetoes, sagittarius998, shin, soup, stephner, stupiddrew9, TheScooterBuskie, TommyTheMet, user1115, voltaicwaffles, wyatt
Edgecombe__NC, aidenb1127, Bubba, chirpn, crownedkinggame, dfshapir, Jet, mobambachloride, muskox, nuclear ocelot, OceanMan, OKobern, shin, stupiddrew9, Tumnus, user1115, voltaicwaffles, wyatt
Martin__NC, aidenb1127, Bubba, chirpn, crownedkinggame, dfshapir, Ivan, Jet, muskox, nuclear ocelot, OceanMan, OKobern, Popeetoes, Radu, shin, stupiddrew9, Tumnus, user1115, voltaicwaffles
Washington__NC, aidenb1127, chirpn, crownedkinggame, dfshapir, Jet, muskox, nuclear ocelot, OceanMan, OKobern, Popeetoes, Radu, shin, stupiddrew9, user1115, voltaicwaffles
Tyrrell__NC, aidenb1127, chirpn, crownedkinggame, dfshapir, Jet, muskox, nuclear ocelot, OceanMan, OKobern, Popeetoes, Radu, shin, stupiddrew9, user1115, voltaicwaffles
Halifax__NC, aidenb1127, arija, Armadillo, Ava, Bubba, chirpn, crownedkinggame, dfshapir, Diamond Armor Steve, Dragonfire, EnzoDragon1, flaber, Jet, Jo™, mobambachloride, muskox, nuclear ocelot, oracle-of-naivete, Patxepi, Piglee, sagittarius998, shin, soup, stephner, TheScooterBuskie, TommyTheMet, user1115, voltaicwaffles, wyatt
Northampton__NC, aidenb1127, arija, Armadillo, Ava, Bubba, chirpn, crownedkinggame, dfshapir, Diamond Armor Steve, Dragonfire, EnzoDragon1, flaber, Jet, Jo™, mobambachloride, muskox, nuclear ocelot, oracle-of-naivete, Patxepi, Piglee, sagittarius998, shin, soup, stephner, TheScooterBuskie, TommyTheMet, user1115, voltaicwaffles, wyatt
Greensville__VA, aidenb1127, arija, Armadillo, Ava, Bubba, chirpn, crownedkinggame, dfshapir, Diamond Armor Steve, Dragonfire, EnzoDragon1, flaber, Jet, Jo™, mobambachloride, muskox, nuclear ocelot, oracle-of-naivete, Patxepi, Piglee, Radians, sagittarius998, shin, soup, stephner, stupiddrew9, TheScooterBuskie, TommyTheMet, user1115, voltaicwaffles, wyatt
Emporia__VA, aidenb1127, arija, Armadillo, Ava, Bubba, chirpn, crownedkinggame, dfshapir, Diamond Armor Steve, Dragonfire, EnzoDragon1, flaber, Jet, Jo™, mobambachloride, muskox, nuclear ocelot, oracle-of-naivete, Patxepi, Piglee, Radians, sagittarius998, shin, soup, stephner, stupiddrew9, TheScooterBuskie, user1115, voltaicwaffles, wyatt
Southampton__VA, aidenb1127, arija, chirpn, dfshapir, Diamond Armor Steve, EJ'sEmpire, Jo™, muskox, nuclear ocelot, Radians, shin, soup, stupiddrew9, voltaicwaffles
Suffolk__VA, aidenb1127, arija, chirpn, crownedkinggame, dfshapir, Diamond Armor Steve, EJ'sEmpire, flaber, Jo™, muskox, nuclear ocelot, OceanMan, Paris_Labrador, Patxepi, Radians, sagittarius998, shin, soup, stupiddrew9, Tumnus, voltaicwaffles
Chesapeake__VA, aidenb1127, arija, Bubba, Cascadia, chirpn, crownedkinggame, dfshapir, Diamond Armor Steve, EJ'sEmpire, flaber, Jet, Jo™, muskox, nuclear ocelot, OceanMan, oracle-of-naivete, Paris_Labrador, Patxepi, Popeetoes, Radians, sagittarius998, shin, soup, stupiddrew9, TommyTheMet, Tumnus, voltaicwaffles
Norfolk__VA, aidenb1127, arija, Bubba, Cascadia, chirpn, dfshapir, Diamond Armor Steve, EJ'sEmpire, EnzoDragon1, flaber, ineedaface, Jet, Jo™, mobambachloride, muskox, nuclear ocelot, oracle-of-naivete, Patxepi, Popeetoes, Radians, sagittarius998, sheepie, shin, soup, Steve Lira, stupiddrew9, Tumnus, voltaicwaffles
Portsmouth__VA, aidenb1127, arija, chirpn, dfshapir, Diamond Armor Steve, EJ'sEmpire, flaber, Jo™, muskox, nuclear ocelot, Paris_Labrador, Patxepi, Radians, shin, soup, stupiddrew9, Tumnus, voltaicwaffles
Davie__NC, aidenb1127, chirpn, crownedkinggame, De Martian, dfshapir, Flame, Jet, jogwi, mobambachloride, muskox, nuclear ocelot, OKobern, sagittarius998, shin, stupiddrew9, user1115, voltaicwaffles, zenith
Iredell__NC, aidenb1127, Ava, Chicago Geographer, chirpn, crownedkinggame, De Martian, dfshapir, flaber, Flame, jogwi, Jo™, Knight, lostmyballs, mobambachloride, muskox, nuclear ocelot, OKobern, Radu, sagittarius998, shin, soup, stupiddrew9, TommyTheMet, Tumnus, user1115, voltaicwaffles, VS4GdqaYdYYrmBIMj1ab, zenith
Catawba__NC, aidenb1127, Cascadia, chirpn, crownedkinggame, De Martian, dfshapir, fbmdf1821, flaber, Flame, jogwi, mobambachloride, muskox, nuclear ocelot, OKobern, sagittarius998, shin, soup, stupiddrew9, user1115, voltaicwaffles, zenith
Burke__NC, aidenb1127, Arctic Tern, Cascadia, chirpn, corndog, crownedkinggame, De Martian, dfshapir, fbmdf1821, flaber, Flame, Jet, jogwi, mobambachloride, muskox, nuclear ocelot, OKobern, sagittarius998, shin, soup, stupiddrew9, user1115, voltaicwaffles, zenith
McDowell__NC, aidenb1127, Arctic Tern, Cascadia, chirpn, corndog, crownedkinggame, De Martian, dfshapir, fbmdf1821, flaber, Flame, Jet, jogwi, mobambachloride, muskox, nuclear ocelot, OKobern, sagittarius998, shin, soup, stupiddrew9, user1115, voltaicwaffles, zenith
Buncombe__NC, aidenb1127, anthonys00, Arctic Tern, Bvarium, Cascadia, Chicago Geographer, chirpn, corndog, crownedkinggame, De Martian, dfshapir, fbmdf1821, flaber, fladnag, Flame, FlyingBro, GeoGamr🇺🇦, Jet, jogwi, kp, lostmyballs, MKA, mobambachloride, muskox, Norton, nuclear ocelot, OKobern, Patxepi, Radu, sagittarius998, shin, soup, stupiddrew9, Urbanindy, user1115, voltaicwaffles, zenith
Haywood__NC, aidenb1127, anthonys00, Arctic Tern, Bvarium, Cascadia, Chicago Geographer, chirpn, corndog, crownedkinggame, DasSchnootz, dfshapir, fbmdf1821, flaber, fladnag, Flame, FlyingBro, GeoGamr🇺🇦, Jet, jogwi, kp, lostmyballs, MKA, mobambachloride, muskox, Norton, nuclear ocelot, OKobern, Patxepi, Radu, sagittarius998, shin, soup, stupiddrew9, Urbanindy, user1115, voltaicwaffles, WizardGrape, zenith
Cocke__TN, aidenb1127, Arctic Tern, Bvarium, Cascadia, Chicago Geographer, chirpn, corndog, crownedkinggame, DasSchnootz, dfshapir, fbmdf1821, fladnag, Flame, FlyingBro, GeoGamr🇺🇦, Jet, jogwi, kp, mobambachloride, muskox, Norton, nuclear ocelot, OKobern, Patxepi, shin, soup, stupiddrew9, Urbanindy, user1115, voltaicwaffles, WizardGrape, zenith
Davidson__NC, aidenb1127, Bubba, chirpn, crownedkinggame, dfshapir, flaber, GeoGamr🇺🇦, Jet, jogwi, Knight, mobambachloride, muskox, nuclear ocelot, oracle-of-naivete, Patxepi, Piglee, Radu, sagittarius998, shin, soup, stephner, stupiddrew9, user1115, voltaicwaffles, wyatt, zenith
Rowan__NC, aidenb1127, Bubba, chirpn, crownedkinggame, dfshapir, flaber, GeoGamr🇺🇦, Jet, jogwi, Knight, mobambachloride, muskox, nuclear ocelot, oracle-of-naivete, Patxepi, Piglee, Radu, sagittarius998, shin, soup, stephner, stupiddrew9, user1115, voltaicwaffles, wyatt, zenith
Cabarrus__NC, aidenb1127, arija, chirpn, crownedkinggame, dfshapir, fbmdf1821, flaber, GeoGamr🇺🇦, Jet, jogwi, Knight, mobambachloride, muskox, nuclear ocelot, oracle-of-naivete, Patxepi, Piglee, Radu, sagittarius998, shin, soup, stephner, stupiddrew9, user1115, voltaicwaffles, wyatt, zenith
Mecklenburg__NC, aidenb1127, anthonys00, Apollobo, Arctic Tern, arija, Ava, AyjAy011, Chicago Geographer, chirpn, crownedkinggame, dfshapir, fbmdf1821, flaber, GeoGamr🇺🇦, Ivan, jaydoo909, Jet, jogwi, Jo™, Kiribati, Knight, kp, lostmyballs, mobambachloride, muskox, Norton, nuclear ocelot, oracle-of-naivete, Patxepi, Piglee, qazplm500, Radu, sagittarius998, shin, soup, stathx, stephner, Steve Lira, stupiddrew9, TommyTheMet, Tumnus, user1115, voltaicwaffles, VS4GdqaYdYYrmBIMj1ab, wyatt, zenith
Gaston__NC, aidenb1127, anthonys00, Cascadia, chirpn, crownedkinggame, dfshapir, fbmdf1821, flaber, GeoGamr🇺🇦, Jet, jogwi, Jo™, Knight, kp, mobambachloride, muskox, nuclear ocelot, oracle-of-naivete, Patxepi, Piglee, Radu, sagittarius998, shin, soup, stephner, stupiddrew9, Tumnus, user1115, voltaicwaffles, VS4GdqaYdYYrmBIMj1ab, zenith
Cleveland__NC, aidenb1127, anthonys00, Cascadia, chirpn, crownedkinggame, dfshapir, fbmdf1821, flaber, GeoGamr🇺🇦, Jet, jogwi, Jo™, Knight, kp, mobambachloride, muskox, nuclear ocelot, oracle-of-naivete, Patxepi, Piglee, Radu, sagittarius998, shin, soup, stephner, stupiddrew9, Tumnus, user1115, voltaicwaffles, VS4GdqaYdYYrmBIMj1ab, zenith
Cherokee__SC, aidenb1127, anthonys00, Cascadia, chirpn, dfshapir, flaber, GeoGamr🇺🇦, Jet, jogwi, Jo™, Knight, mobambachloride, muskox, nuclear ocelot, oracle-of-naivete, Patxepi, Piglee, Radu, sagittarius998, shin, soup, stephner, stupiddrew9, Tumnus, user1115, voltaicwaffles, VS4GdqaYdYYrmBIMj1ab, zenith
Spartanburg__SC, aidenb1127, anthonys00, Cascadia, chirpn, dfshapir, flaber, fladnag, GeoGamr🇺🇦, Jet, jogwi, Jo™, Knight, kp, lostmyballs, MKA, mobambachloride, muskox, Norton, nuclear ocelot, oracle-of-naivete, Patxepi, Piglee, Radu, sagittarius998, shin, soup, stephner, stupiddrew9, Tumnus, Urbanindy, user1115, voltaicwaffles, VS4GdqaYdYYrmBIMj1ab, zenith
Greenville__SC, aidenb1127, anthonys00, Cascadia, Chicago Geographer, chirpn, dfshapir, flaber, fladnag, GeoGamr🇺🇦, Jet, jogwi, Jo™, Knight, mobambachloride, muskox, nuclear ocelot, OKobern, oracle-of-naivete, Patxepi, Piglee, Radu, sagittarius998, shin, soup, stephner, stupiddrew9, Tumnus, user1115, voltaicwaffles, VS4GdqaYdYYrmBIMj1ab, zenith
Anderson__SC, aidenb1127, anthonys00, Cascadia, chirpn, dfshapir, flaber, GeoGamr🇺🇦, Jet, jogwi, Jo™, Knight, mobambachloride, muskox, nuclear ocelot, oracle-of-naivete, Patxepi, phosphophyllite, Piglee, Radu, sagittarius998, shin, soup, stephner, stupiddrew9, user1115, voltaicwaffles, VS4GdqaYdYYrmBIMj1ab, zenith
Franklin__GA, aidenb1127, Cascadia, chirpn, dfshapir, flaber, GeoGamr🇺🇦, Jet, jogwi, Jo™, Knight, mobambachloride, muskox, nuclear ocelot, oracle-of-naivete, Patxepi, phosphophyllite, Piglee, Radu, sagittarius998, sheepie, shin, soup, stathx, stephner, stupiddrew9, user1115, voltaicwaffles, VS4GdqaYdYYrmBIMj1ab, zenith
Hart__GA, aidenb1127, Cascadia, chirpn, dfshapir, flaber, GeoGamr🇺🇦, Jet, jogwi, Jo™, Knight, mobambachloride, muskox, nuclear ocelot, oracle-of-naivete, Patxepi, phosphophyllite, Piglee, Radu, sagittarius998, sheepie, shin, soup, stathx, stupiddrew9, user1115, voltaicwaffles, VS4GdqaYdYYrmBIMj1ab, zenith
Banks__GA, aidenb1127, Cascadia, chirpn, dfshapir, flaber, GeoGamr🇺🇦, Jet, jogwi, Jo™, mobambachloride, muskox, nuclear ocelot, oracle-of-naivete, Patxepi, phosphophyllite, Piglee, Radu, sagittarius998, sheepie, shin, soup, stathx, stephner, stupiddrew9, user1115, voltaicwaffles, VS4GdqaYdYYrmBIMj1ab, zenith
Jackson__GA, aidenb1127, Cascadia, chirpn, dfshapir, flaber, GeoGamr🇺🇦, Jet, jogwi, Jo™, mobambachloride, muskox, nuclear ocelot, oracle-of-naivete, Patxepi, phosphophyllite, Piglee, Radu, sagittarius998, sheepie, shin, soup, stathx, stephner, stupiddrew9, user1115, voltaicwaffles, VS4GdqaYdYYrmBIMj1ab, zenith
Barrow__GA, aidenb1127, Cascadia, chirpn, dfshapir, FlyingBro, GeoGamr🇺🇦, Jet, jogwi, Jo™, mobambachloride, muskox, nuclear ocelot, oracle-of-naivete, Patxepi, phosphophyllite, Piglee, Radu, sagittarius998, sheepie, shin, soup, stathx, stephner, stupiddrew9, user1115, voltaicwaffles, VS4GdqaYdYYrmBIMj1ab, zenith
Gwinnett__GA, aidenb1127, anthonys00, Cascadia, chirpn, dfshapir, flaber, fladnag, FlyingBro, GeoGamr🇺🇦, hateornges, JayVerti, Jet, jogwi, Jo™, kp, MKA, mobambachloride, muskox, nuclear ocelot, OKobern, oracle-of-naivete, Patxepi, phosphophyllite, Piglee, Radu, sagittarius998, sheepie, shin, soup, stathx, stephner, stupiddrew9, user1115, voltaicwaffles, VS4GdqaYdYYrmBIMj1ab, zenith
DeKalb__GA, aidenb1127, anthonys00, Arctic Tern, Armadillo, Ava, Cascadia, chirpn, crownedkinggame, dfshapir, flaber, fladnag, Flame, FlyingBro, Geo, GeoGamr🇺🇦, hateornges, JayVerti, Jet, jogwi, Jo™, KlutchEZ, kp, MKA, mobambachloride, muskox, Norton, nuclear ocelot, OKobern, oracle-of-naivete, Patxepi, Pencil Vulture, phosphophyllite, Piglee, Radu, sagittarius998, Sean30303, sheepie, shin, soup, stathx, stephner, stupiddrew9, TommyTheMet, Urbanindy, user1115, voltaicwaffles, VS4GdqaYdYYrmBIMj1ab, zenith
Stewart__TN, aidenb1127, jogwi, kp, mobambachloride, nuclear ocelot, shin, stupiddrew9
Houston__TN, aidenb1127, jogwi, kp, nuclear ocelot, shin, stupiddrew9
Weld__CO, aidenb1127, AJ, anthonys00, Apollobo, Arctic Tern, Armadillo, AyjAy011, Banana Peel Seal, Cascadia, Chicago Geographer, chirpn, corndog, DasSchnootz, EJ'sEmpire, EnzoDragon1, fladnag, Flame, GeoGamr🇺🇦, gurf, jogwi, Jo™, Kai, Kiribati, Knight, MKA, mobambachloride, muskox, OceanMan, OKobern, oracle-of-naivete, Patxepi, Pendulous, Sean30303, sheepie, shin, stathx, stephner, Steve Lira, stupiddrew9, TommyTheMet, Tumnus, user1115, voltaicwaffles, WizardGrape, zenith
Malheur__OR, aidenb1127, Ava, Cascadia, Chicago Geographer, chupoxag, De Martian, gurf, jogwi, Kai, lostmyballs, MKA, OceanMan, Pencil Vulture, stathx, Steve Lira, sunnysideup, wyatt, zenith
Owyhee__ID, aidenb1127, Cascadia, Chicago Geographer, chupoxag, gurf, jogwi, lostmyballs, MKA, OceanMan, Pencil Vulture, Radians, stathx, Steve Lira, wyatt
Canyon__ID, aidenb1127, Ava, Cascadia, Chicago Geographer, chupoxag, gurf, jogwi, Kai, lostmyballs, MKA, OceanMan, Pencil Vulture, Radians, stathx, Steve Lira, Tumnus, wyatt, zenith
Contra_Costa__CA, aidenb1127, Arctic Tern, bam, Banana Peel Seal, Cascadia, chupoxag, De Martian, dfshapir, gurf, jaydoo909, jogwi, Kai, lostmyballs, MKA, mobambachloride, Norton, nuclear ocelot, OKobern, oracle-of-naivete, Patxepi, Pencil Vulture, Radians, Radu, Redoct878, stupiddrew9, sunnysideup, user1115, zenith
Alameda__CA, aidenb1127, anthonys00, Arctic Tern, AyjAy011, bam, Banana Peel Seal, Cascadia, chupoxag, De Martian, dfshapir, Diamond Armor Steve, gurf, jaydoo909, jogwi, Kai, lostmyballs, MKA, mobambachloride, Norton, nuclear ocelot, OKobern, oracle-of-naivete, Patxepi, Pencil Vulture, Radians, Radu, Redoct878, shin, Steve Lira, stupiddrew9, sunnysideup, TheScooterBuskie, UCLA_Jesus, Urbanindy, user1115, zenith
Apache__AZ, aidenb1127, AJ, Arctic Tern, Armadillo, Ava, bam, Cascadia, Chicago Geographer, corndog, DasSchnootz, De Martian, dfshapir, FlyingBro, Geo, GeoGamr🇺🇦, gurf, jaydoo909, Jet, jogwi, Jo™, Kai, lostmyballs, MKA, mobambachloride, OceanMan, OKobern, oracle-of-naivete, Patxepi, Pencil Vulture, Pendulous, phosphophyllite, Popeetoes, qazplm500, Radians, Sean30303, sheepie, shin, stathx, Steve Lira, The Texan, Tumnus, UCLA_Jesus, voltaicwaffles, zenith
Mendocino__CA, aidenb1127, Arctic Tern, bam, Cascadia, De Martian, gurf, jogwi, Kai, lostmyballs, nuclear ocelot, OceanMan, Pencil Vulture, Pendulous
Churchill__NV, aidenb1127, Arctic Tern, Banana Peel Seal, chupoxag, De Martian, fladnag, georoulette, gurf, jogwi, Kai, lostmyballs, oracle-of-naivete, Pendulous, sheepie, stathx, stupiddrew9, voltaicwaffles, zenith
Storey__NV, aidenb1127, Arctic Tern, Armadillo, Banana Peel Seal, chupoxag, De Martian, fladnag, georoulette, gurf, jogwi, Kai, lostmyballs, Pencil Vulture, Pendulous, sheepie, stathx, stupiddrew9, voltaicwaffles, zenith
Lyon__NV, aidenb1127, Arctic Tern, Armadillo, Banana Peel Seal, Cascadia, chupoxag, De Martian, fladnag, georoulette, gurf, jogwi, Kai, lostmyballs, oracle-of-naivete, Pencil Vulture, Pendulous, sheepie, stathx, stupiddrew9, voltaicwaffles, zenith
Sacramento__CA, aidenb1127, Arctic Tern, Ava, bam, Banana Peel Seal, Cascadia, chupoxag, crownedkinggame, De Martian, fladnag, gurf, jogwi, Kai, lostmyballs, MKA, Norton, nuclear ocelot, OKobern, oracle-of-naivete, Patxepi, Pencil Vulture, phosphophyllite, Radians, Radu, Redoct878, Steve Lira, stupiddrew9, sunnysideup, Tumnus, UCLA_Jesus, voltaicwaffles, zenith
Cibola__NM, aidenb1127, Armadillo, Ava, Cascadia, Chicago Geographer, DasSchnootz, De Martian, dfshapir, FlyingBro, Geo, GeoGamr🇺🇦, gurf, jaydoo909, Jet, jogwi, Jo™, Kai, mobambachloride, OKobern, oracle-of-naivete, Pendulous, phosphophyllite, Popeetoes, Radians, sheepie, shin, stathx, Steve Lira, The Texan, Tumnus, voltaicwaffles, zenith
Potter__TX, aidenb1127, Armadillo, Ava, Chicago Geographer, dfshapir, fladnag, FlyingBro, GeoGamr🇺🇦, jaydoo909, Jet, jogwi, Kai, lostmyballs, muskox, OKobern, oracle-of-naivete, Pendulous, phosphophyllite, Popeetoes, Radians, sheepie, shin, stathx, Steve Lira, The Texan, TommyTheMet, Tumnus, voltaicwaffles, VS4GdqaYdYYrmBIMj1ab, zenith
Perry__AR, aidenb1127, Cascadia, Chicago Geographer, shin, zenith
Philadelphia__PA, aidenb1127, anthonys00, Arctic Tern, arija, Banana Peel Seal, Bradinator, Bubba, Bvarium, Chicago Geographer, chirpn, DasSchnootz, De Martian, dfshapir, Diamond Armor Steve, EJ'sEmpire, flaber, fladnag, Geo, hateornges, ineedaface, JayVerti, Jet, jogwi, Jo™, Knight, kp, lostmyballs, MKA, mobambachloride, muskox, Norton, nuclear ocelot, OceanMan, oracle-of-naivete, Patxepi, Pencil Vulture, Pendulous, phosphophyllite, Piglee, Popeetoes, Radians, Radu, Redoct878, sagittarius998, sheepie, shin, stathx, stephner, Steve Lira, stupiddrew9, TheScooterBuskie, TommyTheMet, Tumnus, UCLA_Jesus, Urbanindy, user1115, voltaicwaffles, VS4GdqaYdYYrmBIMj1ab, wyatt, zenith
Centre__PA, aidenb1127, anthonys00, Arctic Tern, AyjAy011, dfshapir, EnzoDragon1, hateornges, ineedaface, JayVerti, Jo™, Kiribati, mobambachloride, nuclear ocelot, oracle-of-naivete, Patxepi, phosphophyllite, Popeetoes, Radians, sagittarius998, shin, stephner, Steve Lira, TommyTheMet, Tumnus, zenith
Warren__KY, aidenb1127, anthonys00, Arctic Tern, Armadillo, AyjAy011, Cedar, Chicago Geographer, DasSchnootz, dfshapir, Diamond Armor Steve, fbmdf1821, fladnag, Flame, GeoGamr🇺🇦, hateornges, Ivan, jaydoo909, Jet, jogwi, KlutchEZ, kp, Littleduck, mobambachloride, Norton, OKobern, Paris_Labrador, Patxepi, Pendulous, Popeetoes, Radu, Sean30303, sheepie, shin, Steve Lira, stupiddrew9, Urbanindy, voltaicwaffles, zenith
Cross__AR, aidenb1127, muskox, shin, stathx
Perry__TN, aidenb1127, jogwi, nuclear ocelot, shin, stupiddrew9
Wake__NC, aidenb1127, Arctic Tern, Bubba, chirpn, crownedkinggame, De Martian, dfshapir, Diamond Armor Steve, fladnag, Flame, GeoGamr🇺🇦, hateornges, Jet, jogwi, mobambachloride, muskox, nuclear ocelot, OceanMan, OKobern, oracle-of-naivete, Pendulous, phosphophyllite, Popeetoes, Radians, Radu, sagittarius998, shin, soup, stathx, stupiddrew9, user1115, voltaicwaffles, wyatt, zenith
New_Hanover__NC, aidenb1127, Armadillo, Bubba, Cascadia, chirpn, crownedkinggame, Diamond Armor Steve, hateornges, Ivan, mobambachloride, muskox, nuclear ocelot, OceanMan, oracle-of-naivete, Patxepi, Radu, shin, soup, Tumnus, user1115, voltaicwaffles, wyatt
Plumas__CA, aidenb1127, Arctic Tern, Cascadia, De Martian, gurf, lostmyballs, nuclear ocelot, stathx
Butte__CA, aidenb1127, Arctic Tern, bam, Banana Peel Seal, chupoxag, De Martian, fladnag, gurf, lostmyballs, MKA, Norton, nuclear ocelot, OKobern, stathx, voltaicwaffles
Glenn__CA, aidenb1127, Arctic Tern, Ava, bam, Cascadia, chupoxag, De Martian, gurf, jogwi, lostmyballs, nuclear ocelot, Pencil Vulture, phosphophyllite, Redoct878, sunnysideup, Tumnus
Colusa__CA, aidenb1127, Arctic Tern, Ava, bam, Cascadia, chupoxag, De Martian, gurf, jogwi, lostmyballs, nuclear ocelot, Pencil Vulture, phosphophyllite, Redoct878, sunnysideup, Tumnus
Sutter__CA, aidenb1127, Arctic Tern, bam, Banana Peel Seal, chupoxag, De Martian, fladnag, gurf, lostmyballs, MKA, Norton, nuclear ocelot, OKobern, stathx, Tumnus, voltaicwaffles
Yuba__CA, aidenb1127, Arctic Tern, Banana Peel Seal, chupoxag, De Martian, fladnag, gurf, lostmyballs, MKA, Norton, nuclear ocelot, OKobern, stathx, Tumnus, voltaicwaffles
White_Pine__NV, aidenb1127, Ava, Cascadia, dfshapir, gurf, jogwi, Kai, OceanMan, stathx, Steve Lira, stupiddrew9
Wasatch__UT, aidenb1127, Arctic Tern, Banana Peel Seal, Cascadia, fladnag, GeoGamr🇺🇦, gurf, jogwi, KlutchEZ, MKA, OceanMan, Pencil Vulture, sheepie, stathx, Steve Lira, UCLA_Jesus, user1115, voltaicwaffles, zenith
Duchesne__UT, aidenb1127, Cascadia, De Martian, GeoGamr🇺🇦, jogwi, Pencil Vulture, sheepie, stathx, Steve Lira, user1115
Uintah__UT, aidenb1127, Cascadia, GeoGamr🇺🇦, gurf, jogwi, OKobern, sheepie, stathx, Steve Lira
Rio_Blanco__CO, aidenb1127, GeoGamr🇺🇦, gurf, jogwi, Jo™, muskox, OKobern, shin, stathx
Moffat__CO, aidenb1127, Cascadia, GeoGamr🇺🇦, gurf, jogwi, Jo™, muskox, OKobern, sheepie, shin, stathx, Steve Lira
Sedgwick__CO, aidenb1127, anthonys00, Apollobo, Armadillo, AyjAy011, Bvarium, Chicago Geographer, corndog, DasSchnootz, dfshapir, EJ'sEmpire, Flame, jogwi, Kiribati, muskox, OKobern, Pendulous, Sean30303, sheepie, shin, stathx, Steve Lira, Tumnus, voltaicwaffles, WizardGrape, zenith
Deuel__NE, aidenb1127, anthonys00, Apollobo, Armadillo, AyjAy011, Bvarium, Chicago Geographer, corndog, DasSchnootz, dfshapir, EJ'sEmpire, Flame, jogwi, Kai, Kiribati, muskox, OKobern, Pendulous, Radians, Sean30303, sheepie, shin, stathx, Steve Lira, Tumnus, voltaicwaffles, WizardGrape, zenith
Keith__NE, aidenb1127, anthonys00, Apollobo, Armadillo, AyjAy011, Bvarium, Chicago Geographer, corndog, DasSchnootz, dfshapir, EJ'sEmpire, Flame, jogwi, Kai, Kiribati, OceanMan, OKobern, Pendulous, Radians, Sean30303, sheepie, stathx, Steve Lira, Tumnus, voltaicwaffles, WizardGrape, zenith
Lincoln__NE, aidenb1127, anthonys00, Apollobo, Armadillo, AyjAy011, Bvarium, Chicago Geographer, corndog, DasSchnootz, dfshapir, EJ'sEmpire, Flame, jogwi, Kai, Kiribati, OceanMan, OKobern, Pendulous, Radians, Sean30303, sheepie, stathx, Steve Lira, TommyTheMet, Tumnus, voltaicwaffles, WizardGrape, zenith
Dawson__NE, aidenb1127, anthonys00, Apollobo, Armadillo, AyjAy011, Bvarium, Chicago Geographer, corndog, DasSchnootz, dfshapir, EJ'sEmpire, Flame, jogwi, Kai, Kiribati, OceanMan, OKobern, Pendulous, Radians, Sean30303, sheepie, stathx, Steve Lira, TommyTheMet, Tumnus, voltaicwaffles, WizardGrape, zenith
Buffalo__NE, aidenb1127, anthonys00, Apollobo, Armadillo, AyjAy011, Bvarium, Chicago Geographer, corndog, DasSchnootz, dfshapir, EJ'sEmpire, Flame, jogwi, Kai, Kiribati, OceanMan, OKobern, Pendulous, Radians, Sean30303, sheepie, stathx, Steve Lira, TommyTheMet, Tumnus, voltaicwaffles, WizardGrape, zenith
Kearney__NE, aidenb1127, Banana Peel Seal, dfshapir, fladnag, jogwi, OKobern, Radians, sheepie, stathx, Steve Lira, stupiddrew9, voltaicwaffles
Franklin__NE, aidenb1127, Radians, stathx, zenith
Webster__NE, aidenb1127, lostmyballs, Radians, stathx, zenith
Smith__KS, aidenb1127, lostmyballs, muskox, OceanMan, stathx, zenith
Jewell__KS, aidenb1127, muskox, OceanMan, stathx, zenith
Republic__KS, aidenb1127, dfshapir, kp, stathx, Tumnus, voltaicwaffles, zenith
Washington__KS, aidenb1127, dfshapir, stathx, zenith
Marshall__KS, aidenb1127, dfshapir, jogwi, stathx, zenith
Nemaha__KS, aidenb1127, dfshapir, Geo, jogwi, mobambachloride, stathx, TommyTheMet, voltaicwaffles, zenith
Brown__KS, aidenb1127, DasSchnootz, dfshapir, EJ'sEmpire, Geo, jogwi, mobambachloride, sheepie, shin, stathx, stupiddrew9, TommyTheMet, voltaicwaffles, zenith
DeKalb__MO, aidenb1127, Apollobo, Bradinator, dfshapir, jogwi, Kai, lostmyballs, muskox, OKobern, Radians, Sean30303, sheepie, shin, stathx, stupiddrew9, The Texan, Tumnus, voltaicwaffles, zenith
Daviess__MO, aidenb1127, Apollobo, Bradinator, corndog, DasSchnootz, dfshapir, Geo, Kai, lostmyballs, muskox, OKobern, sheepie, shin, stathx, stupiddrew9, The Texan, Tumnus, zenith
Caldwell__MO, aidenb1127, Apollobo, Chicago Geographer, corndog, DasSchnootz, dfshapir, Geo, jogwi, Kai, lostmyballs, muskox, OKobern, Radians, Sean30303, sheepie, shin, stathx, stupiddrew9, The Texan, Tumnus, voltaicwaffles, zenith
Harrison__MO, aidenb1127, Apollobo, Bradinator, corndog, DasSchnootz, dfshapir, Geo, Kai, lostmyballs, muskox, OKobern, sheepie, shin, stathx, stupiddrew9, The Texan, Tumnus, zenith
Decatur__IA, aidenb1127, Apollobo, Bradinator, Chicago Geographer, corndog, DasSchnootz, dfshapir, Geo, Kai, lostmyballs, muskox, OKobern, Radians, sheepie, shin, stathx, The Texan, Tumnus, zenith
Clarke__IA, aidenb1127, Apollobo, Banana Peel Seal, Bradinator, Chicago Geographer, corndog, DasSchnootz, fladnag, Geo, Kai, muskox, OKobern, qazplm500, Radians, sheepie, shin, stathx, Steve Lira, stupiddrew9, The Texan, Tumnus, voltaicwaffles, zenith
Warren__IA, aidenb1127, Apollobo, Bradinator, Chicago Geographer, corndog, DasSchnootz, EnzoDragon1, Geo, Kai, muskox, OKobern, qazplm500, Radians, sheepie, shin, stathx, The Texan, Tumnus, zenith
Jasper__IA, aidenb1127, Apollobo, Armadillo, AyjAy011, Chicago Geographer, DasSchnootz, dfshapir, Flame, Geo, Kiribati, mobambachloride, OceanMan, Pendulous, qazplm500, Radians, Sean30303, sheepie, Steve Lira, The Texan, voltaicwaffles, WizardGrape, zenith
Poweshiek__IA, aidenb1127, Armadillo, AyjAy011, Chicago Geographer, DasSchnootz, dfshapir, Flame, Geo, Kiribati, mobambachloride, OceanMan, Pendulous, Radians, Sean30303, sheepie, Steve Lira, The Texan, voltaicwaffles, zenith
Iowa__IA, aidenb1127, Armadillo, AyjAy011, Chicago Geographer, DasSchnootz, dfshapir, Flame, Geo, Kiribati, mobambachloride, OceanMan, Pendulous, Radians, Sean30303, sheepie, Steve Lira, The Texan, voltaicwaffles, zenith
Johnson__IA, aidenb1127, anthonys00, Armadillo, AyjAy011, Bradinator, Bvarium, Chicago Geographer, DasSchnootz, dfshapir, Flame, Geo, jogwi, Kai, Kiribati, mobambachloride, OceanMan, Pendulous, qazplm500, Radians, Sean30303, sheepie, shin, Steve Lira, The Texan, TommyTheMet, voltaicwaffles, WizardGrape, zenith
Cedar__IA, aidenb1127, Armadillo, AyjAy011, Bradinator, Bvarium, Chicago Geographer, DasSchnootz, dfshapir, Flame, jogwi, mobambachloride, OceanMan, Pendulous, Radians, Sean30303, sheepie, shin, Steve Lira, The Texan, TommyTheMet, voltaicwaffles, zenith
Scott__IA, aidenb1127, Armadillo, AyjAy011, Bradinator, Bvarium, Chicago Geographer, DasSchnootz, dfshapir, Flame, jogwi, kp, mobambachloride, OceanMan, Pendulous, Radians, Sean30303, sheepie, shin, stathx, Steve Lira, The Texan, TommyTheMet, Urbanindy, voltaicwaffles, zenith
Rock_Island__IL, aidenb1127, Armadillo, AyjAy011, Bradinator, Bvarium, Cedar, Chicago Geographer, DasSchnootz, dfshapir, Flame, Ivan, jogwi, kp, mobambachloride, nuclear ocelot, Pendulous, Sean30303, sheepie, shin, stathx, Steve Lira, The Texan, TommyTheMet, Urbanindy, voltaicwaffles, zenith
Henry__IL, aidenb1127, Armadillo, AyjAy011, Banana Peel Seal, Bradinator, Bvarium, Cedar, Chicago Geographer, dfshapir, fladnag, Flame, jogwi, kp, mobambachloride, Norton, nuclear ocelot, Pendulous, Sean30303, sheepie, shin, Steve Lira, stupiddrew9, The Texan, TommyTheMet, Urbanindy, voltaicwaffles, zenith
Bureau__IL, aidenb1127, Armadillo, Banana Peel Seal, Bvarium, Chicago Geographer, dfshapir, fladnag, Flame, mobambachloride, Norton, nuclear ocelot, Pendulous, Sean30303, sheepie, shin, Steve Lira, stupiddrew9, The Texan, TommyTheMet, Urbanindy, voltaicwaffles, zenith
Lake__IN, aidenb1127, anthonys00, Apollobo, Arctic Tern, arija, Armadillo, AyjAy011, Banana Peel Seal, Bean, Bradinator, Bvarium, Cedar, Chicago Geographer, chirpn, corndog, DasSchnootz, dfshapir, EJ'sEmpire, Flame, gurf, hateornges, ineedaface, Ivan, JayVerti, Jet, jogwi, Kai, Kiribati, kp, mobambachloride, Norton, OceanMan, OKobern, oracle-of-naivete, Paris_Labrador, Patxepi, Pendulous, qazplm500, sagittarius998, Sean30303, sheepie, shin, stephner, Steve Lira, stupiddrew9, The Texan, TommyTheMet, train, Urbanindy, voltaicwaffles, zenith
Porter__IN, aidenb1127, anthonys00, Apollobo, Arctic Tern, arija, Armadillo, AyjAy011, Banana Peel Seal, Bean, Bradinator, Bvarium, Cedar, Chicago Geographer, DasSchnootz, dfshapir, EJ'sEmpire, Flame, gurf, hateornges, ineedaface, Ivan, JayVerti, Jet, jogwi, Kai, Kiribati, mobambachloride, Norton, OceanMan, OKobern, oracle-of-naivete, Paris_Labrador, Patxepi, Pendulous, qazplm500, sagittarius998, Sean30303, sheepie, shin, stephner, Steve Lira, The Texan, TommyTheMet, train, Urbanindy, voltaicwaffles, zenith
LaPorte__IN, aidenb1127, anthonys00, Apollobo, Arctic Tern, arija, Armadillo, AyjAy011, Banana Peel Seal, Bean, Bradinator, Bvarium, Cedar, Chicago Geographer, DasSchnootz, dfshapir, EJ'sEmpire, Flame, gurf, hateornges, ineedaface, Ivan, JayVerti, Jet, jogwi, Kai, Kiribati, mobambachloride, Norton, OceanMan, OKobern, oracle-of-naivete, Paris_Labrador, Patxepi, Pendulous, qazplm500, sagittarius998, Sean30303, sheepie, shin, stephner, Steve Lira, The Texan, TommyTheMet, train, Urbanindy, voltaicwaffles, zenith
Berrien__MI, aidenb1127, anthonys00, Apollobo, AyjAy011, Bean, Bvarium, Cedar, Chicago Geographer, DasSchnootz, dfshapir, Flame, gurf, hateornges, Ivan, Jet, jogwi, Kai, lostmyballs, Norton, OceanMan, Paris_Labrador, Pendulous, qazplm500, Sean30303, sheepie, shin, stathx, Steve Lira, The Texan, train, Urbanindy, zenith
St__Joseph__IN, aidenb1127, anthonys00, Apollobo, Arctic Tern, arija, Armadillo, AyjAy011, Banana Peel Seal, Bradinator, Bvarium, Cedar, Chicago Geographer, DasSchnootz, dfshapir, EJ'sEmpire, Flame, gurf, ineedaface, Ivan, JayVerti, Kiribati, lostmyballs, mobambachloride, OKobern, oracle-of-naivete, Paris_Labrador, Patxepi, Pendulous, sagittarius998, Sean30303, sheepie, shin, stephner, Steve Lira, The Texan, TommyTheMet, train, Urbanindy, voltaicwaffles, zenith
Marshall__IN, aidenb1127, AyjAy011, Chicago Geographer, DasSchnootz, dfshapir, Flame, lostmyballs, OceanMan, Paris_Labrador, sagittarius998, shin, Steve Lira, The Texan, Urbanindy, voltaicwaffles
Kosciusko__IN, aidenb1127, Chicago Geographer, DasSchnootz, dfshapir, Flame, OceanMan, Paris_Labrador, sagittarius998, shin, stathx, Steve Lira, TommyTheMet, Urbanindy
Whitley__IN, aidenb1127, Chicago Geographer, dfshapir, Flame, Ivan, JayVerti, Norton, OceanMan, Paris_Labrador, sagittarius998, shin, stathx, stephner, Steve Lira, TommyTheMet, Urbanindy
Paulding__OH, aidenb1127, Cedar, Chicago Geographer, dfshapir, Flame, hateornges, jaydoo909, Jet, Norton, OKobern, Paris_Labrador, sagittarius998, shin, stathx, stupiddrew9, TommyTheMet, Urbanindy, user1115
Van_Wert__OH, aidenb1127, Cedar, Chicago Geographer, dfshapir, Flame, kp, OceanMan, OKobern, Paris_Labrador, phosphophyllite, sagittarius998, shin, stathx, Steve Lira, user1115
Putnam__OH, aidenb1127, Arctic Tern, Armadillo, Cedar, Chicago Geographer, dfshapir, Flame, jaydoo909, JayVerti, kp, OceanMan, OKobern, phosphophyllite, sagittarius998, shin, stathx, stephner, Steve Lira
Hancock__OH, aidenb1127, Arctic Tern, Cedar, Chicago Geographer, dfshapir, Flame, hateornges, jaydoo909, JayVerti, jogwi, kp, mobambachloride, OceanMan, OKobern, phosphophyllite, Radians, sagittarius998, stathx, stupiddrew9, user1115, voltaicwaffles, zenith
Wyandot__OH, aidenb1127, Arctic Tern, Cedar, Chicago Geographer, dfshapir, Flame, hateornges, jogwi, OceanMan, OKobern, phosphophyllite, sagittarius998, stathx, stupiddrew9, user1115, voltaicwaffles, zenith
Crawford__OH, aidenb1127, Arctic Tern, Chicago Geographer, dfshapir, fladnag, hateornges, OceanMan, OKobern, phosphophyllite, sagittarius998, stathx, user1115, zenith
Richland__OH, aidenb1127, Arctic Tern, Armadillo, Chicago Geographer, dfshapir, EnzoDragon1, fladnag, hateornges, Ivan, Jet, Kai, mobambachloride, OceanMan, OKobern, oracle-of-naivete, Popeetoes, Radians, sagittarius998, stathx, stephner, TommyTheMet, Tumnus, Urbanindy, user1115, zenith
Ashland__OH, aidenb1127, Arctic Tern, Armadillo, Chicago Geographer, dfshapir, EnzoDragon1, fladnag, hateornges, Ivan, Jet, Kai, mobambachloride, OceanMan, OKobern, oracle-of-naivete, Popeetoes, Radians, sagittarius998, stathx, stephner, TommyTheMet, Tumnus, Urbanindy, user1115, zenith
Wayne__OH, aidenb1127, Arctic Tern, Armadillo, Chicago Geographer, dfshapir, EnzoDragon1, fladnag, Ivan, Jet, Kai, OceanMan, OKobern, oracle-of-naivete, Popeetoes, Radians, sagittarius998, stathx, stephner, TommyTheMet, Tumnus, Urbanindy, user1115, zenith
Stark__OH, aidenb1127, Arctic Tern, dfshapir, fladnag, Ivan, Pendulous, phosphophyllite, Popeetoes, sagittarius998, stathx, Urbanindy, voltaicwaffles, zenith
Columbiana__OH, aidenb1127, Arctic Tern, Ava, Cedar, Chicago Geographer, dfshapir, flaber, Ivan, JayVerti, Jo™, OKobern, sagittarius998, stathx, stephner, voltaicwaffles, zenith
Hancock__WV, aidenb1127, Arctic Tern, Ava, Cedar, dfshapir, EnzoDragon1, JayVerti, Jo™, nuclear ocelot, phosphophyllite, sagittarius998, Sean30303, stathx, stephner, zenith
Beaver__PA, aidenb1127, anthonys00, Arctic Tern, Armadillo, Ava, AyjAy011, Bradinator, Bvarium, Cedar, Chicago Geographer, DasSchnootz, dfshapir, flaber, Flame, hateornges, ineedaface, Ivan, JayVerti, Jo™, mobambachloride, nuclear ocelot, OKobern, Paris_Labrador, Patxepi, Pendulous, phosphophyllite, Radians, sagittarius998, Sean30303, sheepie, stathx, stephner, Steve Lira, Urbanindy, voltaicwaffles, zenith
Preston__WV, aidenb1127, Arctic Tern, Ava, Cedar, dfshapir, flaber, hateornges, jogwi, Jo™, kp, nuclear ocelot, oracle-of-naivete, Patxepi, phosphophyllite, sagittarius998, sheepie, shin, Urbanindy, voltaicwaffles, zenith
Garrett__MD, aidenb1127, Arctic Tern, Ava, Bvarium, Cedar, DasSchnootz, De Martian, dfshapir, flaber, hateornges, jogwi, Jo™, kp, mobambachloride, nuclear ocelot, oracle-of-naivete, Patxepi, phosphophyllite, sagittarius998, sheepie, shin, Urbanindy, voltaicwaffles, zenith
Allegany__MD, aidenb1127, Arctic Tern, Bvarium, Cedar, chirpn, DasSchnootz, dfshapir, flaber, hateornges, Jet, jogwi, Jo™, kp, mobambachloride, nuclear ocelot, oracle-of-naivete, Patxepi, phosphophyllite, sagittarius998, sheepie, shin, Urbanindy, voltaicwaffles, zenith
Washington__MD, aidenb1127, anthonys00, Arctic Tern, Armadillo, AyjAy011, bam, Bvarium, Cedar, chirpn, crownedkinggame, DasSchnootz, dfshapir, EnzoDragon1, flaber, fladnag, hateornges, ineedaface, Ivan, Jet, jogwi, Jo™, Knight, kp, mobambachloride, nuclear ocelot, oracle-of-naivete, Paris_Labrador, Patxepi, Pendulous, phosphophyllite, Radians, Radu, sagittarius998, sheepie, shin, stephner, Steve Lira, stupiddrew9, The Texan, TheScooterBuskie, TommyTheMet, Tumnus, Urbanindy, user1115, voltaicwaffles, zenith
Frederick__MD, aidenb1127, anthonys00, Arctic Tern, Armadillo, AyjAy011, bam, Bubba, Bvarium, Cedar, Chicago Geographer, chirpn, DasSchnootz, dfshapir, EnzoDragon1, flaber, fladnag, hateornges, ineedaface, Ivan, jogwi, Jo™, kp, MKA, mobambachloride, muskox, nuclear ocelot, oracle-of-naivete, Paris_Labrador, Patxepi, Pendulous, phosphophyllite, Radians, Radu, sagittarius998, sheepie, shin, Steve Lira, The Texan, Urbanindy, voltaicwaffles, zenith
Montgomery__MD, aidenb1127, anthonys00, Arctic Tern, arija, Armadillo, AyjAy011, bam, Bubba, Bvarium, Cascadia, Cedar, Chicago Geographer, chirpn, DasSchnootz, dfshapir, Dragonfire, EnzoDragon1, flaber, fladnag, GeoGamr🇺🇦, hateornges, Ivan, JayVerti, jogwi, Jo™, MKA, mobambachloride, muskox, Norton, nuclear ocelot, OceanMan, oracle-of-naivete, Paris_Labrador, Patxepi, Pendulous, phosphophyllite, Piglee, Radians, Radu, sagittarius998, Sean30303, sheepie, shin, stephner, Steve Lira, stupiddrew9, The Texan, TheScooterBuskie, TommyTheMet, Urbanindy, user1115, voltaicwaffles, wyatt, zenith
Fairfax_Co___VA, aidenb1127, anthonys00, Arctic Tern, arija, Armadillo, Ava, AyjAy011, bam, Banana Peel Seal, Bubba, Bvarium, Cascadia, Cedar, Chicago Geographer, chirpn, chupoxag, crownedkinggame, DasSchnootz, dfshapir, Diamond Armor Steve, Dragonfire, EnzoDragon1, flaber, fladnag, FlyingBro, GeoGamr🇺🇦, hateornges, Ivan, jaydoo909, Jet, jogwi, Jo™, Kai, Kiribati, Knight, kp, lostmyballs, MKA, mobambachloride, muskox, Norton, nuclear ocelot, OceanMan, OKobern, oracle-of-naivete, Paris_Labrador, Patxepi, Pendulous, phosphophyllite, Piglee, Popeetoes, qazplm500, Radians, Radu, sagittarius998, sheepie, shin, stathx, stephner, Steve Lira, stupiddrew9, The Texan, TheScooterBuskie, TommyTheMet, UCLA_Jesus, Urbanindy, user1115, voltaicwaffles, VS4GdqaYdYYrmBIMj1ab, wyatt, zenith
Arlington__VA, aidenb1127, anthonys00, Arctic Tern, arija, Armadillo, Ava, AyjAy011, bam, Banana Peel Seal, Bubba, Bvarium, Cedar, Chicago Geographer, chirpn, chupoxag, corndog, De Martian, dfshapir, Diamond Armor Steve, Dragonfire, EnzoDragon1, flaber, fladnag, FlyingBro, GeoGamr🇺🇦, hateornges, ineedaface, Ivan, jaydoo909, JayVerti, Jet, jogwi, Jo™, Kai, Kiribati, Knight, kp, lostmyballs, MKA, mobambachloride, muskox, Norton, nuclear ocelot, OceanMan, OKobern, oracle-of-naivete, Paris_Labrador, Patxepi, Pencil Vulture, Pendulous, phosphophyllite, Piglee, Popeetoes, qazplm500, Radians, Radu, sagittarius998, sheepie, shin, stathx, stephner, Steve Lira, stupiddrew9, The Texan, TheScooterBuskie, TommyTheMet, train, UCLA_Jesus, Urbanindy, user1115, voltaicwaffles, VS4GdqaYdYYrmBIMj1ab, wyatt, zenith
Alexandria__VA, aidenb1127, anthonys00, Arctic Tern, arija, Armadillo, Ava, AyjAy011, bam, Bubba, Bvarium, Chicago Geographer, chirpn, chupoxag, corndog, crownedkinggame, dfshapir, Diamond Armor Steve, Dragonfire, EnzoDragon1, flaber, FlyingBro, Geo, GeoGamr🇺🇦, hateornges, Ivan, jaydoo909, Jet, jogwi, Jo™, Kai, Knight, kp, lostmyballs, MKA, Norton, nuclear ocelot, oracle-of-naivete, Paris_Labrador, Patxepi, Pendulous, phosphophyllite, Piglee, Popeetoes, qazplm500, Radians, Radu, sagittarius998, sheepie, shin, stephner, Steve Lira, stupiddrew9, The Texan, TheScooterBuskie, TommyTheMet, Urbanindy, voltaicwaffles, VS4GdqaYdYYrmBIMj1ab, wyatt, zenith
Prince_William__VA, aidenb1127, anthonys00, Arctic Tern, arija, Armadillo, Ava, bam, Bubba, Cascadia, chirpn, crownedkinggame, dfshapir, Diamond Armor Steve, Dragonfire, EnzoDragon1, flaber, fladnag, FlyingBro, GeoGamr🇺🇦, hateornges, Jet, jogwi, Jo™, Knight, kp, lostmyballs, mobambachloride, muskox, nuclear ocelot, OceanMan, oracle-of-naivete, Paris_Labrador, Patxepi, phosphophyllite, Piglee, Popeetoes, Radu, sagittarius998, shin, stephner, Steve Lira, stupiddrew9, TheScooterBuskie, TommyTheMet, Urbanindy, user1115, voltaicwaffles, wyatt, zenith
Stafford__VA, aidenb1127, arija, Armadillo, Ava, Bubba, chirpn, crownedkinggame, dfshapir, Diamond Armor Steve, Dragonfire, EnzoDragon1, flaber, ineedaface, Jet, Jo™, Knight, kp, lostmyballs, mobambachloride, muskox, nuclear ocelot, OceanMan, oracle-of-naivete, Paris_Labrador, Patxepi, Piglee, Radu, sagittarius998, shin, stephner, Steve Lira, TheScooterBuskie, TommyTheMet, user1115, voltaicwaffles, wyatt, zenith
Fredericksburg__VA, aidenb1127, arija, Armadillo, Ava, Bubba, chirpn, crownedkinggame, dfshapir, Diamond Armor Steve, Dragonfire, EnzoDragon1, flaber, Jet, Jo™, Knight, lostmyballs, mobambachloride, muskox, nuclear ocelot, OceanMan, oracle-of-naivete, Paris_Labrador, Patxepi, Piglee, Radu, sagittarius998, shin, stephner, Steve Lira, TheScooterBuskie, TommyTheMet, user1115, voltaicwaffles, wyatt, zenith
Spotsylvania__VA, aidenb1127, arija, Armadillo, Ava, Bubba, chirpn, crownedkinggame, dfshapir, Diamond Armor Steve, Dragonfire, EnzoDragon1, flaber, ineedaface, Jet, Jo™, Knight, lostmyballs, mobambachloride, muskox, nuclear ocelot, OceanMan, oracle-of-naivete, Paris_Labrador, Patxepi, Piglee, Radu, sagittarius998, shin, stephner, Steve Lira, TheScooterBuskie, TommyTheMet, user1115, voltaicwaffles, wyatt, zenith
Caroline__VA, aidenb1127, arija, Armadillo, Ava, Bubba, chirpn, crownedkinggame, dfshapir, Diamond Armor Steve, Dragonfire, EnzoDragon1, flaber, ineedaface, Jet, Jo™, Knight, lostmyballs, mobambachloride, muskox, nuclear ocelot, OceanMan, oracle-of-naivete, Paris_Labrador, Patxepi, Piglee, Radu, sagittarius998, shin, stephner, TheScooterBuskie, TommyTheMet, user1115, voltaicwaffles, wyatt, zenith
Hanover__VA, aidenb1127, arija, Armadillo, Ava, Bubba, chirpn, crownedkinggame, De Martian, dfshapir, Diamond Armor Steve, Dragonfire, EnzoDragon1, fbmdf1821, flaber, ineedaface, Jet, Jo™, Knight, lostmyballs, mobambachloride, muskox, nuclear ocelot, OceanMan, oracle-of-naivete, Paris_Labrador, Patxepi, Piglee, Radu, sagittarius998, shin, stephner, Steve Lira, TheScooterBuskie, TommyTheMet, user1115, voltaicwaffles, wyatt, zenith
Henrico__VA, aidenb1127, arija, Armadillo, Ava, Bubba, chirpn, crownedkinggame, De Martian, dfshapir, Diamond Armor Steve, Dragonfire, EJ'sEmpire, EnzoDragon1, fbmdf1821, flaber, GeoGamr🇺🇦, ineedaface, Jet, Jo™, Knight, lostmyballs, mobambachloride, muskox, nuclear ocelot, OceanMan, oracle-of-naivete, Paris_Labrador, Patxepi, Piglee, Popeetoes, Radu, sagittarius998, sheepie, shin, stephner, Steve Lira, stupiddrew9, TheScooterBuskie, TommyTheMet, user1115, voltaicwaffles, wyatt, zenith
Richmond__VA, aidenb1127, arija, Armadillo, Ava, Bubba, chirpn, crownedkinggame, De Martian, dfshapir, Diamond Armor Steve, Dragonfire, EJ'sEmpire, EnzoDragon1, fbmdf1821, flaber, GeoGamr🇺🇦, Jet, Jo™, Knight, lostmyballs, mobambachloride, muskox, nuclear ocelot, oracle-of-naivete, Paris_Labrador, Patxepi, Piglee, Popeetoes, Radu, sagittarius998, sheepie, shin, stephner, stupiddrew9, TheScooterBuskie, TommyTheMet, user1115, voltaicwaffles, wyatt, zenith
Chesterfield__VA, aidenb1127, Armadillo, Ava, Bubba, chirpn, crownedkinggame, dfshapir, Diamond Armor Steve, Dragonfire, EJ'sEmpire, EnzoDragon1, flaber, Jet, Jo™, Knight, mobambachloride, muskox, nuclear ocelot, oracle-of-naivete, Patxepi, Piglee, Radu, sagittarius998, shin, stephner, TheScooterBuskie, TommyTheMet, user1115, voltaicwaffles, wyatt, zenith
Petersburg__VA, aidenb1127, Armadillo, Ava, Bubba, chirpn, crownedkinggame, dfshapir, Diamond Armor Steve, Dragonfire, EJ'sEmpire, EnzoDragon1, flaber, Jet, Jo™, Knight, mobambachloride, muskox, nuclear ocelot, oracle-of-naivete, Patxepi, Piglee, Radu, sagittarius998, shin, soup, stephner, TheScooterBuskie, TommyTheMet, user1115, voltaicwaffles, wyatt
Colonial_Heights__VA, aidenb1127, Armadillo, Ava, Bubba, chirpn, crownedkinggame, dfshapir, Diamond Armor Steve, Dragonfire, EnzoDragon1, flaber, Jet, Jo™, Knight, mobambachloride, muskox, nuclear ocelot, oracle-of-naivete, Patxepi, Piglee, Radu, sagittarius998, shin, stephner, TheScooterBuskie, user1115, voltaicwaffles, wyatt
Prince_George__VA, aidenb1127, Armadillo, Ava, Bubba, chirpn, crownedkinggame, dfshapir, Diamond Armor Steve, Dragonfire, EJ'sEmpire, EnzoDragon1, flaber, ineedaface, Jet, Jo™, mobambachloride, muskox, nuclear ocelot, oracle-of-naivete, Patxepi, Piglee, sagittarius998, shin, soup, stephner, TheScooterBuskie, TommyTheMet, voltaicwaffles, wyatt
Sussex__VA, aidenb1127, Armadillo, Ava, Bubba, chirpn, crownedkinggame, dfshapir, Diamond Armor Steve, Dragonfire, EJ'sEmpire, EnzoDragon1, flaber, Jet, Jo™, mobambachloride, muskox, nuclear ocelot, oracle-of-naivete, Patxepi, Piglee, sagittarius998, shin, stephner, TheScooterBuskie, TommyTheMet, user1115, voltaicwaffles, wyatt
Wilson__NC, aidenb1127, arija, Armadillo, Ava, Bubba, chirpn, crownedkinggame, dfshapir, Diamond Armor Steve, Dragonfire, EnzoDragon1, flaber, Jet, Jo™, mobambachloride, muskox, nuclear ocelot, OceanMan, oracle-of-naivete, Patxepi, Piglee, Popeetoes, sagittarius998, shin, soup, stephner, TommyTheMet, user1115, voltaicwaffles, wyatt
Wayne__NC, aidenb1127, Armadillo, Bubba, chirpn, crownedkinggame, mobambachloride, muskox, nuclear ocelot, shin, soup, user1115, voltaicwaffles
Greene__NC, aidenb1127, chirpn, crownedkinggame, Diamond Armor Steve, mobambachloride, muskox, nuclear ocelot, Popeetoes, shin, user1115, voltaicwaffles
Lenoir__NC, aidenb1127, Bubba, chirpn, crownedkinggame, Diamond Armor Steve, muskox, nuclear ocelot, shin, Tumnus, user1115, voltaicwaffles
Jones__NC, aidenb1127, Bubba, Cascadia, chirpn, crownedkinggame, Diamond Armor Steve, muskox, nuclear ocelot, Radu, shin, user1115, voltaicwaffles
San_Francisco__CA, aidenb1127, anthonys00, Arctic Tern, AyjAy011, bam, Banana Peel Seal, Cascadia, Cedar, Chicago Geographer, chirpn, chupoxag, De Martian, dfshapir, Diamond Armor Steve, EJ'sEmpire, FlyingBro, GeoGamr🇺🇦, gurf, jaydoo909, jogwi, Kai, lostmyballs, MKA, mobambachloride, Norton, nuclear ocelot, OceanMan, oracle-of-naivete, Patxepi, Pencil Vulture, Pendulous, phosphophyllite, Popeetoes, Radians, Radu, Redoct878, shin, stathx, stephner, Steve Lira, stupiddrew9, sunnysideup, TheScooterBuskie, UCLA_Jesus, Urbanindy, user1115, VS4GdqaYdYYrmBIMj1ab, zenith
Kauai__HI, aidenb1127, De Martian, qazplm500, Radians, Steve Lira, UCLA_Jesus
New_York__NY, aidenb1127, anthonys00, Apollobo, Arctic Tern, arija, Armadillo, AyjAy011, bam, Banana Peel Seal, Bubba, Cascadia, Chicago Geographer, chirpn, chupoxag, crownedkinggame, DasSchnootz, De Martian, dfshapir, Diamond Armor Steve, Dragonfire, EJ'sEmpire, EnzoDragon1, flaber, fladnag, Flame, FlyingBro, GeoGamr🇺🇦, hateornges, ineedaface, JayVerti, Jet, jogwi, Kai, Kiribati, KlutchEZ, Knight, kp, lostmyballs, MKA, mobambachloride, Norton, nuclear ocelot, OceanMan, oracle-of-naivete, Patxepi, Pencil Vulture, phosphophyllite, Piglee, Popeetoes, Radians, Radu, sagittarius998, Sean30303, sheepie, shin, soup, stathx, stephner, Steve Lira, stupiddrew9, TheScooterBuskie, train, Tumnus, UCLA_Jesus, Urbanindy, voltaicwaffles, VS4GdqaYdYYrmBIMj1ab, wyatt, zenith
Bristol__VA, aidenb1127, anthonys00, Arctic Tern, Armadillo, Bvarium, chirpn, crownedkinggame, De Martian, dfshapir, Diamond Armor Steve, fbmdf1821, flaber, fladnag, FlyingBro, GeoGamr🇺🇦, jogwi, kp, mobambachloride, nuclear ocelot, oracle-of-naivete, Patxepi, Pendulous, sagittarius998, shin, stupiddrew9, TheScooterBuskie, TommyTheMet, voltaicwaffles, zenith
King__WA, aidenb1127, anthonys00, Arctic Tern, arija, Armadillo, Ava, bam, Banana Peel Seal, Bvarium, Cascadia, Chicago Geographer, chirpn, chupoxag, De Martian, dfshapir, EJ'sEmpire, fladnag, FlyingBro, GeoGamr🇺🇦, gurf, hateornges, Jet, jogwi, MKA, mobambachloride, muskox, Norton, nuclear ocelot, OceanMan, OKobern, oracle-of-naivete, Paris_Labrador, Patxepi, Pencil Vulture, Pendulous, phosphophyllite, qazplm500, Radians, Redoct878, Sean30303, sheepie, shin, stathx, Steve Lira, sunnysideup, The Texan, TheScooterBuskie, Tumnus, UCLA_Jesus, VS4GdqaYdYYrmBIMj1ab, wyatt, zenith
Clark__WA, aidenb1127, anthonys00, Arctic Tern, arija, Armadillo, Ava, bam, Banana Peel Seal, Cascadia, chupoxag, corndog, De Martian, dfshapir, fladnag, FlyingBro, gurf, lostmyballs, MKA, mobambachloride, nuclear ocelot, OceanMan, OKobern, Pencil Vulture, phosphophyllite, Radians, Redoct878, Sean30303, shin, stathx, sunnysideup, The Texan, Tumnus, UCLA_Jesus, voltaicwaffles, wyatt, zenith
Josephine__OR, aidenb1127, anthonys00, Arctic Tern, Ava, bam, Cascadia, gurf, jogwi, lostmyballs, MKA, OceanMan, OKobern, Pencil Vulture, phosphophyllite, Redoct878, sunnysideup
Lake__OR, aidenb1127, Cascadia, De Martian, gurf, Kai, lostmyballs, OceanMan, Pencil Vulture, sunnysideup, wyatt
Ada__ID, aidenb1127, Ava, Bvarium, Cascadia, Chicago Geographer, chupoxag, De Martian, FlyingBro, gurf, jogwi, Kai, lostmyballs, Norton, OceanMan, Pencil Vulture, Radians, stathx, Steve Lira, Tumnus, wyatt, zenith
Humboldt__CA, aidenb1127, Arctic Tern, Ava, bam, Cascadia, De Martian, gurf, jogwi, Kai, lostmyballs, MKA, nuclear ocelot, OceanMan, Pencil Vulture, Pendulous, sheepie, sunnysideup, Tumnus
San_Luis_Obispo__CA, aidenb1127, Arctic Tern, Armadillo, bam, Banana Peel Seal, Cascadia, De Martian, dfshapir, Diamond Armor Steve, gurf, Jo™, Norton, nuclear ocelot, OceanMan, OKobern, oracle-of-naivete, Pencil Vulture, phosphophyllite, Redoct878, stathx, stephner, TheScooterBuskie, UCLA_Jesus
Monterey__CA, aidenb1127, Arctic Tern, bam, Banana Peel Seal, Cascadia, Chicago Geographer, chirpn, chupoxag, De Martian, dfshapir, Diamond Armor Steve, gurf, Kai, lostmyballs, MKA, mobambachloride, Norton, nuclear ocelot, OceanMan, OKobern, oracle-of-naivete, Patxepi, Pencil Vulture, phosphophyllite, Radu, Redoct878, stephner, TheScooterBuskie, Tumnus, UCLA_Jesus, Urbanindy
Riverside__CA, aidenb1127, Arctic Tern, Armadillo, Ava, bam, Banana Peel Seal, Bvarium, Cascadia, chupoxag, crownedkinggame, De Martian, dfshapir, Diamond Armor Steve, FlyingBro, GeoGamr🇺🇦, georoulette, gurf, hateornges, Ivan, jaydoo909, Jet, lostmyballs, Norton, nuclear ocelot, oracle-of-naivete, Patxepi, Pencil Vulture, phosphophyllite, Redoct878, sheepie, shin, stathx, stephner, Steve Lira, sunnysideup, Tumnus, UCLA_Jesus, zenith
San_Diego__CA, aidenb1127, AJ, anthonys00, Arctic Tern, Armadillo, Ava, AyjAy011, bam, Banana Peel Seal, Cascadia, Chicago Geographer, chirpn, chupoxag, De Martian, dfshapir, EJ'sEmpire, flaber, FlyingBro, GeoGamr🇺🇦, georoulette, gurf, Ivan, Jet, Jo™, Kai, KlutchEZ, lostmyballs, MKA, Norton, nuclear ocelot, OceanMan, OKobern, oracle-of-naivete, Pencil Vulture, phosphophyllite, qazplm500, Radians, Redoct878, shin, stathx, stephner, Steve Lira, The Texan, Tumnus, UCLA_Jesus, Urbanindy, VS4GdqaYdYYrmBIMj1ab, wyatt
Orange__CA, aidenb1127, AJ, anthonys00, Arctic Tern, Armadillo, Ava, AyjAy011, bam, Banana Peel Seal, Bvarium, Cascadia, Chicago Geographer, chirpn, chupoxag, De Martian, dfshapir, Diamond Armor Steve, EJ'sEmpire, flaber, Flame, FlyingBro, GeoGamr🇺🇦, georoulette, gurf, hateornges, jaydoo909, Jet, Jo™, KlutchEZ, lostmyballs, MKA, Norton, nuclear ocelot, OceanMan, OKobern, oracle-of-naivete, Pencil Vulture, phosphophyllite, Radians, Redoct878, shin, stathx, stephner, Steve Lira, TheScooterBuskie, Tumnus, UCLA_Jesus, Urbanindy, voltaicwaffles, VS4GdqaYdYYrmBIMj1ab, zenith
Los_Angeles__CA, aidenb1127, AJ, anthonys00, Arctic Tern, Armadillo, Ava, AyjAy011, bam, Banana Peel Seal, Bvarium, Cascadia, Chicago Geographer, chirpn, chupoxag, corndog, DasSchnootz, De Martian, dfshapir, Diamond Armor Steve, EJ'sEmpire, flaber, fladnag, FlyingBro, Geo, GeoGamr🇺🇦, gurf, hateornges, Ivan, jaydoo909, Jet, jogwi, Jo™, KlutchEZ, lostmyballs, MKA, mobambachloride, Norton, nuclear ocelot, OceanMan, OKobern, oracle-of-naivete, Paris_Labrador, Patxepi, Pencil Vulture, phosphophyllite, Piglee, qazplm500, Radians, Radu, Redoct878, shin, soup, stathx, stephner, Steve Lira, stupiddrew9, sunnysideup, TheScooterBuskie, Tumnus, UCLA_Jesus, Urbanindy, voltaicwaffles, VS4GdqaYdYYrmBIMj1ab, zenith
Fresno__CA, aidenb1127, Arctic Tern, Ava, bam, Banana Peel Seal, Cascadia, chupoxag, De Martian, fladnag, georoulette, gurf, Jet, jogwi, lostmyballs, MKA, Norton, nuclear ocelot, oracle-of-naivete, Pencil Vulture, Pendulous, phosphophyllite, Radians, Radu, Redoct878, Tumnus, UCLA_Jesus, zenith
Mariposa__CA, aidenb1127, Arctic Tern, bam, chirpn, chupoxag, De Martian, Diamond Armor Steve, fladnag, gurf, Jet, jogwi, lostmyballs, MKA, Norton, nuclear ocelot, Patxepi, Pencil Vulture, Pendulous, Radu, Steve Lira, sunnysideup, TheScooterBuskie, Tumnus, UCLA_Jesus, Urbanindy, user1115
Mono__CA, aidenb1127, Arctic Tern, Cascadia, De Martian, gurf, Jet, jogwi, lostmyballs, MKA, nuclear ocelot, phosphophyllite, Radu, stathx, sunnysideup, TheScooterBuskie, UCLA_Jesus
Douglas__NV, aidenb1127, Cascadia, chupoxag, De Martian, georoulette, gurf, Jet, jogwi, Kai, lostmyballs, MKA, oracle-of-naivete, Pencil Vulture, Pendulous, phosphophyllite, Radians, Radu, Redoct878, stathx, Steve Lira, stupiddrew9, sunnysideup
Placer__CA, aidenb1127, Arctic Tern, Banana Peel Seal, Bradinator, chupoxag, De Martian, fladnag, gurf, Jet, Kai, lostmyballs, MKA, Norton, nuclear ocelot, Pencil Vulture, Radu, Redoct878, stathx, Steve Lira, sunnysideup, UCLA_Jesus, voltaicwaffles, zenith
El_Dorado__CA, aidenb1127, Arctic Tern, chupoxag, De Martian, gurf, Jet, jogwi, Kai, lostmyballs, MKA, Norton, nuclear ocelot, oracle-of-naivete, Pencil Vulture, Radians, Radu, Redoct878, stupiddrew9, sunnysideup, UCLA_Jesus
Yolo__CA, aidenb1127, Arctic Tern, Ava, bam, Banana Peel Seal, Cascadia, chupoxag, crownedkinggame, De Martian, gurf, jogwi, Kai, lostmyballs, MKA, Norton, nuclear ocelot, OKobern, oracle-of-naivete, Pencil Vulture, phosphophyllite, Radu, Redoct878, Steve Lira, stupiddrew9, sunnysideup, zenith
Merced__CA, aidenb1127, Arctic Tern, Ava, bam, Banana Peel Seal, Cascadia, chirpn, chupoxag, De Martian, Diamond Armor Steve, georoulette, gurf, jogwi, lostmyballs, MKA, Norton, nuclear ocelot, oracle-of-naivete, Patxepi, Pencil Vulture, phosphophyllite, Radians, Radu, Redoct878, Steve Lira, TheScooterBuskie, Tumnus, UCLA_Jesus, Urbanindy, user1115, zenith
Clark__NV, aidenb1127, Apollobo, Arctic Tern, Armadillo, Ava, bam, Banana Peel Seal, Bvarium, Cascadia, Cedar, Chicago Geographer, chirpn, chupoxag, corndog, DasSchnootz, De Martian, dfshapir, Diamond Armor Steve, Dimei, EJ'sEmpire, FlyingBro, Geo, GeoGamr🇺🇦, gurf, Ivan, jaydoo909, Jet, jogwi, Jo™, Kai, KlutchEZ, MKA, mobambachloride, Norton, OceanMan, OKobern, oracle-of-naivete, Paris_Labrador, Patxepi, Pencil Vulture, Pendulous, phosphophyllite, qazplm500, Radians, Radu, Redoct878, shin, soup, stathx, stephner, Steve Lira, stupiddrew9, sunnysideup, TheScooterBuskie, Tumnus, UCLA_Jesus, Urbanindy, user1115, VS4GdqaYdYYrmBIMj1ab, zenith
Washington__UT, aidenb1127, AJ, Apollobo, Arctic Tern, Armadillo, bam, Banana Peel Seal, Bvarium, Cascadia, DasSchnootz, dfshapir, Diamond Armor Steve, EJ'sEmpire, GeoGamr🇺🇦, gurf, Ivan, jogwi, Jo™, KlutchEZ, MKA, mobambachloride, OceanMan, oracle-of-naivete, Patxepi, Pencil Vulture, phosphophyllite, qazplm500, Radians, Radu, stathx, Steve Lira, Tumnus, UCLA_Jesus, Urbanindy, user1115, zenith
Summit__UT, aidenb1127, Bvarium, Cascadia, De Martian, Diamond Armor Steve, EnzoDragon1, jogwi, Kai, oracle-of-naivete, Paris_Labrador, Pencil Vulture, sheepie, shin, stathx, Steve Lira, Tumnus, UCLA_Jesus, zenith
Scotts_Bluff__NE, aidenb1127, arija, dfshapir, EnzoDragon1, gurf, jogwi, muskox, OceanMan, OKobern, oracle-of-naivete, Radians, sheepie, shin, stathx, user1115, zenith
Bernalillo__NM, aidenb1127, AJ, Armadillo, Ava, Cascadia, Chicago Geographer, chirpn, DasSchnootz, De Martian, dfshapir, Diamond Armor Steve, FlyingBro, Geo, GeoGamr🇺🇦, gurf, jaydoo909, Jet, jogwi, Jo™, Kai, Kiribati, mobambachloride, Norton, OKobern, oracle-of-naivete, Pendulous, phosphophyllite, Popeetoes, Radians, sheepie, shin, stathx, Steve Lira, The Texan, Tumnus, user1115, voltaicwaffles, VS4GdqaYdYYrmBIMj1ab, zenith
Coconino__AZ, aidenb1127, AJ, Arctic Tern, Armadillo, Ava, bam, Banana Peel Seal, Bvarium, Cascadia, Chicago Geographer, corndog, DasSchnootz, De Martian, dfshapir, Diamond Armor Steve, EJ'sEmpire, FlyingBro, Geo, GeoGamr🇺🇦, gurf, Ivan, jaydoo909, Jet, jogwi, Jo™, Kai, lostmyballs, MKA, mobambachloride, OKobern, oracle-of-naivete, Paris_Labrador, Patxepi, Pencil Vulture, Pendulous, phosphophyllite, Popeetoes, qazplm500, Radians, Radu, sheepie, shin, stathx, stephner, Steve Lira, stupiddrew9, The Texan, TheScooterBuskie, Tumnus, UCLA_Jesus, Urbanindy, user1115, voltaicwaffles, WizardGrape, zenith
Oklahoma__OK, aidenb1127, Armadillo, Chicago Geographer, dfshapir, EJ'sEmpire, Flame, FlyingBro, Geo, GeoGamr🇺🇦, IGotSap, jaydoo909, Jet, jogwi, Kai, kp, MKA, mobambachloride, muskox, OKobern, oracle-of-naivete, Pendulous, phosphophyllite, sheepie, shin, stathx, Steve Lira, The Texan, TommyTheMet, Tumnus, voltaicwaffles, VS4GdqaYdYYrmBIMj1ab, zenith
Talladega__AL, aidenb1127, Arctic Tern, Cascadia, Chicago Geographer, chirpn, dfshapir, fbmdf1821, GeoGamr🇺🇦, Jet, jogwi, KlutchEZ, mobambachloride, muskox, OKobern, Radu, shin, stupiddrew9, Tumnus, voltaicwaffles, zenith
Decatur__TN, aidenb1127, Arctic Tern, Armadillo, Cedar, dfshapir, fladnag, FlyingBro, hateornges, jaydoo909, jogwi, kp, mobambachloride, muskox, Norton, nuclear ocelot, OKobern, Popeetoes, Radians, sheepie, shin, stupiddrew9, voltaicwaffles, zenith
Fulton__GA, aidenb1127, anthonys00, Arctic Tern, Armadillo, Ava, AyjAy011, Cascadia, Chicago Geographer, chirpn, crownedkinggame, dfshapir, Diamond Armor Steve, flaber, fladnag, Flame, FlyingBro, GeoGamr🇺🇦, hateornges, IGotSap, Ivan, JayVerti, Jet, jogwi, Jo™, Kai, KlutchEZ, kp, Littleduck, MKA, mobambachloride, muskox, Norton, nuclear ocelot, OKobern, oracle-of-naivete, Paris_Labrador, Patxepi, Pencil Vulture, phosphophyllite, Piglee, Popeetoes, Radians, Radu, Redoct878, sagittarius998, Sean30303, sheepie, shin, soup, stathx, stephner, Steve Lira, stupiddrew9, The Texan, TheScooterBuskie, TommyTheMet, Tumnus, Urbanindy, user1115, voltaicwaffles, VS4GdqaYdYYrmBIMj1ab, zenith
Dare__NC, aidenb1127, Cascadia, chirpn, crownedkinggame, dfshapir, Diamond Armor Steve, flaber, Jet, muskox, nuclear ocelot, OceanMan, OKobern, oracle-of-naivete, Paris_Labrador, Patxepi, Popeetoes, Radu, sagittarius998, shin, stupiddrew9, TommyTheMet, user1115, voltaicwaffles
Virginia_Beach__VA, aidenb1127, arija, Bubba, Cascadia, chirpn, crownedkinggame, dfshapir, Diamond Armor Steve, EJ'sEmpire, flaber, ineedaface, Jet, Jo™, mobambachloride, muskox, nuclear ocelot, oracle-of-naivete, Patxepi, Popeetoes, Radians, sagittarius998, sheepie, shin, soup, Steve Lira, stupiddrew9, TommyTheMet, Tumnus, voltaicwaffles
Chester__PA, aidenb1127, Arctic Tern, Banana Peel Seal, Bradinator, Bubba, Chicago Geographer, chirpn, De Martian, dfshapir, Diamond Armor Steve, EnzoDragon1, fladnag, hateornges, Jo™, mobambachloride, muskox, Norton, nuclear ocelot, OceanMan, oracle-of-naivete, Patxepi, Pendulous, phosphophyllite, Popeetoes, Radians, Radu, sagittarius998, shin, stupiddrew9, TheScooterBuskie, Tumnus, VS4GdqaYdYYrmBIMj1ab, zenith
Dauphin__PA, aidenb1127, anthonys00, Arctic Tern, AyjAy011, Bradinator, Bubba, Bvarium, Chicago Geographer, chirpn, crownedkinggame, dfshapir, EnzoDragon1, flaber, fladnag, Flame, hateornges, ineedaface, JayVerti, Jo™, Knight, kp, mobambachloride, muskox, Norton, nuclear ocelot, oracle-of-naivete, Patxepi, Pendulous, phosphophyllite, Radians, Radu, sagittarius998, Sean30303, shin, stephner, stupiddrew9, TheScooterBuskie, TommyTheMet, Tumnus, voltaicwaffles, VS4GdqaYdYYrmBIMj1ab, zenith
Santa_Cruz__CA, aidenb1127, Arctic Tern, Banana Peel Seal, Cascadia, Chicago Geographer, chirpn, chupoxag, De Martian, dfshapir, Diamond Armor Steve, gurf, Kai, lostmyballs, mobambachloride, Norton, nuclear ocelot, OceanMan, OKobern, Patxepi, Pencil Vulture, Radians, Radu, Redoct878, TheScooterBuskie, Tumnus, UCLA_Jesus, Urbanindy
Elko__NV, aidenb1127, Arctic Tern, Ava, Banana Peel Seal, Cascadia, De Martian, fladnag, gurf, jogwi, OKobern, oracle-of-naivete, Pendulous, sheepie, stathx, Steve Lira, voltaicwaffles, zenith
Cheyenne__NE, aidenb1127, Apollobo, Bvarium, dfshapir, EJ'sEmpire, jogwi, Jo™, Kai, muskox, OKobern, Patxepi, Radians, sheepie, shin, stathx, Tumnus, WizardGrape, zenith
Polk__IA, aidenb1127, anthonys00, Apollobo, Armadillo, AyjAy011, Bradinator, Chicago Geographer, corndog, DasSchnootz, dfshapir, EnzoDragon1, Flame, Geo, jogwi, Kai, Kiribati, mobambachloride, muskox, OceanMan, OKobern, Pendulous, qazplm500, Radians, Sean30303, sheepie, shin, stathx, Steve Lira, The Texan, Tumnus, voltaicwaffles, WizardGrape, zenith
Allen__IN, aidenb1127, AyjAy011, Cedar, Chicago Geographer, dfshapir, Flame, hateornges, Ivan, jaydoo909, JayVerti, Jet, jogwi, kp, Norton, OceanMan, OKobern, Paris_Labrador, sagittarius998, shin, stathx, stephner, Steve Lira, stupiddrew9, TommyTheMet, Urbanindy, user1115
Washington__DC, aidenb1127, AJ, anthonys00, Arctic Tern, arija, Armadillo, Ava, AyjAy011, bam, Banana Peel Seal, Bubba, Bvarium, Cedar, Chicago Geographer, chirpn, chupoxag, corndog, crownedkinggame, DasSchnootz, De Martian, dfshapir, Diamond Armor Steve, Dragonfire, EJ'sEmpire, EnzoDragon1, flaber, fladnag, FlyingBro, Geo, GeoGamr🇺🇦, hateornges, ineedaface, Ivan, jaydoo909, JayVerti, Jet, jogwi, Jo™, Kai, Kiribati, Knight, kp, lostmyballs, MKA, mobambachloride, muskox, Norton, nuclear ocelot, OceanMan, OKobern, oracle-of-naivete, Paris_Labrador, Patxepi, Pencil Vulture, Pendulous, phosphophyllite, Piglee, Popeetoes, qazplm500, Radians, Radu, sagittarius998, sheepie, shin, stathx, stephner, Steve Lira, stupiddrew9, The Texan, TheScooterBuskie, TommyTheMet, train, Tumnus, UCLA_Jesus, Urbanindy, user1115, voltaicwaffles, VS4GdqaYdYYrmBIMj1ab, wyatt, zenith
Carteret__NC, aidenb1127, Bubba, chirpn, crownedkinggame, Ivan, muskox, nuclear ocelot, oracle-of-naivete, Radu, shin, user1115, voltaicwaffles
Garfield__CO, aidenb1127, AJ, Armadillo, Banana Peel Seal, corndog, DasSchnootz, fladnag, GeoGamr🇺🇦, gurf, jaydoo909, Jet, jogwi, Jo™, Kai, Knight, MKA, muskox, OceanMan, OKobern, qazplm500, sheepie, shin, stathx, Steve Lira, Tumnus, Urbanindy, voltaicwaffles, zenith
Ventura__CA, aidenb1127, anthonys00, Arctic Tern, Armadillo, Ava, bam, Banana Peel Seal, Bvarium, Cascadia, De Martian, dfshapir, Diamond Armor Steve, flaber, GeoGamr🇺🇦, gurf, Jo™, Norton, nuclear ocelot, OceanMan, OKobern, oracle-of-naivete, Paris_Labrador, Pencil Vulture, phosphophyllite, qazplm500, Redoct878, stathx, stephner, Steve Lira, TheScooterBuskie, Tumnus, UCLA_Jesus
Santa_Barbara__CA, aidenb1127, Arctic Tern, Armadillo, Ava, bam, Banana Peel Seal, Bvarium, Cascadia, De Martian, dfshapir, Diamond Armor Steve, flaber, GeoGamr🇺🇦, gurf, Jo™, Norton, nuclear ocelot, OceanMan, OKobern, oracle-of-naivete, Paris_Labrador, Pencil Vulture, phosphophyllite, qazplm500, Redoct878, stathx, stephner, Steve Lira, TheScooterBuskie, UCLA_Jesus
Salt_Lake__UT, aidenb1127, anthonys00, Arctic Tern, Armadillo, AyjAy011, Banana Peel Seal, Bvarium, Cascadia, chirpn, chupoxag, De Martian, dfshapir, Diamond Armor Steve, EnzoDragon1, fladnag, GeoGamr🇺🇦, gurf, jogwi, KlutchEZ, lostmyballs, MKA, mobambachloride, Norton, OceanMan, OKobern, oracle-of-naivete, Paris_Labrador, Patxepi, Pencil Vulture, Radians, sheepie, shin, stathx, Steve Lira, stupiddrew9, UCLA_Jesus, user1115, voltaicwaffles, wyatt, zenith
Washoe__NV, aidenb1127, Arctic Tern, Armadillo, Banana Peel Seal, Bradinator, Cascadia, chupoxag, De Martian, fladnag, georoulette, gurf, Jet, Kai, lostmyballs, MKA, Norton, OceanMan, Pencil Vulture, Pendulous, phosphophyllite, Radians, Radu, sheepie, stathx, Steve Lira, sunnysideup, voltaicwaffles, zenith
Douglas__CO, aidenb1127, AJ, anthonys00, Apollobo, AyjAy011, Cascadia, Chicago Geographer, chirpn, chupoxag, dfshapir, EJ'sEmpire, EnzoDragon1, fladnag, Flame, FlyingBro, GeoGamr🇺🇦, gurf, jaydoo909, Jet, jogwi, Jo™, Kai, Kiribati, MKA, mobambachloride, muskox, OceanMan, OKobern, oracle-of-naivete, Pendulous, qazplm500, Sean30303, sheepie, shin, stathx, stephner, Steve Lira, Tumnus, zenith
Franklin__NC, aidenb1127, Bubba, chirpn, crownedkinggame, dfshapir, Jet, muskox, nuclear ocelot, OKobern, oracle-of-naivete, sagittarius998, shin, soup, stathx, stupiddrew9, user1115, voltaicwaffles
Tarrant__TX, aidenb1127, anthonys00, Arctic Tern, Armadillo, Ava, AyjAy011, Cedar, Chicago Geographer, chirpn, dfshapir, Diamond Armor Steve, EJ'sEmpire, flaber, FlyingBro, GeoGamr🇺🇦, hateornges, Ivan, jaydoo909, Jet, jogwi, Kai, Kiribati, KlutchEZ, kp, MKA, mobambachloride, muskox, OKobern, oracle-of-naivete, Paris_Labrador, Patxepi, Pencil Vulture, phosphophyllite, Popeetoes, Radians, Radu, sagittarius998, Sean30303, sheepie, shin, stathx, Steve Lira, stupiddrew9, The Texan, TheScooterBuskie, Tumnus, voltaicwaffles, VS4GdqaYdYYrmBIMj1ab, zenith
Converse__WY, AJ, Armadillo, EnzoDragon1, GeoGamr🇺🇦, gurf, jogwi, Kai, MKA, OceanMan, OKobern, Radians, sheepie, stathx, zenith
Natrona__WY, AJ, Armadillo, EnzoDragon1, gurf, jogwi, Kai, OceanMan, OKobern, Radians, sheepie, stathx, Steve Lira, zenith
Hot_Springs__WY, AJ, DasSchnootz, gurf, jogwi, OceanMan, OKobern, Pencil Vulture, Radians, stathx, Steve Lira, wyatt
Montezuma__CO, AJ, anthonys00, Arctic Tern, AyjAy011, Cascadia, Chicago Geographer, dfshapir, GeoGamr🇺🇦, gurf, jaydoo909, Jet, jogwi, Knight, lostmyballs, OceanMan, OKobern, oracle-of-naivete, Patxepi, Pencil Vulture, phosphophyllite, Popeetoes, Sean30303, sheepie, shin, stathx, Steve Lira, The Texan, UCLA_Jesus, zenith
Dolores__CO, AJ, Cascadia, Chicago Geographer, gurf, jaydoo909, Jet, jogwi, Knight, lostmyballs, OceanMan, OKobern, Patxepi, Pencil Vulture, Popeetoes, shin, stathx, The Texan, zenith
Montrose__CO, AJ, Cascadia, gurf, jaydoo909, jogwi, Jo™, Knight, MKA, OceanMan, OKobern, shin, stathx, Steve Lira, stupiddrew9, The Texan, zenith
Ouray__CO, AJ, Cascadia, gurf, jaydoo909, jogwi, Knight, OceanMan, OKobern, Popeetoes, shin, stathx, Steve Lira, stupiddrew9, UCLA_Jesus, zenith
Gunnison__CO, AJ, Cascadia, gurf, jaydoo909, jogwi, Jo™, Knight, MKA, muskox, OKobern, shin, stathx, Steve Lira, stupiddrew9, The Texan
Park__CO, AJ, Cascadia, FlyingBro, gurf, jaydoo909, jogwi, Jo™, Kiribati, Knight, muskox, OceanMan, OKobern, Sean30303, shin, stathx, stupiddrew9, Tumnus, zenith
Silver_Bow__MT, AJ, Cascadia, DasSchnootz, gurf, jogwi, Kai, lostmyballs, OceanMan, OKobern, Pencil Vulture, qazplm500, Radians, sheepie, stathx, Tumnus, wyatt, zenith
Powell__MT, AJ, gurf, jogwi, Kai, lostmyballs, OceanMan, OKobern, oracle-of-naivete, Patxepi, Pencil Vulture, qazplm500, Radians, sheepie, stathx, Tumnus, wyatt, zenith
Missoula__MT, AJ, Cascadia, gurf, jogwi, Kai, lostmyballs, OceanMan, OKobern, oracle-of-naivete, Patxepi, Pencil Vulture, qazplm500, Radians, sheepie, shin, stathx, Steve Lira, Tumnus, wyatt, zenith
Lake__MT, AJ, Arctic Tern, Cascadia, gurf, jogwi, Kai, OceanMan, OKobern, Paris_Labrador, Patxepi, Pencil Vulture, qazplm500, Radians, shin, stathx, Steve Lira, TheScooterBuskie
Flathead__MT, AJ, Arctic Tern, Bvarium, Cascadia, dfshapir, fladnag, gurf, jogwi, Kai, MKA, OceanMan, OKobern, Paris_Labrador, Patxepi, Pencil Vulture, qazplm500, Radians, shin, stathx, Steve Lira, TheScooterBuskie, user1115, voltaicwaffles
Clear_Creek__CO, AJ, Armadillo, Bvarium, Chicago Geographer, corndog, DasSchnootz, dfshapir, EnzoDragon1, FlyingBro, gurf, Jet, jogwi, Jo™, Kai, Knight, MKA, muskox, OceanMan, OKobern, qazplm500, Sean30303, sheepie, shin, stathx, stephner, Steve Lira, stupiddrew9, Tumnus, Urbanindy, voltaicwaffles, zenith
Wallace__KS, AJ, Apollobo, Arctic Tern, Cascadia, Chicago Geographer, dfshapir, Geo, jogwi, muskox, Sean30303, stathx, TommyTheMet, zenith
Lewis_and_Clark__MT, AJ, EJ'sEmpire, gurf, jogwi, Kai, OceanMan, oracle-of-naivete, Patxepi, Pencil Vulture, Radians, stathx, wyatt
Broadwater__MT, AJ, Cascadia, DasSchnootz, EJ'sEmpire, gurf, jogwi, Kai, OceanMan, Patxepi, Pencil Vulture, qazplm500, Radians, sheepie, stathx, Tumnus, zenith
Big_Horn__WY, AJ, Arctic Tern, Chicago Geographer, DasSchnootz, gurf, KlutchEZ, lostmyballs, OceanMan, OKobern, Pencil Vulture, Pendulous, Radians, stathx, WizardGrape, wyatt
Johnson__WY, AJ, Arctic Tern, Chicago Geographer, DasSchnootz, EnzoDragon1, gurf, jogwi, Kai, KlutchEZ, lostmyballs, OceanMan, OKobern, Pencil Vulture, Pendulous, Radians, stathx, WizardGrape, wyatt, zenith
Campbell__WY, AJ, Arctic Tern, Chicago Geographer, DasSchnootz, jogwi, KlutchEZ, lostmyballs, OceanMan, OKobern, Pendulous, Radians, stathx, WizardGrape
Niobrara__WY, AJ, arija, Armadillo, EnzoDragon1, GeoGamr🇺🇦, gurf, MKA, OceanMan, OKobern, Patxepi, Radians, sheepie, stathx, zenith
Grand__UT, AJ, Arctic Tern, Armadillo, Banana Peel Seal, Bvarium, Cascadia, Chicago Geographer, corndog, DasSchnootz, dfshapir, Diamond Armor Steve, fladnag, GeoGamr🇺🇦, gurf, jaydoo909, Jet, jogwi, Jo™, Kai, Knight, lostmyballs, MKA, OceanMan, Patxepi, Pencil Vulture, qazplm500, Radians, sheepie, shin, stathx, Steve Lira, stupiddrew9, The Texan, Tumnus, Urbanindy, user1115, voltaicwaffles, zenith
El_Paso__CO, AJ, anthonys00, Apollobo, AyjAy011, Cascadia, Chicago Geographer, chirpn, chupoxag, dfshapir, Diamond Armor Steve, EJ'sEmpire, EnzoDragon1, fladnag, Flame, FlyingBro, GeoGamr🇺🇦, gurf, jaydoo909, Jet, jogwi, Jo™, Kai, Kiribati, MKA, mobambachloride, muskox, OceanMan, OKobern, oracle-of-naivete, Pendulous, qazplm500, Sean30303, sheepie, stathx, Steve Lira, The Texan, Tumnus, VS4GdqaYdYYrmBIMj1ab, zenith
Teller__CO, AJ, anthonys00, AyjAy011, Cascadia, FlyingBro, gurf, jaydoo909, Jo™, Kiribati, MKA, muskox, OceanMan, OKobern, qazplm500, Sean30303, sheepie, stathx, Steve Lira, Tumnus, zenith
Pueblo__CO, AJ, anthonys00, Apollobo, AyjAy011, Cascadia, Chicago Geographer, dfshapir, fladnag, FlyingBro, Geo, GeoGamr🇺🇦, jaydoo909, Jet, jogwi, Jo™, Kai, MKA, muskox, OKobern, qazplm500, Sean30303, sheepie, stathx, Steve Lira, The Texan, Tumnus, VS4GdqaYdYYrmBIMj1ab, zenith
Gilpin__CO, AJ, Banana Peel Seal, Chicago Geographer, DasSchnootz, dfshapir, EnzoDragon1, fladnag, gurf, Jo™, Knight, MKA, muskox, OceanMan, OKobern, Patxepi, Pendulous, sheepie, shin, stathx, stupiddrew9, Tumnus, voltaicwaffles, zenith
Grand__CO, AJ, Banana Peel Seal, Cascadia, dfshapir, fladnag, gurf, Ivan, jogwi, Jo™, Knight, MKA, muskox, OceanMan, OKobern, Patxepi, Sean30303, sheepie, stathx, Steve Lira, stupiddrew9, Tumnus, Urbanindy, voltaicwaffles, zenith
Summit__CO, AJ, Armadillo, Bvarium, corndog, DasSchnootz, EnzoDragon1, FlyingBro, gurf, jaydoo909, Jet, jogwi, Jo™, Kai, Knight, MKA, muskox, OceanMan, OKobern, qazplm500, Sean30303, sheepie, shin, stathx, Steve Lira, stupiddrew9, Tumnus, Urbanindy, voltaicwaffles, zenith
Eagle__CO, AJ, Armadillo, Banana Peel Seal, corndog, DasSchnootz, EnzoDragon1, fladnag, gurf, jaydoo909, Jet, jogwi, Jo™, Kai, Knight, MKA, muskox, OceanMan, OKobern, Paris_Labrador, qazplm500, sheepie, shin, stathx, Steve Lira, Tumnus, Urbanindy, voltaicwaffles, zenith
Pitkin__CO, AJ, FlyingBro, gurf, jaydoo909, jogwi, MKA, OKobern, Paris_Labrador, shin, stathx, Steve Lira, UCLA_Jesus, zenith
Mesa__CO, AJ, Armadillo, Banana Peel Seal, Bvarium, corndog, DasSchnootz, fladnag, GeoGamr🇺🇦, gurf, jaydoo909, Jet, jogwi, Jo™, Kai, Knight, MKA, OceanMan, OKobern, qazplm500, sheepie, shin, stathx, Steve Lira, The Texan, Tumnus, Urbanindy, voltaicwaffles, zenith
Alamosa__CO, AJ, anthonys00, AyjAy011, Cascadia, Chicago Geographer, dfshapir, fladnag, jaydoo909, jogwi, Jo™, MKA, OceanMan, OKobern, Sean30303, sheepie, shin, stathx, Steve Lira, The Texan
Saguache__CO, AJ, Cascadia, dfshapir, fladnag, gurf, jaydoo909, jogwi, Jo™, MKA, muskox, OceanMan, OKobern, Sean30303, shin, stathx, Steve Lira, stupiddrew9, The Texan, zenith
Chaffee__CO, AJ, Cascadia, FlyingBro, gurf, jaydoo909, jogwi, Jo™, Knight, MKA, muskox, OceanMan, OKobern, Sean30303, shin, stathx, Steve Lira, stupiddrew9, The Texan, Tumnus, zenith
Taos__NM, AJ, Cascadia, Chicago Geographer, De Martian, Diamond Armor Steve, fladnag, GeoGamr🇺🇦, jogwi, lostmyballs, OKobern, phosphophyllite, Popeetoes, sheepie, shin, stathx, The Texan, user1115, VS4GdqaYdYYrmBIMj1ab
Los_Alamos__NM, AJ, Cascadia, Chicago Geographer, De Martian, Diamond Armor Steve, fladnag, GeoGamr🇺🇦, Kiribati, lostmyballs, Norton, OKobern, phosphophyllite, Popeetoes, sheepie, shin, stathx, Steve Lira, user1115
Sandoval__NM, AJ, Arctic Tern, Cascadia, Chicago Geographer, chirpn, DasSchnootz, De Martian, dfshapir, Diamond Armor Steve, fladnag, FlyingBro, Geo, GeoGamr🇺🇦, gurf, Jet, jogwi, Jo™, Kiribati, lostmyballs, Norton, OKobern, oracle-of-naivete, phosphophyllite, Popeetoes, sheepie, shin, stathx, Steve Lira, The Texan, user1115, VS4GdqaYdYYrmBIMj1ab, zenith
San_Miguel__CO, AJ, Cascadia, gurf, jaydoo909, OceanMan, OKobern, Popeetoes, shin, stathx, stupiddrew9, UCLA_Jesus, zenith
San_Juan__UT, AJ, Arctic Tern, Cascadia, Chicago Geographer, corndog, DasSchnootz, dfshapir, Diamond Armor Steve, GeoGamr🇺🇦, gurf, Jet, jogwi, Knight, lostmyballs, OceanMan, OKobern, oracle-of-naivete, Patxepi, Pencil Vulture, phosphophyllite, Popeetoes, qazplm500, Radians, Sean30303, sheepie, shin, stathx, Steve Lira, stupiddrew9, The Texan, UCLA_Jesus, Urbanindy, user1115, zenith
San_Juan__NM, AJ, Arctic Tern, Cascadia, Chicago Geographer, dfshapir, GeoGamr🇺🇦, gurf, Jet, jogwi, lostmyballs, OceanMan, OKobern, oracle-of-naivete, Patxepi, Pencil Vulture, phosphophyllite, Popeetoes, Sean30303, sheepie, shin, stathx, Steve Lira, The Texan, UCLA_Jesus, zenith
Kane__UT, AJ, Arctic Tern, bam, Banana Peel Seal, Bvarium, Cascadia, DasSchnootz, dfshapir, EJ'sEmpire, GeoGamr🇺🇦, gurf, Ivan, jogwi, MKA, OceanMan, oracle-of-naivete, Patxepi, Pencil Vulture, qazplm500, Radians, Radu, stathx, Steve Lira, Tumnus, Urbanindy, user1115
Garfield__UT, AJ, Arctic Tern, bam, Bvarium, Cascadia, DasSchnootz, De Martian, dfshapir, GeoGamr🇺🇦, gurf, jogwi, MKA, OceanMan, Patxepi, Pencil Vulture, qazplm500, Radians, Radu, stathx, Steve Lira, The Texan, user1115
Wayne__UT, AJ, Arctic Tern, Cascadia, dfshapir, Diamond Armor Steve, gurf, jogwi, OceanMan, Patxepi, Pencil Vulture, qazplm500, Radians, stathx, Steve Lira, The Texan, Urbanindy, user1115
Glacier__MT, AJ, Arctic Tern, Bvarium, Cascadia, dfshapir, fladnag, gurf, jogwi, Kai, MKA, OceanMan, OKobern, Paris_Labrador, Patxepi, Pencil Vulture, qazplm500, Radians, stathx, Steve Lira, TheScooterBuskie, user1115, voltaicwaffles
Custer__CO, AJ, Apollobo, dfshapir, FlyingBro, Jet, jogwi, muskox, OKobern, stathx
Washington__MN, AJ, anthonys00, Apollobo, Arctic Tern, arija, Ava, AyjAy011, Bean, Bradinator, Bvarium, Chicago Geographer, chupoxag, corndog, DasSchnootz, dfshapir, fladnag, jogwi, Kai, lostmyballs, MKA, muskox, OceanMan, OKobern, Paris_Labrador, Pendulous, qazplm500, Sean30303, sheepie, shin, Steve Lira, stupiddrew9, Tumnus, Urbanindy, user1115, voltaicwaffles, VS4GdqaYdYYrmBIMj1ab, WizardGrape, zenith
Hennepin__MN, AJ, anthonys00, Apollobo, Arctic Tern, arija, Ava, AyjAy011, Bean, Bradinator, Bvarium, Chicago Geographer, chirpn, chupoxag, corndog, DasSchnootz, dfshapir, EJ'sEmpire, flaber, fladnag, FlyingBro, gurf, jogwi, Kai, kp, lostmyballs, MKA, mobambachloride, muskox, Norton, OceanMan, OKobern, oracle-of-naivete, Paris_Labrador, Pencil Vulture, Pendulous, Popeetoes, qazplm500, Radians, Sean30303, sheepie, shin, stathx, Steve Lira, stupiddrew9, Tumnus, Urbanindy, user1115, voltaicwaffles, VS4GdqaYdYYrmBIMj1ab, WizardGrape, zenith
Platte__WY, AJ, EnzoDragon1, GeoGamr🇺🇦, jogwi, Kai, MKA, muskox, OceanMan, OKobern, Radians, sheepie, shin, stathx, zenith
Polk__FL, AJ, Apollobo, Arctic Tern, arija, Ava, Bean, Bvarium, Cedar, corndog, DasSchnootz, dfshapir, Diamond Armor Steve, EJ'sEmpire, Flame, GeoGamr🇺🇦, IGotSap, jaydoo909, Jet, MKA, mobambachloride, muskox, nuclear ocelot, OKobern, Paris_Labrador, Patxepi, Radu, shin, soup, stephner, stupiddrew9, Tumnus, Urbanindy, voltaicwaffles, VS4GdqaYdYYrmBIMj1ab
Orange__FL, AJ, anthonys00, Apollobo, arija, Armadillo, Ava, AyjAy011, Bubba, Bvarium, Cascadia, Cedar, Chicago Geographer, chirpn, corndog, crownedkinggame, DasSchnootz, De Martian, dfshapir, Diamond Armor Steve, EJ'sEmpire, EnzoDragon1, flaber, fladnag, Flame, FlyingBro, GeoGamr🇺🇦, hateornges, IGotSap, ineedaface, jaydoo909, JayVerti, Jet, Jo™, Kai, Kiribati, KlutchEZ, kp, MKA, mobambachloride, muskox, Norton, nuclear ocelot, OKobern, oracle-of-naivete, Paris_Labrador, Patxepi, Pencil Vulture, Pendulous, qazplm500, Radu, sagittarius998, Sean30303, shin, soup, stathx, stephner, Steve Lira, stupiddrew9, The Texan, TheScooterBuskie, TommyTheMet, train, Tumnus, UCLA_Jesus, Urbanindy, voltaicwaffles, VS4GdqaYdYYrmBIMj1ab, wyatt, zenith
Hawaii__HI, AJ, Arctic Tern, Banana Peel Seal, Bvarium, Cascadia, De Martian, Ivan, jogwi, lostmyballs, MKA, Norton, Patxepi, Pencil Vulture, phosphophyllite, qazplm500, Radians, stathx, Tumnus, UCLA_Jesus
Maui__HI, AJ, Arctic Tern, Cascadia, gurf, jogwi, Kai, Pencil Vulture, Popeetoes, Radians, shin, stathx, UCLA_Jesus
Carbon__MT, AJ, Chicago Geographer, corndog, gurf, jogwi, Kai, OceanMan, OKobern, Patxepi, Pencil Vulture, qazplm500, Radians, sheepie, stathx, WizardGrape, wyatt
Washakie__WY, AJ, DasSchnootz, gurf, lostmyballs, OceanMan, OKobern, Pencil Vulture, Pendulous, Radians, stathx, wyatt
Custer__SD, AJ, Arctic Tern, arija, AyjAy011, Cascadia, Chicago Geographer, corndog, DasSchnootz, De Martian, dfshapir, EJ'sEmpire, EnzoDragon1, Flame, GeoGamr🇺🇦, gurf, jogwi, KlutchEZ, lostmyballs, MKA, mobambachloride, OceanMan, OKobern, oracle-of-naivete, Patxepi, qazplm500, Radians, Sean30303, sheepie, stathx, Steve Lira, Tumnus, user1115, voltaicwaffles, WizardGrape, zenith
Fall_River__SD, AJ, arija, AyjAy011, dfshapir, EnzoDragon1, Flame, GeoGamr🇺🇦, gurf, MKA, OceanMan, OKobern, oracle-of-naivete, Patxepi, Radians, stathx, Steve Lira, user1115, voltaicwaffles, WizardGrape, zenith
Rio_Arriba__NM, AJ, Arctic Tern, Cascadia, Chicago Geographer, De Martian, dfshapir, Diamond Armor Steve, fladnag, GeoGamr🇺🇦, gurf, Jet, jogwi, lostmyballs, OKobern, oracle-of-naivete, phosphophyllite, Popeetoes, sheepie, shin, stathx, The Texan, user1115, VS4GdqaYdYYrmBIMj1ab, zenith
Pope__IL, AJ, Bvarium, Chicago Geographer, dfshapir, nuclear ocelot, shin, stathx, stupiddrew9, Urbanindy
Anoka__MN, anthonys00, Arctic Tern, arija, Ava, AyjAy011, Bradinator, Chicago Geographer, chupoxag, corndog, DasSchnootz, dfshapir, fladnag, jogwi, Kai, MKA, muskox, OKobern, Paris_Labrador, qazplm500, Sean30303, sheepie, shin, stathx, Steve Lira, stupiddrew9, Tumnus, voltaicwaffles, VS4GdqaYdYYrmBIMj1ab, WizardGrape
Ramsey__MN, anthonys00, Apollobo, Arctic Tern, arija, Ava, AyjAy011, Bean, Bradinator, Bvarium, Chicago Geographer, chupoxag, corndog, DasSchnootz, dfshapir, EJ'sEmpire, fladnag, gurf, jogwi, Kai, Kiribati, MKA, muskox, OceanMan, OKobern, oracle-of-naivete, Paris_Labrador, Pendulous, Popeetoes, qazplm500, Sean30303, sheepie, shin, stathx, Steve Lira, stupiddrew9, Tumnus, Urbanindy, user1115, voltaicwaffles, VS4GdqaYdYYrmBIMj1ab, WizardGrape, zenith
Dakota__MN, anthonys00, Apollobo, Arctic Tern, Ava, AyjAy011, Bean, Bradinator, Bvarium, Chicago Geographer, corndog, DasSchnootz, dfshapir, EJ'sEmpire, fladnag, gurf, Kai, Kiribati, lostmyballs, MKA, muskox, OceanMan, OKobern, oracle-of-naivete, Popeetoes, qazplm500, sheepie, shin, Steve Lira, Tumnus, user1115, voltaicwaffles, WizardGrape, zenith
Scott__MN, anthonys00, AyjAy011, Bradinator, Chicago Geographer, chupoxag, corndog, DasSchnootz, dfshapir, EJ'sEmpire, Kai, muskox, OceanMan, Popeetoes, qazplm500, sheepie, shin, stathx, Tumnus, user1115, voltaicwaffles, WizardGrape, zenith
Carver__MN, anthonys00, AyjAy011, Bradinator, chupoxag, corndog, DasSchnootz, EJ'sEmpire, muskox, oracle-of-naivete, qazplm500, sheepie, shin, stathx, voltaicwaffles, WizardGrape
Wright__MN, anthonys00, AyjAy011, Bradinator, Bvarium, Chicago Geographer, corndog, DasSchnootz, dfshapir, gurf, jogwi, lostmyballs, muskox, OceanMan, Paris_Labrador, qazplm500, Sean30303, sheepie, shin, stathx, Tumnus, user1115, WizardGrape, zenith
Sherburne__MN, anthonys00, AyjAy011, Bradinator, corndog, DasSchnootz, dfshapir, fladnag, MKA, muskox, OKobern, qazplm500, sheepie, shin, stathx, voltaicwaffles, WizardGrape
Isanti__MN, anthonys00, AyjAy011, Bradinator, corndog, qazplm500, sheepie, WizardGrape
Chisago__MN, anthonys00, Apollobo, Arctic Tern, arija, AyjAy011, Bradinator, Chicago Geographer, chupoxag, corndog, dfshapir, Kai, muskox, OKobern, qazplm500, sheepie, shin, Steve Lira, stupiddrew9, Tumnus, user1115, VS4GdqaYdYYrmBIMj1ab, WizardGrape
Kanabec__MN, anthonys00, AyjAy011, Bradinator, corndog, qazplm500, sheepie, WizardGrape
Mille_Lacs__MN, anthonys00, AyjAy011, Bradinator, corndog, qazplm500, sheepie, WizardGrape
Pine__MN, anthonys00, Arctic Tern, arija, AyjAy011, Bradinator, Chicago Geographer, chupoxag, corndog, dfshapir, Kai, OKobern, qazplm500, sheepie, Steve Lira, stupiddrew9, user1115, VS4GdqaYdYYrmBIMj1ab, WizardGrape
Carlton__MN, anthonys00, Arctic Tern, arija, AyjAy011, Bradinator, Chicago Geographer, chupoxag, corndog, dfshapir, Kai, OceanMan, OKobern, qazplm500, sagittarius998, sheepie, stathx, Steve Lira, stupiddrew9, user1115, VS4GdqaYdYYrmBIMj1ab, WizardGrape
St__Louis__MN, anthonys00, Arctic Tern, arija, AyjAy011, Bradinator, Bvarium, Cedar, Chicago Geographer, chupoxag, corndog, DasSchnootz, dfshapir, jogwi, Kai, OceanMan, OKobern, qazplm500, sagittarius998, sheepie, stathx, Steve Lira, stupiddrew9, Tumnus, user1115, VS4GdqaYdYYrmBIMj1ab, WizardGrape
Lake__MN, anthonys00, Arctic Tern, arija, AyjAy011, Bradinator, Bvarium, Chicago Geographer, corndog, dfshapir, Kai, qazplm500, sheepie, Tumnus, user1115, WizardGrape
Cook__MN, anthonys00, Arctic Tern, arija, AyjAy011, Bradinator, Bvarium, corndog, dfshapir, Kai, qazplm500, sheepie, WizardGrape
Douglas__WI, anthonys00, Apollobo, Arctic Tern, arija, AyjAy011, Bradinator, Bvarium, Cedar, Chicago Geographer, corndog, DasSchnootz, jogwi, OceanMan, OKobern, qazplm500, Radians, sagittarius998, sheepie, stathx, Steve Lira, Tumnus, user1115, VS4GdqaYdYYrmBIMj1ab, WizardGrape
Aitkin__MN, anthonys00, AyjAy011, Bradinator, corndog, qazplm500, sheepie, stathx, WizardGrape
Benton__MN, anthonys00, AyjAy011, Bradinator, corndog, dfshapir, fladnag, jogwi, MKA, OKobern, qazplm500, sheepie, shin, voltaicwaffles, WizardGrape
Morrison__MN, anthonys00, AyjAy011, Bradinator, corndog, dfshapir, fladnag, jogwi, MKA, OKobern, qazplm500, sheepie, voltaicwaffles, WizardGrape
Crow_Wing__MN, anthonys00, AyjAy011, Bradinator, corndog, qazplm500, sheepie, WizardGrape
Todd__MN, anthonys00, AyjAy011, Bradinator, Bvarium, Chicago Geographer, corndog, dfshapir, fladnag, gurf, lostmyballs, MKA, OKobern, Paris_Labrador, qazplm500, Sean30303, sheepie, user1115, voltaicwaffles, WizardGrape, zenith
Wadena__MN, anthonys00, AyjAy011, Bradinator, corndog, dfshapir, fladnag, jogwi, MKA, OKobern, qazplm500, sheepie, voltaicwaffles, WizardGrape
Hubbard__MN, anthonys00, AyjAy011, Bradinator, corndog, jogwi, qazplm500, sheepie, stathx, WizardGrape
Becker__MN, anthonys00, AyjAy011, Bradinator, corndog, dfshapir, fladnag, jogwi, MKA, OKobern, qazplm500, sheepie, voltaicwaffles, WizardGrape
Stearns__MN, anthonys00, AyjAy011, Bradinator, Bvarium, Chicago Geographer, corndog, DasSchnootz, dfshapir, gurf, jogwi, lostmyballs, Paris_Labrador, qazplm500, Sean30303, sheepie, shin, user1115, WizardGrape, zenith
Douglas__MN, anthonys00, AyjAy011, Bradinator, Bvarium, Chicago Geographer, corndog, DasSchnootz, dfshapir, gurf, lostmyballs, Paris_Labrador, qazplm500, Sean30303, sheepie, shin, user1115, WizardGrape, zenith
Grant__MN, anthonys00, AyjAy011, Bradinator, Chicago Geographer, corndog, DasSchnootz, gurf, lostmyballs, Paris_Labrador, qazplm500, Sean30303, sheepie, shin, WizardGrape, zenith
Otter_Tail__MN, anthonys00, AyjAy011, Bradinator, Bvarium, Chicago Geographer, corndog, DasSchnootz, dfshapir, fladnag, gurf, lostmyballs, MKA, OKobern, Paris_Labrador, qazplm500, Sean30303, sheepie, shin, user1115, voltaicwaffles, WizardGrape, zenith
Wilkin__MN, anthonys00, AyjAy011, Bradinator, Chicago Geographer, corndog, DasSchnootz, gurf, lostmyballs, Paris_Labrador, qazplm500, Sean30303, sheepie, shin, stathx, user1115, WizardGrape, zenith
Clay__MN, anthonys00, AyjAy011, Bradinator, Bvarium, Chicago Geographer, corndog, DasSchnootz, dfshapir, EJ'sEmpire, fladnag, gurf, jogwi, lostmyballs, MKA, OceanMan, OKobern, Paris_Labrador, qazplm500, Sean30303, sheepie, shin, stathx, user1115, voltaicwaffles, WizardGrape, zenith
Cass__ND, anthonys00, AyjAy011, Bradinator, Bvarium, Chicago Geographer, corndog, DasSchnootz, De Martian, dfshapir, EJ'sEmpire, fladnag, gurf, jogwi, lostmyballs, MKA, OceanMan, OKobern, Paris_Labrador, qazplm500, Radians, Sean30303, sheepie, shin, stathx, user1115, voltaicwaffles, WizardGrape, zenith
Goodhue__MN, anthonys00, Apollobo, Ava, AyjAy011, Bradinator, Bvarium, Chicago Geographer, corndog, DasSchnootz, dfshapir, gurf, Kiribati, MKA, muskox, OKobern, oracle-of-naivete, Popeetoes, qazplm500, sheepie, shin, user1115, voltaicwaffles, WizardGrape, zenith
Olmsted__MN, anthonys00, Apollobo, Arctic Tern, AyjAy011, Bradinator, Bvarium, Chicago Geographer, corndog, DasSchnootz, dfshapir, EJ'sEmpire, Flame, Ivan, muskox, OceanMan, oracle-of-naivete, Pendulous, Popeetoes, qazplm500, Sean30303, sheepie, shin, Steve Lira, voltaicwaffles, WizardGrape, zenith
Winona__MN, anthonys00, Apollobo, Arctic Tern, Ava, AyjAy011, Bradinator, Bvarium, Chicago Geographer, corndog, DasSchnootz, dfshapir, EJ'sEmpire, fladnag, Flame, gurf, Ivan, Kiribati, MKA, muskox, OceanMan, OKobern, Pendulous, Popeetoes, qazplm500, Sean30303, sheepie, shin, Steve Lira, Tumnus, voltaicwaffles, zenith
Wabasha__MN, anthonys00, Apollobo, Ava, AyjAy011, Bradinator, Chicago Geographer, corndog, DasSchnootz, dfshapir, gurf, Kiribati, MKA, muskox, OKobern, qazplm500, sheepie, shin, voltaicwaffles, WizardGrape
Fillmore__MN, anthonys00, Apollobo, AyjAy011, Bradinator, Bvarium, corndog, DasSchnootz, dfshapir, muskox, oracle-of-naivete, qazplm500, sheepie, shin, voltaicwaffles, WizardGrape
Winneshiek__IA, anthonys00, AyjAy011, corndog, DasSchnootz, dfshapir, muskox, OceanMan, oracle-of-naivete, qazplm500, Radians, sheepie, shin
La_Crosse__WI, anthonys00, Apollobo, Arctic Tern, Ava, AyjAy011, Bradinator, Bvarium, Chicago Geographer, corndog, DasSchnootz, dfshapir, Dimei, EJ'sEmpire, fladnag, Flame, Ivan, Kiribati, MKA, muskox, OceanMan, OKobern, Pendulous, Popeetoes, qazplm500, Radians, Sean30303, sheepie, shin, Steve Lira, Tumnus, voltaicwaffles, zenith
Monroe__WI, anthonys00, Apollobo, Arctic Tern, arija, AyjAy011, Bean, Bradinator, Bvarium, Chicago Geographer, corndog, DasSchnootz, dfshapir, Dimei, EJ'sEmpire, fladnag, Flame, Ivan, jogwi, Kiribati, MKA, OceanMan, OKobern, Paris_Labrador, Pendulous, Popeetoes, qazplm500, Radians, Sean30303, sheepie, shin, Steve Lira, stupiddrew9, Urbanindy, voltaicwaffles, WizardGrape, zenith
Mower__MN, anthonys00, Arctic Tern, AyjAy011, Bradinator, Bvarium, Chicago Geographer, corndog, DasSchnootz, dfshapir, EJ'sEmpire, Flame, muskox, OceanMan, Pendulous, qazplm500, Sean30303, sheepie, shin, Steve Lira, voltaicwaffles, WizardGrape, zenith
Freeborn__MN, anthonys00, Arctic Tern, AyjAy011, Bradinator, Bvarium, Chicago Geographer, corndog, DasSchnootz, De Martian, dfshapir, EJ'sEmpire, Flame, Kai, muskox, OceanMan, Pendulous, qazplm500, Sean30303, sheepie, shin, Steve Lira, Tumnus, user1115, voltaicwaffles, WizardGrape, zenith
Steele__MN, anthonys00, Apollobo, AyjAy011, Bradinator, Chicago Geographer, corndog, dfshapir, EJ'sEmpire, Ivan, Kai, muskox, OceanMan, qazplm500, sheepie, shin, Tumnus, user1115, voltaicwaffles, WizardGrape
Rice__MN, anthonys00, AyjAy011, Bradinator, Chicago Geographer, corndog, dfshapir, Kai, muskox, OceanMan, qazplm500, sheepie, shin, Tumnus, user1115, voltaicwaffles, WizardGrape
Waseca__MN, anthonys00, AyjAy011, corndog, EJ'sEmpire, Ivan, muskox, qazplm500, sheepie, shin
Le_Sueur__MN, anthonys00, AyjAy011, Bradinator, corndog, muskox, Popeetoes, qazplm500, sheepie, shin, stathx, Tumnus, user1115, WizardGrape, zenith
Blue_Earth__MN, anthonys00, AyjAy011, Bradinator, corndog, EJ'sEmpire, Ivan, muskox, Popeetoes, qazplm500, sheepie, shin, stathx, Tumnus, user1115, WizardGrape, zenith
Nicollet__MN, anthonys00, AyjAy011, Bradinator, corndog, EJ'sEmpire, Ivan, muskox, oracle-of-naivete, Popeetoes, qazplm500, sheepie, shin, stathx, Tumnus, user1115, WizardGrape, zenith
Sibley__MN, anthonys00, AyjAy011, Bradinator, corndog, muskox, oracle-of-naivete, Popeetoes, qazplm500, sheepie, shin, stathx, user1115, WizardGrape, zenith
Watonwan__MN, anthonys00, AyjAy011, corndog, muskox, qazplm500, sheepie, shin, stathx, Steve Lira, Tumnus, WizardGrape
Martin__MN, anthonys00, Arctic Tern, AyjAy011, Bvarium, Chicago Geographer, DasSchnootz, De Martian, dfshapir, EJ'sEmpire, Flame, muskox, OceanMan, Pendulous, Popeetoes, qazplm500, Sean30303, sheepie, shin, Steve Lira, WizardGrape, zenith
Cottonwood__MN, anthonys00, AyjAy011, corndog, muskox, Popeetoes, qazplm500, sheepie, shin, stathx, Tumnus, WizardGrape
Jackson__MN, anthonys00, Arctic Tern, AyjAy011, Bvarium, Chicago Geographer, corndog, DasSchnootz, De Martian, dfshapir, EJ'sEmpire, Flame, muskox, OceanMan, Pendulous, Popeetoes, qazplm500, Sean30303, sheepie, shin, stathx, Steve Lira, Tumnus, WizardGrape, zenith
Nobles__MN, anthonys00, Arctic Tern, AyjAy011, Bvarium, Cascadia, Chicago Geographer, corndog, DasSchnootz, De Martian, dfshapir, EJ'sEmpire, Flame, OceanMan, Pendulous, Popeetoes, qazplm500, Sean30303, sheepie, stathx, Steve Lira, Tumnus, WizardGrape, zenith
Rock__MN, anthonys00, Arctic Tern, AyjAy011, Bvarium, Cascadia, Chicago Geographer, corndog, DasSchnootz, De Martian, dfshapir, EJ'sEmpire, Flame, OceanMan, oracle-of-naivete, Pendulous, Popeetoes, qazplm500, Sean30303, sheepie, stathx, Steve Lira, voltaicwaffles, WizardGrape, zenith
Meeker__MN, anthonys00, AyjAy011, Bradinator, chupoxag, corndog, dfshapir, EJ'sEmpire, OceanMan, qazplm500, sheepie, shin, stathx, WizardGrape
St__Croix__WI, anthonys00, Apollobo, arija, Ava, AyjAy011, Bean, Bradinator, Bvarium, Chicago Geographer, corndog, DasSchnootz, jogwi, muskox, OceanMan, Paris_Labrador, Pendulous, qazplm500, Radians, Sean30303, sheepie, shin, Steve Lira, stupiddrew9, Tumnus, Urbanindy, voltaicwaffles, WizardGrape, zenith
Dunn__WI, anthonys00, Apollobo, arija, AyjAy011, Bean, Bradinator, Bvarium, Chicago Geographer, corndog, DasSchnootz, jogwi, Kiribati, muskox, OceanMan, Paris_Labrador, Pendulous, qazplm500, Radians, Sean30303, sheepie, shin, Steve Lira, stupiddrew9, Tumnus, Urbanindy, voltaicwaffles, WizardGrape, zenith
Eau_Claire__WI, anthonys00, Apollobo, arija, AyjAy011, Bean, Bradinator, Bvarium, Cedar, Chicago Geographer, corndog, DasSchnootz, jogwi, Kiribati, muskox, OceanMan, Paris_Labrador, Pendulous, qazplm500, Radians, Sean30303, sheepie, shin, Steve Lira, stupiddrew9, Tumnus, Urbanindy, voltaicwaffles, WizardGrape, zenith
Jackson__WI, anthonys00, Apollobo, arija, AyjAy011, Bean, Bradinator, Bvarium, Chicago Geographer, corndog, DasSchnootz, jogwi, Kiribati, OceanMan, Paris_Labrador, Pendulous, qazplm500, Radians, Sean30303, sheepie, shin, Steve Lira, stupiddrew9, Tumnus, Urbanindy, voltaicwaffles, WizardGrape, zenith
Juneau__WI, anthonys00, Apollobo, Arctic Tern, arija, AyjAy011, Bean, Bradinator, Bvarium, Chicago Geographer, corndog, DasSchnootz, dfshapir, Dimei, EJ'sEmpire, fladnag, Flame, Ivan, jogwi, Kiribati, MKA, OceanMan, OKobern, Paris_Labrador, Pendulous, Popeetoes, qazplm500, Radians, Sean30303, sheepie, shin, Steve Lira, stupiddrew9, Tumnus, Urbanindy, voltaicwaffles, WizardGrape, zenith
Sauk__WI, anthonys00, Apollobo, Arctic Tern, arija, AyjAy011, Bean, Bradinator, Bvarium, Chicago Geographer, corndog, DasSchnootz, dfshapir, Dimei, EJ'sEmpire, fladnag, Flame, Ivan, jogwi, Kiribati, MKA, OceanMan, OKobern, Paris_Labrador, Pendulous, Popeetoes, qazplm500, Radians, Sean30303, sheepie, shin, stathx, Steve Lira, stupiddrew9, Tumnus, Urbanindy, voltaicwaffles, WizardGrape, zenith
Jefferson__WI, anthonys00, Apollobo, arija, Ava, AyjAy011, Bradinator, Bvarium, Chicago Geographer, corndog, DasSchnootz, dfshapir, Dimei, fladnag, Kiribati, kp, MKA, OceanMan, OKobern, Popeetoes, qazplm500, Radians, Sean30303, sheepie, shin, stathx, Urbanindy, voltaicwaffles, zenith
Waukesha__WI, anthonys00, Apollobo, arija, Ava, AyjAy011, Bradinator, Bvarium, Cedar, Chicago Geographer, corndog, DasSchnootz, dfshapir, Dimei, fladnag, ineedaface, Ivan, Kiribati, kp, MKA, OceanMan, OKobern, Popeetoes, qazplm500, Radians, Sean30303, sheepie, shin, Urbanindy, zenith
Milwaukee__WI, anthonys00, Apollobo, Arctic Tern, arija, Armadillo, Ava, AyjAy011, Bradinator, Bvarium, Cedar, Chicago Geographer, chirpn, corndog, DasSchnootz, dfshapir, Dimei, fladnag, Flame, hateornges, ineedaface, Ivan, JayVerti, jogwi, Kiribati, kp, MKA, Norton, OceanMan, OKobern, Popeetoes, qazplm500, Radians, Sean30303, sheepie, shin, stephner, Steve Lira, Urbanindy, zenith
Kenosha__WI, anthonys00, Apollobo, Arctic Tern, arija, Armadillo, Ava, AyjAy011, Bradinator, Bvarium, Cedar, Chicago Geographer, chirpn, corndog, DasSchnootz, dfshapir, Dimei, fladnag, Flame, GeoGamr🇺🇦, hateornges, ineedaface, Ivan, JayVerti, Jet, jogwi, Kiribati, kp, MKA, Norton, OceanMan, OKobern, Paris_Labrador, Popeetoes, qazplm500, Radians, Sean30303, sheepie, shin, stephner, Steve Lira, Urbanindy, zenith
Racine__WI, anthonys00, Apollobo, Arctic Tern, arija, Armadillo, Ava, AyjAy011, Bradinator, Bvarium, Cedar, Chicago Geographer, chirpn, corndog, DasSchnootz, dfshapir, Dimei, fladnag, Flame, hateornges, ineedaface, Ivan, JayVerti, jogwi, Kiribati, kp, MKA, Norton, OceanMan, OKobern, Paris_Labrador, Popeetoes, qazplm500, Radians, Sean30303, sheepie, shin, stephner, Steve Lira, Urbanindy, zenith
Pierce__WI, anthonys00, Apollobo, Ava, AyjAy011, Bradinator, corndog, fladnag, lostmyballs, muskox, qazplm500, Radians, sheepie, shin, user1115, voltaicwaffles, WizardGrape, zenith
Vernon__WI, anthonys00, Apollobo, Ava, AyjAy011, Bvarium, Chicago Geographer, DasSchnootz, dfshapir, Kiribati, qazplm500, Radians, Sean30303, sheepie, shin, voltaicwaffles, zenith
Richland__WI, anthonys00, Apollobo, Ava, AyjAy011, Bvarium, Chicago Geographer, DasSchnootz, dfshapir, Flame, qazplm500, Radians, Sean30303, sheepie, shin, voltaicwaffles
Washington__WI, anthonys00, Apollobo, Ava, AyjAy011, Cedar, Chicago Geographer, DasSchnootz, dfshapir, Dimei, Ivan, Kiribati, qazplm500, Radians, Sean30303, sheepie, Urbanindy
Waupaca__WI, anthonys00, Apollobo, AyjAy011, Cedar, DasSchnootz, Dimei, Kiribati, qazplm500, Radians, Sean30303, sheepie, Urbanindy, WizardGrape
Portage__WI, anthonys00, Apollobo, AyjAy011, Bvarium, Cedar, DasSchnootz, Dimei, Flame, Kiribati, Patxepi, qazplm500, Radians, sagittarius998, sheepie, Tumnus, Urbanindy, WizardGrape
Wood__WI, anthonys00, Apollobo, AyjAy011, DasSchnootz, Kiribati, qazplm500, Radians, sheepie, Tumnus
Marathon__WI, anthonys00, Apollobo, AyjAy011, Bvarium, Cedar, Chicago Geographer, corndog, DasSchnootz, Dimei, Flame, Kiribati, Patxepi, qazplm500, Radians, sagittarius998, sheepie, Tumnus, Urbanindy, WizardGrape
Clark__WI, anthonys00, Apollobo, AyjAy011, Cedar, corndog, DasSchnootz, muskox, qazplm500, Radians, sheepie, shin, Tumnus, WizardGrape
Chippewa__WI, anthonys00, Apollobo, AyjAy011, Bvarium, Cedar, Chicago Geographer, corndog, DasSchnootz, muskox, qazplm500, Radians, sheepie, shin, Tumnus, WizardGrape
Polk__WI, anthonys00, Apollobo, AyjAy011, Bradinator, corndog, muskox, OKobern, qazplm500, Radians, sheepie, shin, Tumnus, WizardGrape
Barron__WI, anthonys00, Apollobo, AyjAy011, Bvarium, Chicago Geographer, corndog, DasSchnootz, muskox, qazplm500, Radians, sheepie, shin, Tumnus, WizardGrape
Washburn__WI, anthonys00, Apollobo, AyjAy011, Bradinator, Bvarium, Chicago Geographer, corndog, DasSchnootz, muskox, qazplm500, Radians, sagittarius998, sheepie, shin, WizardGrape
Lake__IL, anthonys00, Apollobo, Arctic Tern, arija, Armadillo, Ava, AyjAy011, Bean, Bradinator, Bvarium, Cedar, Chicago Geographer, chirpn, chupoxag, corndog, DasSchnootz, dfshapir, Dimei, fladnag, Flame, GeoGamr🇺🇦, hateornges, ineedaface, Ivan, JayVerti, Jet, jogwi, Kiribati, kp, MKA, Norton, nuclear ocelot, OceanMan, OKobern, oracle-of-naivete, Paris_Labrador, Pendulous, Popeetoes, sagittarius998, Sean30303, sheepie, shin, stephner, Steve Lira, Urbanindy, voltaicwaffles, zenith
Boone__IL, anthonys00, Apollobo, Arctic Tern, Ava, AyjAy011, Bean, Bradinator, Bvarium, Chicago Geographer, corndog, DasSchnootz, De Martian, dfshapir, Flame, Ivan, Kiribati, nuclear ocelot, OceanMan, OKobern, oracle-of-naivete, Paris_Labrador, Patxepi, Pendulous, qazplm500, sagittarius998, Sean30303, sheepie, shin, stathx, Steve Lira, stupiddrew9, Urbanindy, voltaicwaffles, zenith
Kane__IL, anthonys00, Apollobo, Arctic Tern, AyjAy011, Banana Peel Seal, Bean, Bradinator, Bvarium, Chicago Geographer, chupoxag, corndog, DasSchnootz, De Martian, dfshapir, fladnag, Flame, gurf, Ivan, Jet, Kiribati, mobambachloride, Norton, nuclear ocelot, OceanMan, OKobern, oracle-of-naivete, Paris_Labrador, Patxepi, Pendulous, qazplm500, sagittarius998, Sean30303, sheepie, shin, stathx, Steve Lira, stupiddrew9, Urbanindy, voltaicwaffles
DeKalb__IL, anthonys00, Apollobo, AyjAy011, Banana Peel Seal, Bvarium, Chicago Geographer, DasSchnootz, dfshapir, fladnag, Flame, Ivan, Kiribati, mobambachloride, Norton, nuclear ocelot, Pendulous, Sean30303, sheepie, shin, stathx, stupiddrew9, voltaicwaffles
McHenry__IL, anthonys00, Apollobo, Arctic Tern, Ava, AyjAy011, Bean, Bradinator, Bvarium, Chicago Geographer, chupoxag, corndog, DasSchnootz, De Martian, dfshapir, Flame, gurf, Ivan, Kiribati, nuclear ocelot, OceanMan, OKobern, oracle-of-naivete, Paris_Labrador, Patxepi, Pendulous, qazplm500, sagittarius998, Sean30303, sheepie, shin, stathx, Steve Lira, stupiddrew9, Urbanindy, voltaicwaffles
De_Witt__IL, anthonys00, Apollobo, AyjAy011, Bradinator, Bvarium, Chicago Geographer, DasSchnootz, dfshapir, jogwi, kp, mobambachloride, nuclear ocelot, Sean30303, sheepie, shin, stupiddrew9, The Texan, voltaicwaffles, WizardGrape, zenith
Piatt__IL, anthonys00, Apollobo, Armadillo, AyjAy011, Bradinator, Bvarium, Chicago Geographer, DasSchnootz, dfshapir, Ivan, jaydoo909, jogwi, mobambachloride, nuclear ocelot, Pendulous, Popeetoes, Radians, Sean30303, sheepie, shin, stathx, stupiddrew9, The Texan, voltaicwaffles, WizardGrape, zenith
Champaign__IL, anthonys00, Apollobo, Armadillo, AyjAy011, Bradinator, Bvarium, Cedar, Chicago Geographer, DasSchnootz, dfshapir, Flame, Ivan, jaydoo909, jogwi, kp, Littleduck, mobambachloride, Norton, nuclear ocelot, Pendulous, Popeetoes, Radians, Sean30303, sheepie, shin, stathx, Steve Lira, stupiddrew9, The Texan, Urbanindy, voltaicwaffles, WizardGrape, zenith
Douglas__IL, anthonys00, AyjAy011, Bvarium, Cedar, Chicago Geographer, DasSchnootz, dfshapir, Flame, jaydoo909, jogwi, kp, mobambachloride, nuclear ocelot, Pendulous, Sean30303, shin, Steve Lira, The Texan, voltaicwaffles, zenith
Coles__IL, anthonys00, AyjAy011, Bvarium, Cedar, Chicago Geographer, DasSchnootz, dfshapir, Flame, jaydoo909, kp, mobambachloride, nuclear ocelot, Pendulous, Sean30303, shin, Steve Lira, The Texan, voltaicwaffles, zenith
Shelby__IL, anthonys00, AyjAy011, Bvarium, Cedar, Chicago Geographer, DasSchnootz, dfshapir, Flame, jaydoo909, kp, nuclear ocelot, Pendulous, Sean30303, shin, stupiddrew9, The Texan, zenith
Marion__IL, anthonys00, AyjAy011, Cedar, Chicago Geographer, DasSchnootz, dfshapir, Flame, kp, nuclear ocelot, Pendulous, Sean30303, shin, stathx, Steve Lira, stupiddrew9, The Texan, Urbanindy, WizardGrape
Elkhart__IN, anthonys00, Apollobo, Arctic Tern, arija, Armadillo, AyjAy011, Banana Peel Seal, Bradinator, Bvarium, Chicago Geographer, DasSchnootz, dfshapir, EJ'sEmpire, Flame, ineedaface, Ivan, JayVerti, Kiribati, mobambachloride, OKobern, oracle-of-naivete, Paris_Labrador, Patxepi, Pendulous, sagittarius998, Sean30303, sheepie, shin, stathx, stephner, Steve Lira, TommyTheMet, train, Urbanindy, voltaicwaffles, zenith
LaGrange__IN, anthonys00, Apollobo, Arctic Tern, arija, Armadillo, AyjAy011, Bradinator, Bvarium, Cedar, Chicago Geographer, DasSchnootz, EJ'sEmpire, Flame, ineedaface, Ivan, JayVerti, Kiribati, mobambachloride, OKobern, oracle-of-naivete, Paris_Labrador, Patxepi, Pendulous, sagittarius998, Sean30303, sheepie, shin, stathx, stephner, Steve Lira, TommyTheMet, train, Urbanindy, voltaicwaffles
Steuben__IN, anthonys00, Apollobo, Arctic Tern, arija, Armadillo, AyjAy011, Bradinator, Bvarium, Cedar, Chicago Geographer, DasSchnootz, dfshapir, EJ'sEmpire, Flame, hateornges, ineedaface, Ivan, JayVerti, jogwi, Kiribati, mobambachloride, OKobern, oracle-of-naivete, Paris_Labrador, Patxepi, Pendulous, sagittarius998, Sean30303, sheepie, shin, stathx, stephner, Steve Lira, stupiddrew9, TommyTheMet, train, Urbanindy, user1115, voltaicwaffles
Jasper__IN, anthonys00, Armadillo, AyjAy011, Bvarium, Chicago Geographer, chirpn, corndog, DasSchnootz, dfshapir, Flame, hateornges, Ivan, JayVerti, jogwi, kp, mobambachloride, Norton, oracle-of-naivete, Pendulous, Sean30303, sheepie, shin, stephner, Steve Lira, stupiddrew9, train, Urbanindy, voltaicwaffles, zenith
Newton__IN, anthonys00, AyjAy011, Bvarium, Chicago Geographer, chirpn, corndog, DasSchnootz, dfshapir, Flame, hateornges, JayVerti, jogwi, kp, mobambachloride, oracle-of-naivete, Pendulous, Sean30303, sheepie, shin, stephner, Steve Lira, stupiddrew9, train, Urbanindy, voltaicwaffles, zenith
White__IN, anthonys00, Armadillo, AyjAy011, Bvarium, Chicago Geographer, chirpn, corndog, DasSchnootz, dfshapir, Flame, hateornges, Ivan, JayVerti, jogwi, kp, mobambachloride, Norton, oracle-of-naivete, Pendulous, Sean30303, sheepie, shin, stephner, Steve Lira, stupiddrew9, TommyTheMet, Urbanindy, voltaicwaffles, zenith
Tippecanoe__IN, anthonys00, Armadillo, AyjAy011, Bvarium, Chicago Geographer, chirpn, corndog, DasSchnootz, dfshapir, Flame, hateornges, Ivan, JayVerti, jogwi, kp, mobambachloride, muskox, Norton, oracle-of-naivete, Pendulous, Sean30303, sheepie, shin, stephner, Steve Lira, stupiddrew9, The Texan, TommyTheMet, Urbanindy, voltaicwaffles, zenith
Clinton__IN, anthonys00, Armadillo, AyjAy011, Bvarium, Chicago Geographer, corndog, DasSchnootz, dfshapir, Flame, hateornges, Ivan, JayVerti, jogwi, kp, mobambachloride, muskox, Norton, oracle-of-naivete, Pendulous, Sean30303, shin, stathx, stephner, Steve Lira, stupiddrew9, Urbanindy, voltaicwaffles, zenith
Boone__IN, anthonys00, Apollobo, Armadillo, AyjAy011, Bvarium, Chicago Geographer, chirpn, corndog, DasSchnootz, dfshapir, Flame, hateornges, Ivan, jogwi, kp, Littleduck, mobambachloride, muskox, Norton, oracle-of-naivete, Pendulous, Popeetoes, Radians, Sean30303, sheepie, shin, stathx, Steve Lira, stupiddrew9, The Texan, Urbanindy, voltaicwaffles, zenith
Johnson__IN, anthonys00, Armadillo, AyjAy011, Bvarium, Cedar, Chicago Geographer, DasSchnootz, dfshapir, fbmdf1821, fladnag, Flame, Ivan, Jet, jogwi, kp, Littleduck, mobambachloride, muskox, Norton, Paris_Labrador, Pendulous, Radians, Sean30303, shin, Steve Lira, stupiddrew9, Urbanindy, voltaicwaffles
Shelby__IN, anthonys00, Armadillo, AyjAy011, Bvarium, Cedar, Chicago Geographer, corndog, DasSchnootz, dfshapir, fbmdf1821, fladnag, Flame, jogwi, Littleduck, lostmyballs, Norton, Paris_Labrador, Pendulous, Popeetoes, Radians, Sean30303, shin, stephner, Steve Lira, stupiddrew9, Urbanindy, voltaicwaffles, zenith
Bartholomew__IN, anthonys00, Armadillo, AyjAy011, Bvarium, Cedar, Chicago Geographer, DasSchnootz, dfshapir, fbmdf1821, fladnag, Flame, Ivan, jogwi, kp, Littleduck, mobambachloride, muskox, Norton, Paris_Labrador, Pendulous, Popeetoes, Radians, Sean30303, shin, stupiddrew9, Urbanindy, voltaicwaffles, WizardGrape
Jackson__IN, anthonys00, Armadillo, AyjAy011, Bvarium, Cedar, Chicago Geographer, DasSchnootz, dfshapir, fbmdf1821, fladnag, Flame, Ivan, jogwi, kp, Littleduck, mobambachloride, muskox, Norton, Paris_Labrador, Pendulous, Popeetoes, Radians, Sean30303, shin, Steve Lira, stupiddrew9, Urbanindy, voltaicwaffles, WizardGrape
Scott__IN, anthonys00, Armadillo, AyjAy011, Bvarium, Cedar, Chicago Geographer, DasSchnootz, dfshapir, fbmdf1821, fladnag, Flame, Ivan, jogwi, kp, Littleduck, mobambachloride, muskox, Norton, Paris_Labrador, Pendulous, Popeetoes, Radians, Sean30303, shin, Steve Lira, stupiddrew9, Urbanindy, voltaicwaffles, WizardGrape, zenith
Clark__IN, anthonys00, Armadillo, AyjAy011, Bvarium, Cedar, Chicago Geographer, crownedkinggame, DasSchnootz, dfshapir, fbmdf1821, fladnag, Flame, Ivan, jogwi, kp, Littleduck, mobambachloride, muskox, Norton, OKobern, Paris_Labrador, Pendulous, phosphophyllite, Popeetoes, Radians, Sean30303, shin, stathx, Steve Lira, stupiddrew9, Tumnus, Urbanindy, voltaicwaffles, WizardGrape, zenith
Van_Buren__MI, anthonys00, Apollobo, AyjAy011, Bean, Bvarium, Cedar, Chicago Geographer, DasSchnootz, dfshapir, Flame, gurf, hateornges, Ivan, Jet, jogwi, Kai, lostmyballs, mobambachloride, Norton, OceanMan, Paris_Labrador, Pendulous, qazplm500, Sean30303, sheepie, shin, stathx, Steve Lira, The Texan, train, Urbanindy, zenith
Kalamazoo__MI, anthonys00, AyjAy011, Bean, Cedar, Chicago Geographer, DasSchnootz, dfshapir, Flame, gurf, hateornges, Ivan, Kai, mobambachloride, OceanMan, Paris_Labrador, Pendulous, Sean30303, sheepie, shin, stathx, Steve Lira, The Texan, Urbanindy, user1115, zenith
Calhoun__MI, anthonys00, AyjAy011, Cedar, Chicago Geographer, DasSchnootz, dfshapir, Flame, hateornges, Ivan, jogwi, Kai, mobambachloride, OceanMan, Paris_Labrador, Pendulous, Sean30303, shin, stathx, Steve Lira, stupiddrew9, The Texan, Urbanindy, user1115, zenith
Eaton__MI, anthonys00, Armadillo, AyjAy011, Bean, Cedar, Chicago Geographer, DasSchnootz, ineedaface, jogwi, Kai, mobambachloride, OceanMan, Paris_Labrador, Pendulous, shin, stathx, Steve Lira, stupiddrew9, Urbanindy, voltaicwaffles, zenith
St__Clair__MI, anthonys00, AyjAy011, Cedar, Chicago Geographer, DasSchnootz, Kai, Pendulous, shin, stathx, Urbanindy, voltaicwaffles
Lapeer__MI, anthonys00, AyjAy011, Cedar, Chicago Geographer, DasSchnootz, Kai, Pendulous, shin, stathx, Urbanindy, voltaicwaffles
Genesee__MI, anthonys00, AyjAy011, Cedar, Chicago Geographer, DasSchnootz, flaber, hateornges, jogwi, Kai, kp, mobambachloride, OceanMan, OKobern, Patxepi, Pendulous, sagittarius998, shin, stathx, stupiddrew9, The Texan, Urbanindy, voltaicwaffles, zenith
Shiawassee__MI, anthonys00, AyjAy011, Cedar, Chicago Geographer, DasSchnootz, Kai, OceanMan, Pendulous, shin, stathx, stupiddrew9, Urbanindy, voltaicwaffles, zenith
Clinton__MI, anthonys00, Armadillo, AyjAy011, Bean, Cedar, Chicago Geographer, DasSchnootz, flaber, hateornges, ineedaface, jogwi, Kai, mobambachloride, OceanMan, Paris_Labrador, Pendulous, shin, stathx, stupiddrew9, Urbanindy, voltaicwaffles, zenith
Wayne__MI, anthonys00, Arctic Tern, Cascadia, Cedar, chirpn, DasSchnootz, dfshapir, flaber, Flame, hateornges, Ivan, jaydoo909, Kiribati, MKA, mobambachloride, Norton, OKobern, oracle-of-naivete, Paris_Labrador, Radians, sagittarius998, Sean30303, sheepie, shin, stathx, stephner, Steve Lira, stupiddrew9, The Texan, TheScooterBuskie, TommyTheMet, UCLA_Jesus, Urbanindy, VS4GdqaYdYYrmBIMj1ab, zenith
Williams__OH, anthonys00, Apollobo, Arctic Tern, arija, Armadillo, AyjAy011, Banana Peel Seal, Bradinator, Bvarium, Cedar, Chicago Geographer, DasSchnootz, dfshapir, EJ'sEmpire, Flame, ineedaface, Ivan, JayVerti, Kiribati, mobambachloride, OKobern, oracle-of-naivete, Paris_Labrador, Patxepi, Pendulous, sagittarius998, Sean30303, sheepie, shin, stathx, stephner, Steve Lira, train, voltaicwaffles
Fulton__OH, anthonys00, Apollobo, Arctic Tern, arija, Armadillo, AyjAy011, Banana Peel Seal, Bradinator, Bvarium, Cedar, Chicago Geographer, DasSchnootz, dfshapir, EJ'sEmpire, Flame, ineedaface, Ivan, JayVerti, Kiribati, mobambachloride, OKobern, oracle-of-naivete, Paris_Labrador, Patxepi, Pendulous, phosphophyllite, sagittarius998, Sean30303, sheepie, shin, stathx, stephner, Steve Lira, train, voltaicwaffles, zenith
Lucas__OH, anthonys00, Apollobo, Arctic Tern, arija, Armadillo, AyjAy011, Banana Peel Seal, Bradinator, Bvarium, Cedar, Chicago Geographer, DasSchnootz, dfshapir, EJ'sEmpire, Flame, hateornges, ineedaface, Ivan, jaydoo909, JayVerti, Jet, jogwi, Kiribati, kp, mobambachloride, Norton, OKobern, oracle-of-naivete, Paris_Labrador, Patxepi, Pendulous, phosphophyllite, Popeetoes, Radians, sagittarius998, Sean30303, sheepie, shin, stathx, stephner, Steve Lira, stupiddrew9, train, Urbanindy, user1115, voltaicwaffles, VS4GdqaYdYYrmBIMj1ab, zenith
Wood__OH, anthonys00, Apollobo, Arctic Tern, arija, Armadillo, AyjAy011, Banana Peel Seal, Bradinator, Bvarium, Cedar, Chicago Geographer, DasSchnootz, dfshapir, EJ'sEmpire, Flame, hateornges, ineedaface, Ivan, jaydoo909, JayVerti, Jet, jogwi, Kiribati, kp, mobambachloride, Norton, OKobern, oracle-of-naivete, Patxepi, Pendulous, phosphophyllite, Popeetoes, Radians, sagittarius998, Sean30303, sheepie, shin, stathx, stephner, stupiddrew9, TommyTheMet, train, Urbanindy, user1115, voltaicwaffles, zenith
Ottawa__OH, anthonys00, Apollobo, Arctic Tern, arija, Armadillo, AyjAy011, Banana Peel Seal, Bradinator, Bvarium, Cedar, Chicago Geographer, DasSchnootz, dfshapir, Flame, hateornges, ineedaface, Ivan, JayVerti, Jet, Kiribati, mobambachloride, Norton, OKobern, oracle-of-naivete, Paris_Labrador, Patxepi, Pendulous, phosphophyllite, Popeetoes, Radians, sagittarius998, Sean30303, sheepie, stathx, stephner, Steve Lira, stupiddrew9, train, Urbanindy, voltaicwaffles, VS4GdqaYdYYrmBIMj1ab, zenith
Sandusky__OH, anthonys00, Apollobo, Arctic Tern, arija, Armadillo, AyjAy011, Bradinator, Bvarium, Cedar, Chicago Geographer, DasSchnootz, dfshapir, Flame, hateornges, ineedaface, Ivan, JayVerti, Jet, Kiribati, mobambachloride, Norton, OKobern, oracle-of-naivete, Paris_Labrador, Patxepi, Pendulous, phosphophyllite, Popeetoes, Radians, sagittarius998, Sean30303, sheepie, stathx, stephner, Steve Lira, stupiddrew9, TommyTheMet, train, Urbanindy, voltaicwaffles, VS4GdqaYdYYrmBIMj1ab, zenith
Erie__OH, anthonys00, Apollobo, Arctic Tern, arija, Armadillo, AyjAy011, Banana Peel Seal, Bradinator, Bvarium, Cedar, Chicago Geographer, DasSchnootz, dfshapir, flaber, fladnag, Flame, hateornges, ineedaface, Ivan, JayVerti, Jet, Kiribati, mobambachloride, Norton, OKobern, oracle-of-naivete, Paris_Labrador, Patxepi, Pendulous, phosphophyllite, Popeetoes, Radians, sagittarius998, Sean30303, sheepie, stathx, stephner, Steve Lira, stupiddrew9, TommyTheMet, train, Urbanindy, voltaicwaffles, VS4GdqaYdYYrmBIMj1ab, zenith
Lorain__OH, anthonys00, Apollobo, Arctic Tern, arija, Armadillo, AyjAy011, Banana Peel Seal, Bradinator, Bvarium, Cedar, Chicago Geographer, DasSchnootz, dfshapir, flaber, fladnag, Flame, hateornges, ineedaface, Ivan, JayVerti, Jet, Kiribati, mobambachloride, Norton, OKobern, oracle-of-naivete, Paris_Labrador, Patxepi, Pendulous, phosphophyllite, Popeetoes, Radians, sagittarius998, Sean30303, sheepie, stathx, stephner, Steve Lira, TommyTheMet, train, Urbanindy, voltaicwaffles, VS4GdqaYdYYrmBIMj1ab, zenith
Cuyahoga__OH, anthonys00, Apollobo, Arctic Tern, arija, Armadillo, AyjAy011, Banana Peel Seal, Bradinator, Bvarium, Cedar, Chicago Geographer, DasSchnootz, dfshapir, EnzoDragon1, flaber, fladnag, Flame, GeoGamr🇺🇦, hateornges, ineedaface, Ivan, JayVerti, Jet, Kai, Kiribati, mobambachloride, muskox, Norton, OceanMan, OKobern, oracle-of-naivete, Paris_Labrador, Patxepi, Pendulous, phosphophyllite, Popeetoes, Radians, sagittarius998, Sean30303, sheepie, stathx, stephner, Steve Lira, TommyTheMet, train, UCLA_Jesus, Urbanindy, voltaicwaffles, VS4GdqaYdYYrmBIMj1ab, zenith
Lake__OH, anthonys00, Apollobo, arija, Armadillo, AyjAy011, Banana Peel Seal, Chicago Geographer, DasSchnootz, dfshapir, EnzoDragon1, GeoGamr🇺🇦, hateornges, ineedaface, Ivan, Kai, OceanMan, phosphophyllite, Popeetoes, sagittarius998, Sean30303, stathx, Steve Lira, TommyTheMet, train, UCLA_Jesus, Urbanindy, voltaicwaffles, VS4GdqaYdYYrmBIMj1ab, zenith
Ashtabula__OH, anthonys00, Apollobo, arija, Armadillo, AyjAy011, Banana Peel Seal, Chicago Geographer, DasSchnootz, dfshapir, EnzoDragon1, GeoGamr🇺🇦, hateornges, ineedaface, Ivan, Kai, OceanMan, phosphophyllite, Popeetoes, sagittarius998, Sean30303, stathx, Steve Lira, TommyTheMet, train, UCLA_Jesus, Urbanindy, voltaicwaffles, VS4GdqaYdYYrmBIMj1ab, zenith
Portage__OH, anthonys00, Arctic Tern, Armadillo, AyjAy011, Bradinator, Bvarium, Cedar, Chicago Geographer, DasSchnootz, dfshapir, flaber, Flame, hateornges, ineedaface, Ivan, JayVerti, Kiribati, mobambachloride, OKobern, oracle-of-naivete, Paris_Labrador, Patxepi, Pendulous, phosphophyllite, Popeetoes, Radians, sagittarius998, Sean30303, sheepie, stathx, stephner, Steve Lira, Tumnus, Urbanindy, user1115, voltaicwaffles, zenith
Summit__OH, anthonys00, Arctic Tern, Armadillo, AyjAy011, Bradinator, Bvarium, Cedar, Chicago Geographer, DasSchnootz, dfshapir, EnzoDragon1, flaber, fladnag, Flame, hateornges, ineedaface, Ivan, JayVerti, Jet, Kai, Kiribati, mobambachloride, OceanMan, OKobern, oracle-of-naivete, Paris_Labrador, Patxepi, Pendulous, phosphophyllite, Popeetoes, Radians, sagittarius998, Sean30303, sheepie, stathx, stephner, Steve Lira, TommyTheMet, Tumnus, UCLA_Jesus, Urbanindy, user1115, voltaicwaffles, zenith
Trumbull__OH, anthonys00, Arctic Tern, AyjAy011, Bradinator, Cedar, Chicago Geographer, DasSchnootz, dfshapir, flaber, Flame, hateornges, ineedaface, Ivan, JayVerti, Jo™, Kiribati, mobambachloride, OKobern, oracle-of-naivete, Paris_Labrador, Patxepi, Pendulous, phosphophyllite, Radians, sagittarius998, Sean30303, sheepie, stathx, stephner, Steve Lira, Tumnus, Urbanindy, user1115, zenith
Mahoning__OH, anthonys00, Arctic Tern, Armadillo, AyjAy011, Bradinator, Bvarium, Cedar, Chicago Geographer, DasSchnootz, dfshapir, flaber, Flame, hateornges, ineedaface, Ivan, JayVerti, Jo™, Kiribati, mobambachloride, OKobern, oracle-of-naivete, Paris_Labrador, Patxepi, Pendulous, phosphophyllite, Popeetoes, Radians, sagittarius998, Sean30303, sheepie, stathx, stephner, Steve Lira, Urbanindy, voltaicwaffles, zenith
Hamilton__OH, anthonys00, Armadillo, AyjAy011, Chicago Geographer, chirpn, corndog, DasSchnootz, De Martian, dfshapir, Diamond Armor Steve, EnzoDragon1, fbmdf1821, hateornges, Ivan, jaydoo909, Jet, jogwi, kp, Littleduck, lostmyballs, mobambachloride, Norton, OKobern, oracle-of-naivete, Paris_Labrador, phosphophyllite, Popeetoes, Radians, sheepie, shin, stathx, Steve Lira, stupiddrew9, Urbanindy, voltaicwaffles, zenith
Pickaway__OH, anthonys00, dfshapir, EnzoDragon1, fbmdf1821, fladnag, hateornges, jogwi, kp, mobambachloride, OKobern, oracle-of-naivete, Paris_Labrador, phosphophyllite, Popeetoes, Radians, stathx, stupiddrew9, Urbanindy, voltaicwaffles, zenith
Fayette__OH, anthonys00, Arctic Tern, Armadillo, Bvarium, corndog, DasSchnootz, dfshapir, EnzoDragon1, fbmdf1821, hateornges, jogwi, kp, mobambachloride, OKobern, oracle-of-naivete, Pendulous, phosphophyllite, Popeetoes, Radians, Sean30303, stathx, Steve Lira, voltaicwaffles, zenith
Clinton__OH, anthonys00, Chicago Geographer, DasSchnootz, dfshapir, EnzoDragon1, fbmdf1821, hateornges, jogwi, kp, mobambachloride, OKobern, oracle-of-naivete, phosphophyllite, Popeetoes, Radians, stathx, zenith
Warren__OH, anthonys00, Armadillo, DasSchnootz, De Martian, dfshapir, EnzoDragon1, fbmdf1821, hateornges, Ivan, jaydoo909, Jet, jogwi, kp, mobambachloride, Norton, OKobern, oracle-of-naivete, Paris_Labrador, phosphophyllite, Popeetoes, Radians, sheepie, stathx, Steve Lira, stupiddrew9, Urbanindy, voltaicwaffles, zenith
Greene__OH, anthonys00, Arctic Tern, Armadillo, AyjAy011, Bvarium, Chicago Geographer, corndog, De Martian, dfshapir, EnzoDragon1, fbmdf1821, Flame, hateornges, Ivan, Jet, jogwi, kp, mobambachloride, Norton, OKobern, oracle-of-naivete, Pendulous, phosphophyllite, Popeetoes, Radians, Sean30303, sheepie, stathx, Steve Lira, Urbanindy, voltaicwaffles, zenith
Kenton__KY, anthonys00, Armadillo, Chicago Geographer, chirpn, corndog, DasSchnootz, dfshapir, Diamond Armor Steve, EnzoDragon1, fbmdf1821, hateornges, jaydoo909, Jet, jogwi, kp, Littleduck, lostmyballs, mobambachloride, Norton, OKobern, oracle-of-naivete, Paris_Labrador, Popeetoes, Radians, sheepie, shin, stathx, Steve Lira, stupiddrew9, Urbanindy, voltaicwaffles, zenith
Erie__PA, anthonys00, Apollobo, Arctic Tern, arija, Armadillo, AyjAy011, Banana Peel Seal, Chicago Geographer, DasSchnootz, dfshapir, EnzoDragon1, GeoGamr🇺🇦, hateornges, ineedaface, Ivan, JayVerti, jogwi, Kai, mobambachloride, Norton, nuclear ocelot, OceanMan, Patxepi, phosphophyllite, Popeetoes, sagittarius998, Sean30303, sheepie, stathx, Steve Lira, TommyTheMet, train, UCLA_Jesus, Urbanindy, voltaicwaffles, VS4GdqaYdYYrmBIMj1ab, zenith
Mercer__PA, anthonys00, Arctic Tern, AyjAy011, dfshapir, hateornges, ineedaface, JayVerti, jogwi, Jo™, Kiribati, mobambachloride, Norton, nuclear ocelot, OKobern, oracle-of-naivete, Patxepi, phosphophyllite, Radians, sagittarius998, sheepie, stathx, stephner, Steve Lira, Tumnus, user1115, voltaicwaffles, VS4GdqaYdYYrmBIMj1ab
Venango__PA, anthonys00, Arctic Tern, AyjAy011, dfshapir, hateornges, ineedaface, JayVerti, Kiribati, mobambachloride, nuclear ocelot, phosphophyllite, sagittarius998, sheepie, stathx, stephner, Steve Lira, Tumnus
Clarion__PA, anthonys00, Arctic Tern, AyjAy011, dfshapir, hateornges, ineedaface, JayVerti, Kiribati, mobambachloride, nuclear ocelot, phosphophyllite, sagittarius998, sheepie, stathx, stephner, Steve Lira, Tumnus
Jefferson__PA, anthonys00, Arctic Tern, AyjAy011, Bvarium, dfshapir, hateornges, ineedaface, JayVerti, Kiribati, mobambachloride, nuclear ocelot, phosphophyllite, sagittarius998, sheepie, stathx, stephner, Steve Lira, Tumnus
Butler__PA, anthonys00, Arctic Tern, AyjAy011, Bradinator, Bvarium, dfshapir, flaber, Flame, hateornges, ineedaface, Ivan, JayVerti, jogwi, Jo™, mobambachloride, Norton, nuclear ocelot, OKobern, Paris_Labrador, Patxepi, Pendulous, phosphophyllite, Popeetoes, Radians, sagittarius998, Sean30303, sheepie, stathx, Tumnus, Urbanindy, voltaicwaffles, VS4GdqaYdYYrmBIMj1ab, zenith
Clearfield__PA, anthonys00, Arctic Tern, AyjAy011, Bvarium, dfshapir, hateornges, ineedaface, JayVerti, Kiribati, nuclear ocelot, oracle-of-naivete, Patxepi, phosphophyllite, sagittarius998, stephner, Steve Lira, Tumnus
Clinton__PA, anthonys00, Arctic Tern, AyjAy011, dfshapir, EnzoDragon1, hateornges, ineedaface, JayVerti, Kiribati, mobambachloride, nuclear ocelot, oracle-of-naivete, phosphophyllite, Popeetoes, Radians, sagittarius998, shin, stephner, Steve Lira, TommyTheMet, Tumnus
Union__PA, anthonys00, Arctic Tern, AyjAy011, Bvarium, dfshapir, EnzoDragon1, flaber, hateornges, ineedaface, JayVerti, Jo™, Kiribati, mobambachloride, nuclear ocelot, oracle-of-naivete, phosphophyllite, Popeetoes, Radians, sagittarius998, shin, stephner, Steve Lira, TommyTheMet, Tumnus, zenith
Northumberland__PA, anthonys00, Arctic Tern, AyjAy011, Bvarium, dfshapir, EnzoDragon1, flaber, hateornges, ineedaface, JayVerti, Jo™, Kiribati, mobambachloride, muskox, nuclear ocelot, oracle-of-naivete, Patxepi, phosphophyllite, Popeetoes, puppah, Radians, sagittarius998, shin, stephner, Steve Lira, TommyTheMet, Tumnus, zenith
Montour__PA, anthonys00, Arctic Tern, AyjAy011, dfshapir, EnzoDragon1, hateornges, ineedaface, JayVerti, Jo™, Kiribati, mobambachloride, nuclear ocelot, oracle-of-naivete, phosphophyllite, Popeetoes, Radians, sagittarius998, shin, stephner, Steve Lira, TommyTheMet, Tumnus, zenith
Columbia__PA, anthonys00, Arctic Tern, AyjAy011, dfshapir, EnzoDragon1, hateornges, ineedaface, JayVerti, Jo™, Kiribati, mobambachloride, muskox, nuclear ocelot, oracle-of-naivete, Patxepi, phosphophyllite, Popeetoes, Radians, sagittarius998, shin, stephner, Steve Lira, TommyTheMet, Tumnus, zenith
Luzerne__PA, anthonys00, Arctic Tern, AyjAy011, Chicago Geographer, chirpn, dfshapir, EnzoDragon1, hateornges, ineedaface, JayVerti, Jo™, Kiribati, Knight, mobambachloride, muskox, nuclear ocelot, oracle-of-naivete, Patxepi, phosphophyllite, Popeetoes, Radians, sagittarius998, shin, stephner, Steve Lira, stupiddrew9, TheScooterBuskie, TommyTheMet, Tumnus, voltaicwaffles, VS4GdqaYdYYrmBIMj1ab, wyatt, zenith
Carbon__PA, anthonys00, Arctic Tern, AyjAy011, dfshapir, EnzoDragon1, hateornges, ineedaface, JayVerti, Jo™, Kiribati, mobambachloride, nuclear ocelot, Patxepi, phosphophyllite, Radians, sagittarius998, shin, stephner, Steve Lira, TheScooterBuskie, TommyTheMet, VS4GdqaYdYYrmBIMj1ab
Monroe__PA, anthonys00, Arctic Tern, AyjAy011, Chicago Geographer, De Martian, dfshapir, EnzoDragon1, hateornges, ineedaface, JayVerti, Kiribati, mobambachloride, Norton, nuclear ocelot, oracle-of-naivete, Patxepi, phosphophyllite, Radians, sagittarius998, shin, stephner, Steve Lira, TheScooterBuskie, TommyTheMet, wyatt
Lackawanna__PA, anthonys00, Arctic Tern, AyjAy011, bam, Chicago Geographer, chirpn, dfshapir, EnzoDragon1, ineedaface, JayVerti, Jo™, Knight, muskox, Norton, nuclear ocelot, oracle-of-naivete, Patxepi, phosphophyllite, Popeetoes, sagittarius998, sheepie, shin, stathx, stephner, stupiddrew9, TheScooterBuskie, TommyTheMet, Tumnus, voltaicwaffles, VS4GdqaYdYYrmBIMj1ab, zenith
Wayne__PA, anthonys00, AyjAy011, bam, Chicago Geographer, chirpn, dfshapir, EnzoDragon1, ineedaface, JayVerti, Knight, nuclear ocelot, oracle-of-naivete, Patxepi, phosphophyllite, sagittarius998, sheepie, shin, stathx, stephner, stupiddrew9, TommyTheMet, Tumnus, zenith
Pike__PA, anthonys00, AyjAy011, bam, Chicago Geographer, chirpn, De Martian, dfshapir, EnzoDragon1, ineedaface, JayVerti, Knight, nuclear ocelot, oracle-of-naivete, Patxepi, phosphophyllite, sagittarius998, sheepie, shin, stathx, stephner, stupiddrew9, TheScooterBuskie, Tumnus, wyatt, zenith
Lawrence__PA, anthonys00, Arctic Tern, Armadillo, AyjAy011, Bradinator, Bvarium, Cedar, Chicago Geographer, DasSchnootz, dfshapir, flaber, Flame, hateornges, ineedaface, Ivan, JayVerti, Jo™, mobambachloride, Norton, nuclear ocelot, OKobern, Paris_Labrador, Patxepi, Pendulous, phosphophyllite, Popeetoes, Radians, sagittarius998, Sean30303, sheepie, stathx, Steve Lira, Urbanindy, voltaicwaffles, VS4GdqaYdYYrmBIMj1ab, zenith
Westmoreland__PA, anthonys00, Arctic Tern, Armadillo, AyjAy011, Bradinator, Bvarium, Cedar, Chicago Geographer, DasSchnootz, dfshapir, EnzoDragon1, flaber, Flame, hateornges, ineedaface, Ivan, JayVerti, jogwi, Jo™, kp, mobambachloride, Norton, nuclear ocelot, oracle-of-naivete, Paris_Labrador, Patxepi, Pendulous, phosphophyllite, Radians, sagittarius998, Sean30303, sheepie, stathx, stephner, Steve Lira, Tumnus, Urbanindy, voltaicwaffles, VS4GdqaYdYYrmBIMj1ab, zenith
Somerset__PA, anthonys00, Arctic Tern, Armadillo, AyjAy011, Bradinator, Bvarium, Cedar, Chicago Geographer, DasSchnootz, dfshapir, flaber, Flame, hateornges, ineedaface, Ivan, JayVerti, Jo™, kp, mobambachloride, Norton, nuclear ocelot, oracle-of-naivete, Paris_Labrador, Patxepi, Pendulous, phosphophyllite, Radians, sagittarius998, Sean30303, sheepie, shin, stephner, Steve Lira, Urbanindy, voltaicwaffles, VS4GdqaYdYYrmBIMj1ab, zenith
Bedford__PA, anthonys00, Arctic Tern, Armadillo, AyjAy011, Bradinator, Bvarium, Cedar, Chicago Geographer, DasSchnootz, dfshapir, flaber, Flame, hateornges, ineedaface, Ivan, JayVerti, Jo™, kp, mobambachloride, Norton, nuclear ocelot, oracle-of-naivete, Paris_Labrador, Patxepi, Pendulous, phosphophyllite, Radians, sagittarius998, Sean30303, sheepie, shin, stephner, Steve Lira, Urbanindy, voltaicwaffles, VS4GdqaYdYYrmBIMj1ab, zenith
Fulton__PA, anthonys00, Arctic Tern, Armadillo, AyjAy011, Bradinator, Bvarium, Cedar, Chicago Geographer, DasSchnootz, dfshapir, flaber, Flame, hateornges, ineedaface, Ivan, JayVerti, Jo™, mobambachloride, Norton, nuclear ocelot, oracle-of-naivete, Paris_Labrador, Patxepi, Pendulous, phosphophyllite, Radians, sagittarius998, Sean30303, sheepie, shin, stephner, Steve Lira, Urbanindy, voltaicwaffles, VS4GdqaYdYYrmBIMj1ab, zenith
Huntingdon__PA, anthonys00, Arctic Tern, AyjAy011, Bradinator, Chicago Geographer, dfshapir, Flame, hateornges, ineedaface, Jo™, mobambachloride, Norton, nuclear ocelot, oracle-of-naivete, Pendulous, phosphophyllite, Radians, sagittarius998, Sean30303, shin, zenith
Franklin__PA, anthonys00, Arctic Tern, AyjAy011, Bradinator, Bvarium, Chicago Geographer, crownedkinggame, dfshapir, EnzoDragon1, flaber, fladnag, Flame, hateornges, ineedaface, JayVerti, Jo™, Knight, kp, mobambachloride, Norton, nuclear ocelot, oracle-of-naivete, Paris_Labrador, Patxepi, Pendulous, phosphophyllite, Radians, Radu, sagittarius998, Sean30303, shin, stephner, Steve Lira, stupiddrew9, The Texan, TheScooterBuskie, TommyTheMet, Tumnus, Urbanindy, user1115, VS4GdqaYdYYrmBIMj1ab, zenith
Cumberland__PA, anthonys00, Arctic Tern, AyjAy011, Bradinator, Bubba, Bvarium, Chicago Geographer, chirpn, crownedkinggame, dfshapir, EnzoDragon1, flaber, fladnag, Flame, hateornges, ineedaface, JayVerti, Jo™, Knight, kp, mobambachloride, muskox, Norton, nuclear ocelot, oracle-of-naivete, Patxepi, Pendulous, phosphophyllite, Radians, Radu, sagittarius998, Sean30303, shin, stephner, stupiddrew9, TheScooterBuskie, TommyTheMet, Tumnus, user1115, voltaicwaffles, VS4GdqaYdYYrmBIMj1ab, zenith
Lebanon__PA, anthonys00, Arctic Tern, AyjAy011, Bradinator, Bubba, Chicago Geographer, chirpn, crownedkinggame, dfshapir, EnzoDragon1, fladnag, Flame, hateornges, ineedaface, JayVerti, Jo™, Knight, kp, mobambachloride, muskox, Norton, nuclear ocelot, oracle-of-naivete, Patxepi, Pendulous, phosphophyllite, Radians, Radu, sagittarius998, Sean30303, shin, stephner, stupiddrew9, TheScooterBuskie, TommyTheMet, Tumnus, voltaicwaffles, VS4GdqaYdYYrmBIMj1ab, zenith
Berks__PA, anthonys00, Arctic Tern, AyjAy011, Bradinator, Bubba, Chicago Geographer, chirpn, crownedkinggame, dfshapir, EnzoDragon1, fladnag, Flame, hateornges, ineedaface, JayVerti, kp, mobambachloride, muskox, Norton, nuclear ocelot, oracle-of-naivete, Patxepi, Pendulous, phosphophyllite, Popeetoes, Radians, Radu, sagittarius998, Sean30303, shin, stephner, stupiddrew9, TheScooterBuskie, TommyTheMet, Tumnus, zenith
Lehigh__PA, anthonys00, Arctic Tern, AyjAy011, crownedkinggame, De Martian, dfshapir, EnzoDragon1, Flame, hateornges, ineedaface, JayVerti, Jo™, kp, MKA, mobambachloride, nuclear ocelot, oracle-of-naivete, Patxepi, phosphophyllite, Popeetoes, Radians, Radu, sagittarius998, Sean30303, shin, stephner, Steve Lira, stupiddrew9, TheScooterBuskie, TommyTheMet, Tumnus, VS4GdqaYdYYrmBIMj1ab, zenith
Northampton__PA, anthonys00, Arctic Tern, AyjAy011, crownedkinggame, De Martian, dfshapir, EnzoDragon1, Flame, hateornges, ineedaface, JayVerti, Jo™, kp, MKA, mobambachloride, Norton, nuclear ocelot, oracle-of-naivete, Patxepi, phosphophyllite, Popeetoes, Radians, Radu, sagittarius998, Sean30303, shin, stephner, Steve Lira, stupiddrew9, TheScooterBuskie, TommyTheMet, Tumnus, wyatt, zenith
Kent__DE, anthonys00, Arctic Tern, AyjAy011, Bubba, Bvarium, Cascadia, chirpn, dfshapir, EnzoDragon1, flaber, ineedaface, JayVerti, Jo™, lostmyballs, muskox, nuclear ocelot, oracle-of-naivete, Patxepi, phosphophyllite, Radians, sagittarius998, sheepie, shin, stathx, stephner, TheScooterBuskie, TommyTheMet, train, Tumnus, zenith
Sussex__DE, anthonys00, Arctic Tern, AyjAy011, Bubba, Bvarium, Cascadia, chirpn, dfshapir, EnzoDragon1, flaber, Geo, ineedaface, JayVerti, Jo™, muskox, nuclear ocelot, oracle-of-naivete, Patxepi, phosphophyllite, Radians, sagittarius998, sheepie, shin, stathx, stephner, TheScooterBuskie, TommyTheMet, train, Tumnus, zenith
Salem__NJ, anthonys00, Arctic Tern, Armadillo, AyjAy011, Bubba, Bvarium, Cascadia, chupoxag, crownedkinggame, DasSchnootz, De Martian, dfshapir, Diamond Armor Steve, Dragonfire, EnzoDragon1, flaber, fladnag, ineedaface, JayVerti, mobambachloride, nuclear ocelot, oracle-of-naivete, Patxepi, phosphophyllite, Popeetoes, Radians, Radu, sagittarius998, sheepie, shin, stathx, stephner, stupiddrew9, TheScooterBuskie, TommyTheMet, train, Tumnus, voltaicwaffles, wyatt, zenith
Burlington__NJ, anthonys00, Arctic Tern, Armadillo, AyjAy011, Bubba, Cascadia, Chicago Geographer, chirpn, chupoxag, crownedkinggame, DasSchnootz, De Martian, dfshapir, Diamond Armor Steve, Dragonfire, EnzoDragon1, flaber, fladnag, ineedaface, JayVerti, Knight, lostmyballs, mobambachloride, nuclear ocelot, oracle-of-naivete, Patxepi, phosphophyllite, Piglee, Popeetoes, Radians, Radu, sagittarius998, shin, stephner, stupiddrew9, TheScooterBuskie, TommyTheMet, train, Tumnus, Urbanindy, voltaicwaffles, wyatt, zenith
Atlantic__NJ, anthonys00, Bubba, chirpn, dfshapir, JayVerti, mobambachloride, Norton, nuclear ocelot, oracle-of-naivete, phosphophyllite, Popeetoes, Radu, sagittarius998, shin, stephner, TheScooterBuskie, TommyTheMet, train
Cape_May__NJ, anthonys00, dfshapir, flaber, JayVerti, mobambachloride, nuclear ocelot, phosphophyllite, Popeetoes, sagittarius998, shin, stephner, TheScooterBuskie, TommyTheMet, train
Ocean__NJ, anthonys00, Arctic Tern, Bubba, dfshapir, JayVerti, mobambachloride, nuclear ocelot, oracle-of-naivete, Patxepi, phosphophyllite, sagittarius998, shin, Steve Lira, TheScooterBuskie, TommyTheMet, train
Monmouth__NJ, anthonys00, Arctic Tern, AyjAy011, Bubba, dfshapir, JayVerti, mobambachloride, nuclear ocelot, oracle-of-naivete, Patxepi, phosphophyllite, sagittarius998, shin, Steve Lira, TheScooterBuskie, TommyTheMet, train
Richmond__NY, anthonys00, Arctic Tern, arija, AyjAy011, Chicago Geographer, dfshapir, Flame, JayVerti, lostmyballs, mobambachloride, nuclear ocelot, Patxepi, phosphophyllite, Piglee, Popeetoes, Radians, Radu, sagittarius998, sheepie, shin, stathx, stephner, stupiddrew9, TheScooterBuskie, TommyTheMet, Tumnus, Urbanindy, wyatt
Somerset__NJ, anthonys00, Arctic Tern, AyjAy011, crownedkinggame, dfshapir, EnzoDragon1, Flame, hateornges, ineedaface, JayVerti, kp, MKA, mobambachloride, Norton, nuclear ocelot, OceanMan, oracle-of-naivete, Patxepi, phosphophyllite, Popeetoes, Radians, Radu, sagittarius998, Sean30303, shin, stathx, stephner, Steve Lira, stupiddrew9, TheScooterBuskie, TommyTheMet, Tumnus, zenith
Hunterdon__NJ, anthonys00, Arctic Tern, AyjAy011, crownedkinggame, dfshapir, EnzoDragon1, Flame, hateornges, JayVerti, kp, MKA, mobambachloride, Norton, nuclear ocelot, OceanMan, oracle-of-naivete, Patxepi, phosphophyllite, Popeetoes, Radians, Radu, sagittarius998, Sean30303, shin, stathx, stephner, Steve Lira, stupiddrew9, TheScooterBuskie, TommyTheMet, Tumnus, zenith
Warren__NJ, anthonys00, Arctic Tern, AyjAy011, Chicago Geographer, crownedkinggame, dfshapir, EnzoDragon1, Flame, hateornges, ineedaface, JayVerti, Jo™, Kiribati, kp, MKA, mobambachloride, Norton, nuclear ocelot, oracle-of-naivete, Patxepi, phosphophyllite, Popeetoes, Radians, Radu, sagittarius998, Sean30303, shin, stephner, Steve Lira, stupiddrew9, TheScooterBuskie, TommyTheMet, Tumnus, wyatt, zenith
Morris__NJ, anthonys00, Arctic Tern, AyjAy011, dfshapir, EnzoDragon1, hateornges, ineedaface, JayVerti, Kiribati, kp, mobambachloride, nuclear ocelot, OceanMan, oracle-of-naivete, Patxepi, phosphophyllite, Popeetoes, Radians, Radu, sagittarius998, Sean30303, sheepie, shin, stathx, stephner, Steve Lira, TheScooterBuskie, TommyTheMet, Tumnus, wyatt, zenith
Sussex__NJ, anthonys00, Arctic Tern, AyjAy011, bam, Chicago Geographer, De Martian, dfshapir, EnzoDragon1, ineedaface, JayVerti, Knight, mobambachloride, nuclear ocelot, Patxepi, phosphophyllite, Radians, sagittarius998, sheepie, shin, stathx, stephner, TheScooterBuskie, TommyTheMet, Tumnus, wyatt, zenith
Passaic__NJ, anthonys00, Arctic Tern, AyjAy011, Banana Peel Seal, chirpn, dfshapir, EnzoDragon1, flaber, hateornges, ineedaface, JayVerti, kp, mobambachloride, nuclear ocelot, OceanMan, oracle-of-naivete, Patxepi, phosphophyllite, Popeetoes, Radians, Radu, sagittarius998, Sean30303, sheepie, shin, stathx, stephner, TheScooterBuskie, TommyTheMet, train, Tumnus, wyatt
Bergen__NJ, anthonys00, Arctic Tern, arija, AyjAy011, bam, Banana Peel Seal, Bubba, chirpn, crownedkinggame, De Martian, dfshapir, Dragonfire, EnzoDragon1, flaber, hateornges, ineedaface, JayVerti, jogwi, Knight, kp, mobambachloride, nuclear ocelot, OceanMan, oracle-of-naivete, Patxepi, phosphophyllite, Piglee, Popeetoes, Radians, Radu, sagittarius998, Sean30303, sheepie, shin, stathx, stephner, stupiddrew9, TheScooterBuskie, TommyTheMet, train, Tumnus, voltaicwaffles, wyatt
Kings__NY, anthonys00, Arctic Tern, arija, AyjAy011, bam, Chicago Geographer, chirpn, De Martian, dfshapir, Diamond Armor Steve, Dragonfire, EnzoDragon1, Flame, FlyingBro, GeoGamr🇺🇦, hateornges, JayVerti, Jet, Kai, KlutchEZ, kp, MKA, mobambachloride, Norton, nuclear ocelot, OceanMan, oracle-of-naivete, Patxepi, phosphophyllite, Piglee, Popeetoes, Radians, Radu, sagittarius998, sheepie, shin, soup, stathx, stephner, Steve Lira, stupiddrew9, TheScooterBuskie, TommyTheMet, train, Tumnus, UCLA_Jesus, Urbanindy, voltaicwaffles, VS4GdqaYdYYrmBIMj1ab, wyatt
Queens__NY, anthonys00, Arctic Tern, arija, AyjAy011, bam, Chicago Geographer, chirpn, De Martian, dfshapir, Diamond Armor Steve, Dragonfire, FlyingBro, GeoGamr🇺🇦, hateornges, JayVerti, jogwi, Kai, Kiribati, KlutchEZ, MKA, mobambachloride, Norton, nuclear ocelot, OceanMan, oracle-of-naivete, Paris_Labrador, Patxepi, Pencil Vulture, phosphophyllite, Piglee, Popeetoes, Radians, Radu, sagittarius998, Sean30303, sheepie, shin, soup, stathx, stephner, Steve Lira, stupiddrew9, TheScooterBuskie, TommyTheMet, Tumnus, UCLA_Jesus, Urbanindy, user1115, VS4GdqaYdYYrmBIMj1ab, wyatt
Nassau__NY, anthonys00, arija, AyjAy011, bam, dfshapir, JayVerti, KlutchEZ, mobambachloride, nuclear ocelot, Radians, Radu, sagittarius998, shin, stephner, Steve Lira, TheScooterBuskie, TommyTheMet
Suffolk__NY, anthonys00, AyjAy011, dfshapir, JayVerti, KlutchEZ, mobambachloride, nuclear ocelot, Radu, sagittarius998, shin, stephner, Steve Lira, wyatt
Bronx__NY, anthonys00, Apollobo, Arctic Tern, arija, Armadillo, AyjAy011, bam, Cascadia, chirpn, crownedkinggame, De Martian, dfshapir, Diamond Armor Steve, Dragonfire, EnzoDragon1, flaber, FlyingBro, GeoGamr🇺🇦, hateornges, ineedaface, JayVerti, jogwi, Kai, KlutchEZ, Knight, kp, lostmyballs, MKA, mobambachloride, Norton, nuclear ocelot, OceanMan, oracle-of-naivete, Patxepi, Pencil Vulture, phosphophyllite, Piglee, Popeetoes, Radians, Radu, sagittarius998, Sean30303, sheepie, shin, stathx, stephner, Steve Lira, stupiddrew9, TheScooterBuskie, TommyTheMet, train, Tumnus, UCLA_Jesus, Urbanindy, voltaicwaffles, VS4GdqaYdYYrmBIMj1ab, wyatt, zenith
Westchester__NY, anthonys00, Apollobo, Arctic Tern, arija, Armadillo, AyjAy011, Cascadia, chirpn, crownedkinggame, De Martian, dfshapir, Dragonfire, EnzoDragon1, flaber, FlyingBro, GeoGamr🇺🇦, hateornges, ineedaface, JayVerti, jogwi, Kai, Knight, kp, lostmyballs, MKA, mobambachloride, Norton, nuclear ocelot, OceanMan, oracle-of-naivete, Patxepi, Pencil Vulture, phosphophyllite, Piglee, Popeetoes, Radians, Radu, sagittarius998, Sean30303, sheepie, shin, stathx, stephner, stupiddrew9, TheScooterBuskie, TommyTheMet, train, Tumnus, UCLA_Jesus, Urbanindy, voltaicwaffles, wyatt, zenith
Putnam__NY, anthonys00, Arctic Tern, AyjAy011, bam, Chicago Geographer, chirpn, De Martian, dfshapir, EnzoDragon1, ineedaface, JayVerti, Knight, kp, lostmyballs, MKA, nuclear ocelot, oracle-of-naivete, Patxepi, phosphophyllite, Popeetoes, Radians, sagittarius998, shin, stathx, stephner, stupiddrew9, TommyTheMet, Tumnus, wyatt
Rockland__NY, anthonys00, AyjAy011, chirpn, dfshapir, Dragonfire, EnzoDragon1, flaber, hateornges, ineedaface, JayVerti, Knight, kp, mobambachloride, nuclear ocelot, oracle-of-naivete, Patxepi, phosphophyllite, Popeetoes, Radians, Radu, sagittarius998, sheepie, shin, stathx, stephner, TheScooterBuskie, TommyTheMet, train, Tumnus, Urbanindy, wyatt
Western_Connecticut__CT, anthonys00, Arctic Tern, AyjAy011, bam, Chicago Geographer, chirpn, crownedkinggame, De Martian, dfshapir, EnzoDragon1, flaber, JayVerti, jogwi, Knight, kp, lostmyballs, MKA, Patxepi, Pencil Vulture, phosphophyllite, sagittarius998, Sean30303, sheepie, stathx, stephner, stupiddrew9, TheScooterBuskie, Tumnus, voltaicwaffles, wyatt, zenith
Greater_Bridgeport__CT, anthonys00, Arctic Tern, AyjAy011, Chicago Geographer, crownedkinggame, dfshapir, EnzoDragon1, flaber, JayVerti, jogwi, Knight, kp, MKA, Patxepi, Pencil Vulture, phosphophyllite, sagittarius998, Sean30303, sheepie, stathx, stephner, stupiddrew9, TheScooterBuskie, Tumnus, voltaicwaffles, wyatt, zenith
South_Central_Connecticut__CT, anthonys00, Arctic Tern, AyjAy011, Chicago Geographer, crownedkinggame, dfshapir, EnzoDragon1, flaber, JayVerti, jogwi, Knight, kp, lostmyballs, MKA, Patxepi, Pencil Vulture, phosphophyllite, sagittarius998, Sean30303, sheepie, stathx, stephner, stupiddrew9, TheScooterBuskie, Tumnus, voltaicwaffles, wyatt, zenith
Lower_Connecticut_River_Valley__CT, anthonys00, Arctic Tern, AyjAy011, Chicago Geographer, crownedkinggame, dfshapir, EnzoDragon1, flaber, JayVerti, jogwi, Knight, kp, lostmyballs, MKA, Patxepi, Pencil Vulture, phosphophyllite, sagittarius998, Sean30303, sheepie, stathx, stephner, stupiddrew9, TheScooterBuskie, Tumnus, voltaicwaffles, wyatt, zenith
Southeastern_Connecticut__CT, anthonys00, Arctic Tern, AyjAy011, Chicago Geographer, chirpn, crownedkinggame, dfshapir, EnzoDragon1, JayVerti, jogwi, Knight, kp, lostmyballs, MKA, Patxepi, Pencil Vulture, phosphophyllite, sagittarius998, Sean30303, sheepie, stathx, stephner, TheScooterBuskie, Tumnus, voltaicwaffles, wyatt, zenith
Naugatuck_Valley__CT, anthonys00, Arctic Tern, AyjAy011, bam, Chicago Geographer, chirpn, dfshapir, EnzoDragon1, JayVerti, Knight, kp, lostmyballs, phosphophyllite, sagittarius998, stathx, stephner, Tumnus, wyatt, zenith
Northwest_Hills__CT, anthonys00, AyjAy011, Chicago Geographer, De Martian, dfshapir, EnzoDragon1, JayVerti, Patxepi, phosphophyllite, sagittarius998, stathx, stephner, Tumnus, wyatt
Capitol__CT, anthonys00, Arctic Tern, AyjAy011, bam, Chicago Geographer, chirpn, crownedkinggame, De Martian, dfshapir, EJ'sEmpire, EnzoDragon1, flaber, JayVerti, Knight, kp, MKA, OKobern, Patxepi, phosphophyllite, Radu, sagittarius998, sheepie, stathx, stephner, stupiddrew9, Tumnus, voltaicwaffles, wyatt, zenith
Northeastern_Connecticut__CT, anthonys00, Arctic Tern, AyjAy011, bam, Chicago Geographer, chirpn, crownedkinggame, De Martian, dfshapir, EJ'sEmpire, EnzoDragon1, flaber, JayVerti, Knight, OKobern, Patxepi, phosphophyllite, sagittarius998, sheepie, stathx, stephner, Tumnus, voltaicwaffles, wyatt, zenith
Washington__RI, anthonys00, Arctic Tern, arija, AyjAy011, bam, Chicago Geographer, chirpn, crownedkinggame, DasSchnootz, dfshapir, EnzoDragon1, FlyingBro, hateornges, ineedaface, JayVerti, jogwi, kp, lostmyballs, MKA, mobambachloride, Norton, OceanMan, OKobern, oracle-of-naivete, Patxepi, Pencil Vulture, phosphophyllite, Piglee, Popeetoes, Radians, sagittarius998, Sean30303, sheepie, shin, stathx, stephner, TheScooterBuskie, TommyTheMet, train, Tumnus, UCLA_Jesus, voltaicwaffles, wyatt, zenith
Kent__RI, anthonys00, Arctic Tern, arija, AyjAy011, bam, Chicago Geographer, chirpn, crownedkinggame, DasSchnootz, dfshapir, EnzoDragon1, FlyingBro, hateornges, ineedaface, JayVerti, jogwi, kp, lostmyballs, MKA, mobambachloride, Norton, OceanMan, OKobern, oracle-of-naivete, Patxepi, Pencil Vulture, phosphophyllite, Piglee, Popeetoes, Radians, sagittarius998, Sean30303, sheepie, shin, stathx, stephner, TheScooterBuskie, TommyTheMet, train, Tumnus, UCLA_Jesus, voltaicwaffles, wyatt, zenith
Providence__RI, anthonys00, arija, Armadillo, AyjAy011, bam, Banana Peel Seal, Chicago Geographer, chirpn, crownedkinggame, DasSchnootz, De Martian, dfshapir, EJ'sEmpire, EnzoDragon1, FlyingBro, GeoGamr🇺🇦, hateornges, ineedaface, JayVerti, jogwi, Kai, Knight, kp, lostmyballs, MKA, mobambachloride, Norton, OceanMan, OKobern, oracle-of-naivete, Patxepi, Pencil Vulture, phosphophyllite, Piglee, Popeetoes, Radians, sagittarius998, Sean30303, sheepie, shin, stathx, stephner, TheScooterBuskie, TommyTheMet, train, Tumnus, UCLA_Jesus, voltaicwaffles, wyatt, zenith
Bristol__MA, anthonys00, Arctic Tern, arija, Armadillo, AyjAy011, bam, Banana Peel Seal, Chicago Geographer, chirpn, crownedkinggame, DasSchnootz, dfshapir, EJ'sEmpire, EnzoDragon1, FlyingBro, GeoGamr🇺🇦, ineedaface, JayVerti, jogwi, Kai, Knight, kp, lostmyballs, MKA, mobambachloride, Norton, nuclear ocelot, OceanMan, OKobern, oracle-of-naivete, Patxepi, Pencil Vulture, phosphophyllite, Piglee, Popeetoes, Radians, sagittarius998, Sean30303, sheepie, shin, stathx, stephner, stupiddrew9, TheScooterBuskie, TommyTheMet, train, Tumnus, UCLA_Jesus, wyatt, zenith
Newport__RI, anthonys00, Arctic Tern, arija, AyjAy011, bam, Chicago Geographer, chirpn, dfshapir, EnzoDragon1, hateornges, ineedaface, JayVerti, jogwi, MKA, OKobern, oracle-of-naivete, Patxepi, Popeetoes, sagittarius998, shin, stathx, stephner, TheScooterBuskie, train, Tumnus, wyatt, zenith
Plymouth__MA, anthonys00, Arctic Tern, Armadillo, bam, Chicago Geographer, chirpn, crownedkinggame, dfshapir, EnzoDragon1, GeoGamr🇺🇦, ineedaface, JayVerti, jogwi, Knight, MKA, nuclear ocelot, OKobern, oracle-of-naivete, Patxepi, Pencil Vulture, Piglee, Radians, sagittarius998, sheepie, shin, stathx, stephner, TheScooterBuskie, TommyTheMet, train, Tumnus, wyatt
Norfolk__MA, anthonys00, Apollobo, Arctic Tern, arija, Armadillo, AyjAy011, bam, Banana Peel Seal, Chicago Geographer, chirpn, crownedkinggame, DasSchnootz, dfshapir, EJ'sEmpire, EnzoDragon1, flaber, FlyingBro, GeoGamr🇺🇦, ineedaface, Ivan, JayVerti, Jet, jogwi, Kai, Knight, kp, lostmyballs, MKA, mobambachloride, Norton, nuclear ocelot, OceanMan, OKobern, oracle-of-naivete, Patxepi, Pencil Vulture, phosphophyllite, Piglee, Popeetoes, Radu, sagittarius998, Sean30303, sheepie, shin, stathx, stephner, stupiddrew9, TheScooterBuskie, TommyTheMet, train, Tumnus, UCLA_Jesus, voltaicwaffles, wyatt, zenith
Suffolk__MA, anthonys00, Apollobo, Arctic Tern, arija, Armadillo, AyjAy011, bam, Banana Peel Seal, Chicago Geographer, chirpn, crownedkinggame, De Martian, dfshapir, Diamond Armor Steve, EJ'sEmpire, EnzoDragon1, flaber, FlyingBro, GeoGamr🇺🇦, ineedaface, Ivan, JayVerti, Jet, Kai, Knight, kp, lostmyballs, MKA, mobambachloride, Norton, nuclear ocelot, OceanMan, OKobern, oracle-of-naivete, Patxepi, Pencil Vulture, Piglee, Popeetoes, Radians, Radu, sagittarius998, Sean30303, sheepie, shin, stathx, stephner, Steve Lira, stupiddrew9, TheScooterBuskie, TommyTheMet, train, Tumnus, UCLA_Jesus, Urbanindy, user1115, voltaicwaffles, wyatt, zenith
Middlesex__MA, anthonys00, Apollobo, Arctic Tern, arija, Armadillo, AyjAy011, bam, Banana Peel Seal, Chicago Geographer, chirpn, crownedkinggame, DasSchnootz, De Martian, dfshapir, EnzoDragon1, flaber, FlyingBro, GeoGamr🇺🇦, ineedaface, Ivan, JayVerti, Jet, jogwi, Kai, Knight, kp, lostmyballs, MKA, mobambachloride, Norton, nuclear ocelot, oracle-of-naivete, Patxepi, Pencil Vulture, phosphophyllite, Piglee, Popeetoes, Radians, Radu, sagittarius998, Sean30303, sheepie, shin, stathx, stephner, stupiddrew9, TheScooterBuskie, TommyTheMet, train, Tumnus, Urbanindy, user1115, voltaicwaffles, wyatt, zenith
Essex__MA, anthonys00, Arctic Tern, arija, Armadillo, AyjAy011, bam, Chicago Geographer, chirpn, crownedkinggame, DasSchnootz, De Martian, dfshapir, Diamond Armor Steve, EnzoDragon1, flaber, FlyingBro, GeoGamr🇺🇦, ineedaface, Ivan, JayVerti, jogwi, Knight, kp, lostmyballs, MKA, mobambachloride, nuclear ocelot, OceanMan, OKobern, oracle-of-naivete, Patxepi, phosphophyllite, Piglee, Popeetoes, sagittarius998, Sean30303, sheepie, shin, stathx, stephner, TheScooterBuskie, TommyTheMet, Tumnus, Urbanindy, voltaicwaffles, wyatt, zenith
Worcester__MA, anthonys00, Arctic Tern, Armadillo, AyjAy011, bam, Banana Peel Seal, Chicago Geographer, chirpn, crownedkinggame, DasSchnootz, De Martian, dfshapir, EnzoDragon1, flaber, GeoGamr🇺🇦, hateornges, ineedaface, JayVerti, Knight, mobambachloride, nuclear ocelot, oracle-of-naivete, Patxepi, phosphophyllite, Piglee, Radians, Radu, sagittarius998, Sean30303, sheepie, shin, stathx, stephner, TommyTheMet, train, Tumnus, voltaicwaffles, wyatt
Hampden__MA, anthonys00, Apollobo, Arctic Tern, Armadillo, AyjAy011, bam, Banana Peel Seal, Chicago Geographer, chirpn, crownedkinggame, DasSchnootz, dfshapir, EJ'sEmpire, EnzoDragon1, hateornges, ineedaface, JayVerti, Knight, kp, MKA, nuclear ocelot, OKobern, oracle-of-naivete, Patxepi, Piglee, Popeetoes, Radu, sagittarius998, Sean30303, sheepie, shin, stathx, stephner, stupiddrew9, TommyTheMet, train, Tumnus, voltaicwaffles, wyatt
Berkshire__MA, anthonys00, Apollobo, arija, Armadillo, AyjAy011, Banana Peel Seal, Chicago Geographer, chirpn, DasSchnootz, De Martian, dfshapir, Diamond Armor Steve, EnzoDragon1, flaber, hateornges, ineedaface, JayVerti, Knight, MKA, nuclear ocelot, OKobern, oracle-of-naivete, Patxepi, Piglee, Popeetoes, Radu, sagittarius998, Sean30303, shin, stathx, stephner, TommyTheMet, train, Tumnus, wyatt
Rockingham__NH, anthonys00, Arctic Tern, arija, Armadillo, AyjAy011, bam, Chicago Geographer, chirpn, crownedkinggame, DasSchnootz, De Martian, dfshapir, EnzoDragon1, flaber, FlyingBro, ineedaface, Ivan, JayVerti, jogwi, Kai, Knight, kp, lostmyballs, MKA, mobambachloride, nuclear ocelot, OceanMan, OKobern, oracle-of-naivete, Patxepi, phosphophyllite, Piglee, Popeetoes, Radians, sagittarius998, Sean30303, sheepie, shin, stathx, stephner, TheScooterBuskie, TommyTheMet, Tumnus, Urbanindy, voltaicwaffles, wyatt, zenith
York__ME, anthonys00, Arctic Tern, arija, Armadillo, AyjAy011, bam, Chicago Geographer, chirpn, crownedkinggame, DasSchnootz, De Martian, dfshapir, EnzoDragon1, flaber, ineedaface, Ivan, JayVerti, jogwi, Kai, Knight, kp, lostmyballs, MKA, mobambachloride, nuclear ocelot, OceanMan, OKobern, oracle-of-naivete, Patxepi, phosphophyllite, Piglee, Popeetoes, Radians, sagittarius998, Sean30303, sheepie, shin, stathx, stephner, TheScooterBuskie, TommyTheMet, Tumnus, Urbanindy, voltaicwaffles, wyatt, zenith
Grafton__NH, anthonys00, arija, Armadillo, bam, Chicago Geographer, chirpn, DasSchnootz, De Martian, dfshapir, EJ'sEmpire, EnzoDragon1, flaber, FlyingBro, ineedaface, JayVerti, jogwi, Kai, Knight, lostmyballs, MKA, mobambachloride, nuclear ocelot, OceanMan, oracle-of-naivete, phosphophyllite, Piglee, Popeetoes, Radians, sagittarius998, sheepie, shin, stephner, TommyTheMet, Tumnus, voltaicwaffles, wyatt
Hillsborough__NH, anthonys00, Armadillo, Chicago Geographer, chirpn, dfshapir, EJ'sEmpire, EnzoDragon1, flaber, FlyingBro, ineedaface, JayVerti, Kai, Knight, kp, lostmyballs, nuclear ocelot, oracle-of-naivete, phosphophyllite, Piglee, Radians, sagittarius998, sheepie, shin, stathx, stephner, TheScooterBuskie, Tumnus, voltaicwaffles, wyatt, zenith
Merrimack__NH, anthonys00, Armadillo, Chicago Geographer, chirpn, De Martian, dfshapir, EJ'sEmpire, EnzoDragon1, flaber, FlyingBro, ineedaface, JayVerti, jogwi, Kai, Knight, kp, lostmyballs, mobambachloride, nuclear ocelot, oracle-of-naivete, phosphophyllite, Piglee, Radians, sagittarius998, sheepie, shin, stathx, stephner, TheScooterBuskie, Tumnus, voltaicwaffles, wyatt
Sullivan__NH, anthonys00, Armadillo, Chicago Geographer, De Martian, dfshapir, EJ'sEmpire, EnzoDragon1, FlyingBro, ineedaface, JayVerti, Kai, Knight, lostmyballs, mobambachloride, nuclear ocelot, oracle-of-naivete, phosphophyllite, Piglee, Radians, sagittarius998, sheepie, shin, Tumnus, voltaicwaffles, wyatt
Hampshire__MA, anthonys00, Apollobo, Banana Peel Seal, Chicago Geographer, chirpn, dfshapir, EJ'sEmpire, EnzoDragon1, ineedaface, JayVerti, Knight, kp, MKA, nuclear ocelot, OKobern, oracle-of-naivete, Piglee, sagittarius998, Sean30303, shin, stathx, stephner, stupiddrew9, TommyTheMet, train, Tumnus, wyatt
Franklin__MA, anthonys00, Apollobo, Chicago Geographer, chirpn, dfshapir, EJ'sEmpire, EnzoDragon1, ineedaface, JayVerti, Knight, kp, MKA, nuclear ocelot, OKobern, oracle-of-naivete, Piglee, sagittarius998, shin, stathx, stephner, stupiddrew9, TommyTheMet, train, Tumnus, wyatt
Windham__VT, anthonys00, Apollobo, arija, Chicago Geographer, dfshapir, EJ'sEmpire, EnzoDragon1, ineedaface, JayVerti, Knight, kp, MKA, oracle-of-naivete, Patxepi, Radians, sagittarius998, shin, stathx, stephner, TommyTheMet, train, Tumnus, voltaicwaffles, zenith
Windsor__VT, anthonys00, arija, Armadillo, bam, De Martian, dfshapir, EJ'sEmpire, EnzoDragon1, FlyingBro, ineedaface, JayVerti, jogwi, Kai, Knight, lostmyballs, MKA, mobambachloride, oracle-of-naivete, phosphophyllite, Piglee, Radians, sagittarius998, sheepie, shin, stephner, TommyTheMet, Tumnus, voltaicwaffles, wyatt
Cumberland__ME, anthonys00, Arctic Tern, arija, Armadillo, AyjAy011, bam, Chicago Geographer, chirpn, crownedkinggame, DasSchnootz, De Martian, dfshapir, EJ'sEmpire, EnzoDragon1, flaber, ineedaface, Ivan, JayVerti, Kai, Knight, lostmyballs, MKA, mobambachloride, nuclear ocelot, OceanMan, OKobern, oracle-of-naivete, Paris_Labrador, Patxepi, phosphophyllite, Piglee, Popeetoes, Radians, sagittarius998, Sean30303, sheepie, shin, stathx, stephner, Steve Lira, TheScooterBuskie, TommyTheMet, Tumnus, Urbanindy, user1115, voltaicwaffles, wyatt
Dutchess__NY, anthonys00, AyjAy011, bam, Chicago Geographer, chirpn, De Martian, dfshapir, EnzoDragon1, ineedaface, JayVerti, Knight, MKA, nuclear ocelot, oracle-of-naivete, Patxepi, phosphophyllite, Popeetoes, Radians, sagittarius998, shin, stathx, stupiddrew9, train, Tumnus, wyatt, zenith
Ulster__NY, anthonys00, AyjAy011, bam, Chicago Geographer, De Martian, dfshapir, flaber, JayVerti, nuclear ocelot, oracle-of-naivete, Patxepi, phosphophyllite, Popeetoes, Radians, Radu, sagittarius998, shin, stathx, stephner, TheScooterBuskie, TommyTheMet, train, wyatt, zenith
Sullivan__NY, anthonys00, AyjAy011, bam, dfshapir, JayVerti, nuclear ocelot, phosphophyllite, sagittarius998, sheepie, shin, stathx, TommyTheMet, Urbanindy
Orange__NY, anthonys00, AyjAy011, bam, Chicago Geographer, chirpn, De Martian, dfshapir, Dragonfire, EnzoDragon1, flaber, ineedaface, JayVerti, Knight, nuclear ocelot, oracle-of-naivete, Patxepi, phosphophyllite, Popeetoes, Radians, Radu, sagittarius998, sheepie, shin, stathx, stephner, stupiddrew9, TheScooterBuskie, TommyTheMet, train, Tumnus, Urbanindy, wyatt, zenith
Greene__NY, anthonys00, bam, De Martian, dfshapir, flaber, ineedaface, JayVerti, nuclear ocelot, Patxepi, phosphophyllite, Popeetoes, Radians, Radu, sagittarius998, shin, stathx, stephner, TheScooterBuskie, TommyTheMet, train, wyatt, zenith
Albany__NY, anthonys00, Apollobo, arija, Armadillo, AyjAy011, bam, Banana Peel Seal, Chicago Geographer, DasSchnootz, De Martian, dfshapir, EnzoDragon1, flaber, hateornges, ineedaface, JayVerti, Knight, nuclear ocelot, OceanMan, OKobern, oracle-of-naivete, Patxepi, phosphophyllite, Piglee, Popeetoes, Radians, Radu, sagittarius998, Sean30303, shin, stathx, stephner, Steve Lira, TheScooterBuskie, TommyTheMet, train, Tumnus, wyatt, zenith
Columbia__NY, anthonys00, Apollobo, Armadillo, AyjAy011, bam, Banana Peel Seal, Chicago Geographer, chirpn, DasSchnootz, De Martian, dfshapir, EnzoDragon1, flaber, hateornges, ineedaface, JayVerti, MKA, nuclear ocelot, oracle-of-naivete, Patxepi, phosphophyllite, Piglee, Popeetoes, Radu, sagittarius998, Sean30303, shin, stathx, TommyTheMet, train, Tumnus, wyatt, zenith
Rensselaer__NY, anthonys00, Apollobo, Armadillo, AyjAy011, bam, Banana Peel Seal, Chicago Geographer, DasSchnootz, dfshapir, EnzoDragon1, flaber, hateornges, ineedaface, JayVerti, Knight, nuclear ocelot, OKobern, oracle-of-naivete, Patxepi, phosphophyllite, Piglee, Popeetoes, Radu, sagittarius998, Sean30303, shin, stathx, TommyTheMet, train, Tumnus, wyatt, zenith
Schenectady__NY, anthonys00, Armadillo, AyjAy011, Banana Peel Seal, Chicago Geographer, DasSchnootz, dfshapir, EnzoDragon1, hateornges, ineedaface, JayVerti, nuclear ocelot, oracle-of-naivete, Patxepi, phosphophyllite, Piglee, Popeetoes, Radu, sagittarius998, Sean30303, shin, stathx, TommyTheMet, train, Tumnus, wyatt
Montgomery__NY, anthonys00, Armadillo, AyjAy011, Banana Peel Seal, DasSchnootz, dfshapir, EnzoDragon1, hateornges, ineedaface, JayVerti, mobambachloride, nuclear ocelot, Patxepi, phosphophyllite, Piglee, Popeetoes, Radu, sagittarius998, Sean30303, sheepie, shin, stathx, TommyTheMet, train, Tumnus
Herkimer__NY, anthonys00, Armadillo, AyjAy011, Banana Peel Seal, DasSchnootz, dfshapir, EnzoDragon1, hateornges, ineedaface, JayVerti, jogwi, mobambachloride, nuclear ocelot, oracle-of-naivete, Patxepi, phosphophyllite, Piglee, Popeetoes, Radu, sagittarius998, Sean30303, sheepie, shin, stathx, TommyTheMet, train, Tumnus
Oneida__NY, anthonys00, Armadillo, AyjAy011, Banana Peel Seal, DasSchnootz, dfshapir, EnzoDragon1, hateornges, ineedaface, JayVerti, jogwi, mobambachloride, nuclear ocelot, oracle-of-naivete, Patxepi, phosphophyllite, Piglee, Popeetoes, Radu, sagittarius998, Sean30303, sheepie, shin, stathx, TommyTheMet, train
Madison__NY, anthonys00, Armadillo, AyjAy011, Banana Peel Seal, DasSchnootz, dfshapir, EnzoDragon1, hateornges, ineedaface, JayVerti, mobambachloride, nuclear ocelot, oracle-of-naivete, Patxepi, phosphophyllite, Piglee, Popeetoes, Radu, sagittarius998, Sean30303, sheepie, shin, stathx, TommyTheMet, train
Onondaga__NY, anthonys00, Arctic Tern, Armadillo, AyjAy011, Banana Peel Seal, Chicago Geographer, DasSchnootz, dfshapir, EnzoDragon1, GeoGamr🇺🇦, hateornges, ineedaface, Ivan, JayVerti, mobambachloride, nuclear ocelot, OceanMan, oracle-of-naivete, Patxepi, phosphophyllite, Piglee, Popeetoes, Radu, sagittarius998, Sean30303, sheepie, stathx, TheScooterBuskie, TommyTheMet, train, VS4GdqaYdYYrmBIMj1ab
Cayuga__NY, anthonys00, Arctic Tern, Armadillo, AyjAy011, Banana Peel Seal, Chicago Geographer, DasSchnootz, dfshapir, EnzoDragon1, GeoGamr🇺🇦, hateornges, ineedaface, Ivan, JayVerti, jogwi, mobambachloride, nuclear ocelot, OceanMan, oracle-of-naivete, Patxepi, phosphophyllite, Piglee, Popeetoes, Radu, sagittarius998, Sean30303, sheepie, stathx, TheScooterBuskie, TommyTheMet, train, VS4GdqaYdYYrmBIMj1ab
Seneca__NY, anthonys00, Arctic Tern, Armadillo, AyjAy011, bam, Chicago Geographer, DasSchnootz, dfshapir, EnzoDragon1, GeoGamr🇺🇦, hateornges, ineedaface, Ivan, JayVerti, mobambachloride, Norton, nuclear ocelot, OceanMan, oracle-of-naivete, Patxepi, phosphophyllite, Piglee, Radu, sagittarius998, Sean30303, sheepie, stathx, TheScooterBuskie, TommyTheMet, train, VS4GdqaYdYYrmBIMj1ab
Ontario__NY, anthonys00, Arctic Tern, Armadillo, AyjAy011, Chicago Geographer, DasSchnootz, dfshapir, EnzoDragon1, GeoGamr🇺🇦, hateornges, ineedaface, Ivan, JayVerti, mobambachloride, Norton, nuclear ocelot, OceanMan, oracle-of-naivete, Patxepi, phosphophyllite, Piglee, qazplm500, Radu, sagittarius998, Sean30303, sheepie, stathx, TheScooterBuskie, TommyTheMet, train, VS4GdqaYdYYrmBIMj1ab
Monroe__NY, anthonys00, Arctic Tern, arija, Armadillo, AyjAy011, Banana Peel Seal, Chicago Geographer, DasSchnootz, dfshapir, EnzoDragon1, GeoGamr🇺🇦, hateornges, ineedaface, Ivan, JayVerti, jogwi, mobambachloride, Norton, nuclear ocelot, OceanMan, Patxepi, phosphophyllite, Piglee, Popeetoes, qazplm500, Radu, sagittarius998, Sean30303, sheepie, stathx, TheScooterBuskie, TommyTheMet, train, VS4GdqaYdYYrmBIMj1ab
Genesee__NY, anthonys00, Arctic Tern, arija, Armadillo, AyjAy011, Banana Peel Seal, Chicago Geographer, DasSchnootz, dfshapir, EnzoDragon1, flaber, GeoGamr🇺🇦, hateornges, ineedaface, Ivan, JayVerti, mobambachloride, nuclear ocelot, OceanMan, phosphophyllite, Piglee, Popeetoes, qazplm500, Radu, sagittarius998, Sean30303, sheepie, stathx, Steve Lira, TheScooterBuskie, TommyTheMet, train, Urbanindy, VS4GdqaYdYYrmBIMj1ab
Erie__NY, anthonys00, Arctic Tern, arija, Armadillo, AyjAy011, Banana Peel Seal, Chicago Geographer, chirpn, DasSchnootz, dfshapir, Diamond Armor Steve, EnzoDragon1, flaber, GeoGamr🇺🇦, hateornges, ineedaface, Ivan, JayVerti, jogwi, Kai, mobambachloride, nuclear ocelot, OceanMan, oracle-of-naivete, Patxepi, phosphophyllite, Piglee, Popeetoes, qazplm500, Radu, sagittarius998, Sean30303, sheepie, stathx, Steve Lira, TheScooterBuskie, TommyTheMet, train, UCLA_Jesus, Urbanindy, voltaicwaffles, VS4GdqaYdYYrmBIMj1ab, zenith
Chautauqua__NY, anthonys00, Apollobo, Arctic Tern, arija, Armadillo, AyjAy011, Banana Peel Seal, Chicago Geographer, DasSchnootz, dfshapir, EnzoDragon1, GeoGamr🇺🇦, hateornges, ineedaface, Ivan, JayVerti, jogwi, Kai, mobambachloride, Norton, nuclear ocelot, OceanMan, Patxepi, phosphophyllite, Popeetoes, sagittarius998, Sean30303, sheepie, stathx, Steve Lira, TommyTheMet, train, UCLA_Jesus, Urbanindy, voltaicwaffles, VS4GdqaYdYYrmBIMj1ab, zenith
Niagara__NY, anthonys00, Arctic Tern, arija, AyjAy011, chirpn, DasSchnootz, dfshapir, EnzoDragon1, flaber, GeoGamr🇺🇦, hateornges, ineedaface, Ivan, JayVerti, jogwi, Kai, mobambachloride, nuclear ocelot, OceanMan, Patxepi, Piglee, Popeetoes, qazplm500, Radu, sagittarius998, sheepie, stathx, Steve Lira, TheScooterBuskie, TommyTheMet, train, UCLA_Jesus, Urbanindy, voltaicwaffles, VS4GdqaYdYYrmBIMj1ab, zenith
Delaware__NY, anthonys00, AyjAy011, bam, Chicago Geographer, dfshapir, JayVerti, nuclear ocelot, OceanMan, oracle-of-naivete, Patxepi, phosphophyllite, Popeetoes, sagittarius998, Sean30303, sheepie, shin, stathx, Urbanindy, wyatt
Broome__NY, anthonys00, Apollobo, Arctic Tern, AyjAy011, bam, Chicago Geographer, dfshapir, ineedaface, JayVerti, mobambachloride, Norton, nuclear ocelot, OceanMan, oracle-of-naivete, Patxepi, phosphophyllite, Popeetoes, sagittarius998, Sean30303, sheepie, shin, stathx, TheScooterBuskie, TommyTheMet, Urbanindy, voltaicwaffles, VS4GdqaYdYYrmBIMj1ab, wyatt
Cortland__NY, anthonys00, Arctic Tern, AyjAy011, bam, dfshapir, ineedaface, JayVerti, mobambachloride, nuclear ocelot, Patxepi, phosphophyllite, sagittarius998, sheepie, shin, stathx, TheScooterBuskie, TommyTheMet, train, voltaicwaffles
Tioga__NY, anthonys00, Apollobo, Arctic Tern, bam, dfshapir, JayVerti, mobambachloride, Norton, nuclear ocelot, OceanMan, oracle-of-naivete, Patxepi, phosphophyllite, sagittarius998, Sean30303, sheepie, shin, stathx, TommyTheMet, Urbanindy, voltaicwaffles, VS4GdqaYdYYrmBIMj1ab, wyatt
Chemung__NY, anthonys00, Apollobo, bam, dfshapir, JayVerti, mobambachloride, nuclear ocelot, phosphophyllite, sagittarius998, Sean30303, sheepie, shin, stathx, TommyTheMet, Urbanindy, VS4GdqaYdYYrmBIMj1ab
Steuben__NY, anthonys00, Apollobo, Chicago Geographer, dfshapir, flaber, JayVerti, mobambachloride, Norton, nuclear ocelot, phosphophyllite, qazplm500, sagittarius998, Sean30303, sheepie, stathx, TommyTheMet, Urbanindy, VS4GdqaYdYYrmBIMj1ab
Livingston__NY, anthonys00, Arctic Tern, arija, Chicago Geographer, dfshapir, flaber, JayVerti, Norton, nuclear ocelot, phosphophyllite, qazplm500, sagittarius998, sheepie, stathx, TommyTheMet, Urbanindy, VS4GdqaYdYYrmBIMj1ab
Clinton__NY, anthonys00, arija, bam, DasSchnootz, De Martian, dfshapir, flaber, JayVerti, nuclear ocelot, OceanMan, Patxepi, sagittarius998, shin, TommyTheMet, train, Tumnus, wyatt
Chittenden__VT, anthonys00, arija, bam, Chicago Geographer, chirpn, DasSchnootz, De Martian, dfshapir, EnzoDragon1, flaber, ineedaface, JayVerti, Kai, Knight, lostmyballs, mobambachloride, OceanMan, OKobern, oracle-of-naivete, Piglee, Popeetoes, Radians, sagittarius998, shin, Steve Lira, TommyTheMet, train, Tumnus, user1115, wyatt
Washington__VT, anthonys00, arija, bam, Chicago Geographer, chirpn, DasSchnootz, De Martian, dfshapir, EJ'sEmpire, EnzoDragon1, ineedaface, JayVerti, Kai, Knight, lostmyballs, OceanMan, OKobern, oracle-of-naivete, phosphophyllite, Piglee, Popeetoes, Radians, sagittarius998, shin, stephner, Steve Lira, TommyTheMet, Tumnus, user1115, wyatt
Orange__VT, anthonys00, arija, bam, Chicago Geographer, DasSchnootz, De Martian, dfshapir, EJ'sEmpire, EnzoDragon1, ineedaface, JayVerti, Kai, Knight, lostmyballs, MKA, mobambachloride, oracle-of-naivete, phosphophyllite, Piglee, Radians, sagittarius998, sheepie, shin, TommyTheMet, Tumnus, voltaicwaffles, wyatt
Saratoga__NY, anthonys00, AyjAy011, De Martian, dfshapir, EnzoDragon1, flaber, ineedaface, JayVerti, mobambachloride, nuclear ocelot, OKobern, oracle-of-naivete, Patxepi, phosphophyllite, Piglee, Popeetoes, Radians, Radu, sagittarius998, shin, stathx, stephner, TheScooterBuskie, TommyTheMet, train, Tumnus, wyatt, zenith
Warren__NY, anthonys00, De Martian, dfshapir, EnzoDragon1, flaber, JayVerti, jogwi, mobambachloride, nuclear ocelot, OKobern, oracle-of-naivete, Patxepi, phosphophyllite, Piglee, Popeetoes, Radians, Radu, sagittarius998, shin, stathx, stephner, TheScooterBuskie, TommyTheMet, train, Tumnus, wyatt
Essex__NY, anthonys00, arija, De Martian, dfshapir, EnzoDragon1, flaber, JayVerti, nuclear ocelot, OceanMan, OKobern, Patxepi, Piglee, Popeetoes, Radians, sagittarius998, shin, stephner, TheScooterBuskie, TommyTheMet, train, Tumnus, wyatt
Franklin__VT, anthonys00, arija, bam, De Martian, dfshapir, EnzoDragon1, ineedaface, JayVerti, Kai, Knight, oracle-of-naivete, Piglee, Popeetoes, Radians, sagittarius998, shin, Steve Lira, train, Tumnus
Rutland__VT, anthonys00, arija, bam, dfshapir, EnzoDragon1, ineedaface, JayVerti, jogwi, Knight, mobambachloride, oracle-of-naivete, Patxepi, phosphophyllite, Piglee, Popeetoes, Radians, sagittarius998, shin, stathx, stephner, TommyTheMet, train, Tumnus
Bennington__VT, anthonys00, Apollobo, arija, bam, Chicago Geographer, dfshapir, EnzoDragon1, ineedaface, JayVerti, Knight, oracle-of-naivete, Patxepi, Popeetoes, Radians, sagittarius998, shin, stathx, TommyTheMet, train, Tumnus, zenith
Cecil__MD, anthonys00, Arctic Tern, arija, Armadillo, Banana Peel Seal, Bubba, Bvarium, Cascadia, chirpn, chupoxag, crownedkinggame, DasSchnootz, dfshapir, Diamond Armor Steve, Dragonfire, EJ'sEmpire, EnzoDragon1, flaber, fladnag, ineedaface, JayVerti, Jet, jogwi, Jo™, Knight, kp, mobambachloride, nuclear ocelot, OceanMan, oracle-of-naivete, Patxepi, Pencil Vulture, phosphophyllite, Piglee, Radians, Radu, sagittarius998, sheepie, shin, stathx, stephner, stupiddrew9, TheScooterBuskie, TommyTheMet, train, UCLA_Jesus, Urbanindy, user1115, voltaicwaffles, wyatt, zenith
Harford__MD, anthonys00, Arctic Tern, arija, Armadillo, Banana Peel Seal, Bubba, Bvarium, Cascadia, chirpn, chupoxag, crownedkinggame, DasSchnootz, dfshapir, Diamond Armor Steve, Dragonfire, EJ'sEmpire, EnzoDragon1, flaber, fladnag, ineedaface, JayVerti, Jet, jogwi, Jo™, Knight, kp, mobambachloride, nuclear ocelot, OceanMan, oracle-of-naivete, Patxepi, Pencil Vulture, phosphophyllite, Piglee, Radians, Radu, sagittarius998, sheepie, shin, stephner, stupiddrew9, TheScooterBuskie, TommyTheMet, train, UCLA_Jesus, Urbanindy, user1115, voltaicwaffles, wyatt, zenith
Baltimore_County__MD, anthonys00, Arctic Tern, arija, Armadillo, AyjAy011, Banana Peel Seal, Bubba, Bvarium, Cascadia, Chicago Geographer, chirpn, chupoxag, crownedkinggame, DasSchnootz, De Martian, dfshapir, Diamond Armor Steve, Dragonfire, EJ'sEmpire, EnzoDragon1, flaber, fladnag, GeoGamr🇺🇦, hateornges, ineedaface, Ivan, JayVerti, Jet, jogwi, Jo™, Knight, kp, MKA, mobambachloride, muskox, nuclear ocelot, OceanMan, oracle-of-naivete, Patxepi, Pencil Vulture, phosphophyllite, Piglee, Popeetoes, Radians, Radu, sagittarius998, Sean30303, sheepie, shin, stephner, stupiddrew9, TheScooterBuskie, TommyTheMet, train, Tumnus, UCLA_Jesus, Urbanindy, user1115, voltaicwaffles, wyatt, zenith
Baltimore_City__MD, anthonys00, Arctic Tern, arija, Armadillo, AyjAy011, Banana Peel Seal, Bubba, Bvarium, Cascadia, Chicago Geographer, chirpn, chupoxag, crownedkinggame, DasSchnootz, De Martian, dfshapir, Diamond Armor Steve, Dragonfire, EJ'sEmpire, EnzoDragon1, flaber, fladnag, GeoGamr🇺🇦, hateornges, ineedaface, Ivan, JayVerti, Jet, Jo™, Knight, MKA, mobambachloride, nuclear ocelot, OceanMan, oracle-of-naivete, Patxepi, Pencil Vulture, phosphophyllite, Piglee, Popeetoes, Radians, Radu, sagittarius998, Sean30303, sheepie, shin, stupiddrew9, TheScooterBuskie, TommyTheMet, train, Tumnus, UCLA_Jesus, Urbanindy, user1115, voltaicwaffles, wyatt, zenith
Anne_Arundel__MD, anthonys00, Arctic Tern, Armadillo, AyjAy011, bam, Banana Peel Seal, Bubba, Bvarium, Chicago Geographer, chirpn, chupoxag, dfshapir, Diamond Armor Steve, EJ'sEmpire, EnzoDragon1, flaber, Geo, GeoGamr🇺🇦, hateornges, ineedaface, Ivan, Jet, Jo™, Kai, Knight, lostmyballs, MKA, mobambachloride, muskox, Norton, nuclear ocelot, oracle-of-naivete, Patxepi, Pencil Vulture, phosphophyllite, Popeetoes, Radians, Radu, sagittarius998, Sean30303, shin, stupiddrew9, The Texan, TheScooterBuskie, TommyTheMet, train, Tumnus, UCLA_Jesus, Urbanindy, voltaicwaffles, wyatt, zenith
Howard__MD, anthonys00, Arctic Tern, arija, Armadillo, AyjAy011, bam, Bubba, Bvarium, Cascadia, Chicago Geographer, chirpn, crownedkinggame, DasSchnootz, De Martian, dfshapir, Dragonfire, EnzoDragon1, flaber, fladnag, hateornges, JayVerti, jogwi, Jo™, Knight, kp, mobambachloride, Norton, nuclear ocelot, OceanMan, oracle-of-naivete, Patxepi, phosphophyllite, Piglee, Popeetoes, Radians, Radu, sagittarius998, sheepie, shin, stephner, stupiddrew9, TheScooterBuskie, TommyTheMet, Tumnus, Urbanindy, user1115, voltaicwaffles, wyatt, zenith
Prince_George_s__MD, anthonys00, Arctic Tern, arija, Armadillo, AyjAy011, bam, Banana Peel Seal, Bubba, Bvarium, Cascadia, Chicago Geographer, chirpn, chupoxag, crownedkinggame, DasSchnootz, De Martian, dfshapir, Diamond Armor Steve, Dragonfire, EJ'sEmpire, EnzoDragon1, flaber, fladnag, GeoGamr🇺🇦, hateornges, ineedaface, Ivan, Jet, Jo™, Knight, lostmyballs, MKA, mobambachloride, muskox, Norton, nuclear ocelot, OceanMan, OKobern, oracle-of-naivete, Patxepi, Pencil Vulture, Piglee, Popeetoes, Radians, Radu, sagittarius998, Sean30303, sheepie, shin, stephner, stupiddrew9, The Texan, TheScooterBuskie, TommyTheMet, train, Tumnus, UCLA_Jesus, Urbanindy, user1115, voltaicwaffles, wyatt, zenith
Queen_Anne_s__MD, anthonys00, Arctic Tern, AyjAy011, Bvarium, chirpn, dfshapir, EnzoDragon1, flaber, JayVerti, Jo™, lostmyballs, mobambachloride, nuclear ocelot, oracle-of-naivete, Patxepi, phosphophyllite, Radians, sagittarius998, shin, stathx, zenith
Caroline__MD, anthonys00, Arctic Tern, AyjAy011, Bvarium, dfshapir, flaber, Geo, JayVerti, Jo™, nuclear ocelot, oracle-of-naivete, Patxepi, phosphophyllite, sagittarius998, shin, stathx, zenith
Worcester__MD, anthonys00, Bubba, Bvarium, Cascadia, chirpn, dfshapir, EnzoDragon1, flaber, ineedaface, Jo™, mobambachloride, muskox, nuclear ocelot, oracle-of-naivete, phosphophyllite, Radians, sagittarius998, sheepie, shin, stathx, stephner, TommyTheMet, train, Tumnus
York__PA, anthonys00, Arctic Tern, Bubba, Bvarium, Chicago Geographer, chirpn, dfshapir, EnzoDragon1, flaber, fladnag, Flame, hateornges, ineedaface, JayVerti, Jo™, mobambachloride, muskox, nuclear ocelot, oracle-of-naivete, Patxepi, Pendulous, phosphophyllite, Radians, sagittarius998, shin, stephner, stupiddrew9, TommyTheMet, voltaicwaffles, VS4GdqaYdYYrmBIMj1ab, zenith
Carroll__MD, anthonys00, Arctic Tern, AyjAy011, Bvarium, dfshapir, EnzoDragon1, flaber, jogwi, Jo™, kp, mobambachloride, nuclear ocelot, oracle-of-naivete, phosphophyllite, Radu, sagittarius998, shin, TommyTheMet, Urbanindy, voltaicwaffles, zenith
Loudoun__VA, anthonys00, Arctic Tern, Armadillo, bam, Banana Peel Seal, Bubba, Bvarium, DasSchnootz, dfshapir, Diamond Armor Steve, Dragonfire, flaber, FlyingBro, GeoGamr🇺🇦, ineedaface, Jet, Jo™, kp, lostmyballs, MKA, mobambachloride, nuclear ocelot, OKobern, oracle-of-naivete, Paris_Labrador, Patxepi, phosphophyllite, Radians, Radu, sagittarius998, shin, stathx, Steve Lira, Urbanindy, voltaicwaffles
Calvert__MD, anthonys00, Bvarium, dfshapir, flaber, mobambachloride, nuclear ocelot, oracle-of-naivete, sagittarius998, shin
Fauquier__VA, anthonys00, Arctic Tern, Armadillo, bam, Bubba, Cascadia, chirpn, dfshapir, Diamond Armor Steve, flaber, fladnag, FlyingBro, GeoGamr🇺🇦, ineedaface, jogwi, Jo™, nuclear ocelot, OceanMan, oracle-of-naivete, Patxepi, phosphophyllite, Popeetoes, sagittarius998, shin, stephner, stupiddrew9, Urbanindy, voltaicwaffles, zenith
Warren__VA, anthonys00, Arctic Tern, Armadillo, bam, Cascadia, chirpn, dfshapir, Diamond Armor Steve, flaber, fladnag, FlyingBro, GeoGamr🇺🇦, ineedaface, Jet, Jo™, mobambachloride, nuclear ocelot, OceanMan, oracle-of-naivete, Patxepi, phosphophyllite, Radians, sagittarius998, sheepie, shin, stephner, Steve Lira, stupiddrew9, Urbanindy, voltaicwaffles, zenith
Shenandoah__VA, anthonys00, Arctic Tern, Armadillo, bam, Bvarium, chirpn, crownedkinggame, dfshapir, Diamond Armor Steve, flaber, fladnag, FlyingBro, GeoGamr🇺🇦, Jet, Jo™, Knight, kp, mobambachloride, nuclear ocelot, OceanMan, oracle-of-naivete, Patxepi, phosphophyllite, Radu, sagittarius998, shin, stephner, stupiddrew9, TheScooterBuskie, TommyTheMet, Tumnus, user1115, voltaicwaffles, zenith
Rockingham__VA, anthonys00, Arctic Tern, Armadillo, bam, Bvarium, Cascadia, chirpn, crownedkinggame, dfshapir, Diamond Armor Steve, flaber, fladnag, FlyingBro, GeoGamr🇺🇦, Jet, Jo™, Knight, kp, mobambachloride, nuclear ocelot, OceanMan, oracle-of-naivete, Patxepi, phosphophyllite, Popeetoes, Radians, Radu, sagittarius998, sheepie, shin, stephner, stupiddrew9, TheScooterBuskie, TommyTheMet, Tumnus, Urbanindy, user1115, voltaicwaffles, zenith
Harrisonburg__VA, anthonys00, Arctic Tern, Armadillo, bam, Bvarium, crownedkinggame, dfshapir, Diamond Armor Steve, flaber, fladnag, FlyingBro, GeoGamr🇺🇦, Jo™, Knight, kp, mobambachloride, nuclear ocelot, OceanMan, oracle-of-naivete, Patxepi, phosphophyllite, Radu, sagittarius998, shin, stephner, stupiddrew9, TheScooterBuskie, TommyTheMet, Tumnus, voltaicwaffles, zenith
Augusta__VA, anthonys00, Arctic Tern, Armadillo, Ava, Bvarium, Cascadia, chirpn, crownedkinggame, dfshapir, Diamond Armor Steve, fbmdf1821, flaber, fladnag, FlyingBro, GeoGamr🇺🇦, Jet, jogwi, Jo™, Knight, kp, lostmyballs, mobambachloride, nuclear ocelot, OceanMan, oracle-of-naivete, Paris_Labrador, Patxepi, phosphophyllite, Popeetoes, Radians, Radu, sagittarius998, sheepie, shin, stephner, Steve Lira, stupiddrew9, TheScooterBuskie, TommyTheMet, Tumnus, Urbanindy, user1115, voltaicwaffles, zenith
Rockbridge__VA, anthonys00, Arctic Tern, Armadillo, Ava, Bvarium, Cascadia, chirpn, crownedkinggame, dfshapir, Diamond Armor Steve, fbmdf1821, flaber, fladnag, FlyingBro, GeoGamr🇺🇦, Jet, jogwi, Jo™, Knight, kp, lostmyballs, mobambachloride, nuclear ocelot, OceanMan, oracle-of-naivete, Paris_Labrador, Patxepi, phosphophyllite, Radians, Radu, sagittarius998, shin, soup, stephner, Steve Lira, stupiddrew9, TheScooterBuskie, TommyTheMet, Tumnus, Urbanindy, user1115, voltaicwaffles, zenith
Frederick__VA, anthonys00, Arctic Tern, bam, Bvarium, chirpn, crownedkinggame, dfshapir, Diamond Armor Steve, flaber, fladnag, FlyingBro, ineedaface, Jet, Jo™, Knight, kp, mobambachloride, nuclear ocelot, oracle-of-naivete, Patxepi, phosphophyllite, Radians, Radu, sagittarius998, sheepie, shin, stephner, Steve Lira, stupiddrew9, TheScooterBuskie, TommyTheMet, Tumnus, user1115, voltaicwaffles, zenith
Botetourt__VA, anthonys00, Arctic Tern, Armadillo, Ava, Cascadia, chirpn, crownedkinggame, De Martian, dfshapir, Diamond Armor Steve, flaber, fladnag, FlyingBro, GeoGamr🇺🇦, jogwi, Jo™, Knight, kp, mobambachloride, nuclear ocelot, OceanMan, oracle-of-naivete, Patxepi, phosphophyllite, Radians, Radu, sagittarius998, shin, stephner, stupiddrew9, TheScooterBuskie, TommyTheMet, Tumnus, user1115, voltaicwaffles, zenith
Roanoke_Co___VA, anthonys00, Arctic Tern, arija, Armadillo, Ava, Cascadia, chirpn, crownedkinggame, De Martian, dfshapir, Diamond Armor Steve, flaber, fladnag, FlyingBro, GeoGamr🇺🇦, jogwi, Jo™, Knight, kp, mobambachloride, nuclear ocelot, OceanMan, oracle-of-naivete, Patxepi, phosphophyllite, Radians, Radu, sagittarius998, shin, stephner, stupiddrew9, TheScooterBuskie, TommyTheMet, Tumnus, user1115, voltaicwaffles, zenith
Salem__VA, anthonys00, Arctic Tern, arija, Armadillo, chirpn, crownedkinggame, De Martian, dfshapir, Diamond Armor Steve, flaber, fladnag, FlyingBro, GeoGamr🇺🇦, jogwi, Jo™, Knight, kp, mobambachloride, nuclear ocelot, OceanMan, oracle-of-naivete, Patxepi, Radians, sagittarius998, shin, stephner, stupiddrew9, TheScooterBuskie, TommyTheMet, Tumnus, user1115, voltaicwaffles, zenith
Montgomery__VA, anthonys00, Arctic Tern, arija, Armadillo, chirpn, crownedkinggame, De Martian, dfshapir, Diamond Armor Steve, flaber, fladnag, FlyingBro, GeoGamr🇺🇦, jogwi, Jo™, Knight, kp, mobambachloride, nuclear ocelot, oracle-of-naivete, Patxepi, Radians, Radu, sagittarius998, shin, stephner, stupiddrew9, TheScooterBuskie, TommyTheMet, Tumnus, user1115, voltaicwaffles, zenith
Pulaski__VA, anthonys00, Arctic Tern, Armadillo, chirpn, crownedkinggame, De Martian, dfshapir, Diamond Armor Steve, flaber, fladnag, FlyingBro, GeoGamr🇺🇦, jogwi, Jo™, Knight, kp, mobambachloride, muskox, nuclear ocelot, oracle-of-naivete, Patxepi, Radians, Radu, sagittarius998, shin, stephner, stupiddrew9, TheScooterBuskie, TommyTheMet, Tumnus, user1115, voltaicwaffles, zenith
Jackson__NC, anthonys00, Arctic Tern, Bvarium, chirpn, corndog, dfshapir, flaber, fladnag, jogwi, lostmyballs, MKA, mobambachloride, nuclear ocelot, OKobern, Patxepi, Radu, sagittarius998, sheepie, shin, stupiddrew9, Urbanindy, user1115, voltaicwaffles, WizardGrape, zenith
Macon__NC, anthonys00, chirpn, dfshapir, flaber, fladnag, jogwi, MKA, nuclear ocelot, Patxepi, Radu, sheepie, shin, stupiddrew9, Urbanindy, user1115, voltaicwaffles, zenith
Hall__GA, anthonys00, dfshapir, flaber, fladnag, Jet, Jo™, MKA, mobambachloride, muskox, nuclear ocelot, Patxepi, Radu, sheepie, shin, stathx, stupiddrew9, zenith
Gordon__GA, anthonys00, Armadillo, AyjAy011, Chicago Geographer, dfshapir, fladnag, Flame, hateornges, IGotSap, Ivan, Jet, jogwi, Kai, kp, Littleduck, MKA, Norton, nuclear ocelot, Paris_Labrador, phosphophyllite, Radu, Sean30303, sheepie, shin, stathx, Steve Lira, stupiddrew9, The Texan, TommyTheMet, Urbanindy, zenith
Bartow__GA, anthonys00, Armadillo, AyjAy011, Chicago Geographer, dfshapir, fladnag, Flame, GeoGamr🇺🇦, hateornges, IGotSap, Ivan, Jet, Kai, KlutchEZ, kp, Littleduck, MKA, mobambachloride, muskox, Norton, nuclear ocelot, Paris_Labrador, phosphophyllite, Radu, Sean30303, sheepie, shin, stathx, Steve Lira, stupiddrew9, The Texan, TommyTheMet, Urbanindy, zenith
Cobb__GA, anthonys00, Armadillo, AyjAy011, Cascadia, Chicago Geographer, chirpn, dfshapir, fladnag, Flame, FlyingBro, GeoGamr🇺🇦, hateornges, IGotSap, Ivan, Jet, jogwi, Kai, KlutchEZ, kp, Littleduck, MKA, mobambachloride, muskox, Norton, nuclear ocelot, OKobern, Paris_Labrador, Patxepi, phosphophyllite, Radu, Sean30303, sheepie, shin, stathx, Steve Lira, stupiddrew9, The Texan, TommyTheMet, Tumnus, Urbanindy, voltaicwaffles, zenith
Cherokee__GA, anthonys00, Armadillo, AyjAy011, Chicago Geographer, dfshapir, fladnag, Flame, GeoGamr🇺🇦, hateornges, IGotSap, Ivan, Jet, Kai, KlutchEZ, kp, Littleduck, MKA, mobambachloride, muskox, Norton, nuclear ocelot, Paris_Labrador, phosphophyllite, Radu, Sean30303, sheepie, shin, stathx, Steve Lira, stupiddrew9, The Texan, Urbanindy, zenith
Clayton__GA, anthonys00, Arctic Tern, Armadillo, Ava, AyjAy011, Cascadia, Chicago Geographer, chirpn, chupoxag, crownedkinggame, dfshapir, Diamond Armor Steve, EJ'sEmpire, flaber, fladnag, Flame, FlyingBro, GeoGamr🇺🇦, hateornges, IGotSap, Ivan, JayVerti, Jet, jogwi, Jo™, Kai, KlutchEZ, kp, Littleduck, lostmyballs, MKA, muskox, Norton, nuclear ocelot, OKobern, oracle-of-naivete, Paris_Labrador, Patxepi, Pencil Vulture, phosphophyllite, Piglee, Popeetoes, Radians, Radu, Redoct878, Sean30303, sheepie, shin, soup, stathx, stephner, Steve Lira, stupiddrew9, The Texan, TheScooterBuskie, Tumnus, Urbanindy, voltaicwaffles, zenith
Henry__GA, anthonys00, Armadillo, Ava, AyjAy011, Chicago Geographer, fladnag, Flame, FlyingBro, GeoGamr🇺🇦, hateornges, IGotSap, Ivan, JayVerti, Jet, Jo™, Kai, kp, Littleduck, MKA, muskox, Norton, nuclear ocelot, OKobern, oracle-of-naivete, Paris_Labrador, Pencil Vulture, phosphophyllite, Piglee, Popeetoes, Radians, Radu, Sean30303, sheepie, shin, soup, stathx, Steve Lira, stupiddrew9, The Texan, Tumnus, Urbanindy, zenith
Butts__GA, anthonys00, Armadillo, Ava, AyjAy011, Chicago Geographer, Flame, FlyingBro, GeoGamr🇺🇦, hateornges, IGotSap, Ivan, JayVerti, Jo™, Kai, kp, Littleduck, MKA, muskox, Norton, nuclear ocelot, OKobern, oracle-of-naivete, Paris_Labrador, Pencil Vulture, phosphophyllite, Piglee, Popeetoes, Radians, Radu, Sean30303, shin, soup, stathx, Steve Lira, stupiddrew9, The Texan, Tumnus, Urbanindy, zenith
Monroe__GA, anthonys00, Armadillo, Ava, AyjAy011, Chicago Geographer, Flame, FlyingBro, GeoGamr🇺🇦, hateornges, IGotSap, Ivan, JayVerti, Jo™, Kai, kp, Littleduck, MKA, muskox, Norton, nuclear ocelot, OKobern, oracle-of-naivete, Paris_Labrador, Pencil Vulture, Piglee, Popeetoes, Radians, Radu, Sean30303, shin, soup, stathx, Steve Lira, stupiddrew9, The Texan, Tumnus, Urbanindy, zenith
Bibb__GA, anthonys00, Armadillo, Ava, AyjAy011, Chicago Geographer, Flame, FlyingBro, GeoGamr🇺🇦, hateornges, IGotSap, Ivan, JayVerti, Jet, Jo™, Kai, kp, Littleduck, MKA, mobambachloride, muskox, Norton, nuclear ocelot, OKobern, oracle-of-naivete, Paris_Labrador, Pencil Vulture, Piglee, Popeetoes, Radians, Radu, Sean30303, shin, soup, stathx, Steve Lira, stupiddrew9, The Texan, Tumnus, Urbanindy, zenith
Peach__GA, anthonys00, Armadillo, Ava, AyjAy011, Chicago Geographer, Flame, GeoGamr🇺🇦, hateornges, IGotSap, Ivan, Jet, Jo™, Kai, KlutchEZ, kp, MKA, mobambachloride, muskox, Norton, nuclear ocelot, OKobern, oracle-of-naivete, Paris_Labrador, Piglee, Popeetoes, Radu, Sean30303, shin, soup, stathx, Steve Lira, The Texan, zenith
Houston__GA, anthonys00, Armadillo, Ava, AyjAy011, Chicago Geographer, Flame, GeoGamr🇺🇦, hateornges, IGotSap, Ivan, Jo™, Kai, KlutchEZ, kp, MKA, mobambachloride, muskox, Norton, nuclear ocelot, oracle-of-naivete, Paris_Labrador, Piglee, Popeetoes, Radu, Sean30303, shin, soup, stathx, Steve Lira, stupiddrew9, The Texan, zenith
Dooly__GA, anthonys00, Armadillo, Ava, AyjAy011, Chicago Geographer, Flame, GeoGamr🇺🇦, hateornges, IGotSap, Ivan, Kai, kp, MKA, muskox, Norton, nuclear ocelot, oracle-of-naivete, Paris_Labrador, Piglee, Radu, Sean30303, shin, soup, stathx, Steve Lira, stupiddrew9, The Texan, zenith
Crisp__GA, anthonys00, Armadillo, Ava, AyjAy011, Chicago Geographer, Flame, GeoGamr🇺🇦, hateornges, IGotSap, Ivan, Kai, kp, MKA, muskox, Norton, nuclear ocelot, oracle-of-naivete, Paris_Labrador, Piglee, Radu, Sean30303, shin, soup, stathx, Steve Lira, stupiddrew9, The Texan, zenith
Turner__GA, anthonys00, Armadillo, Ava, AyjAy011, Chicago Geographer, Flame, GeoGamr🇺🇦, hateornges, IGotSap, Ivan, Kai, kp, MKA, muskox, Norton, nuclear ocelot, oracle-of-naivete, Paris_Labrador, Radu, Sean30303, shin, soup, stathx, Steve Lira, stupiddrew9, The Texan, zenith
Tift__GA, anthonys00, Armadillo, Ava, AyjAy011, Chicago Geographer, Flame, GeoGamr🇺🇦, hateornges, IGotSap, Ivan, Kai, kp, MKA, muskox, Norton, nuclear ocelot, oracle-of-naivete, Paris_Labrador, Radu, Sean30303, shin, soup, stathx, Steve Lira, stupiddrew9, The Texan, zenith
Cook__GA, anthonys00, Armadillo, Ava, AyjAy011, Chicago Geographer, Flame, GeoGamr🇺🇦, hateornges, IGotSap, Ivan, Kai, kp, MKA, muskox, Norton, nuclear ocelot, oracle-of-naivete, Paris_Labrador, Radu, Sean30303, shin, soup, stathx, Steve Lira, stupiddrew9, The Texan, zenith
Lowndes__GA, anthonys00, Armadillo, Ava, AyjAy011, Chicago Geographer, Flame, GeoGamr🇺🇦, hateornges, IGotSap, Ivan, Kai, kp, MKA, mobambachloride, muskox, Norton, nuclear ocelot, oracle-of-naivete, Paris_Labrador, Radu, Sean30303, shin, soup, stathx, Steve Lira, stupiddrew9, The Texan, zenith
Lamar__GA, anthonys00, Armadillo, Ava, AyjAy011, Chicago Geographer, Flame, FlyingBro, IGotSap, Ivan, JayVerti, Jet, Jo™, Kai, Littleduck, MKA, muskox, Norton, nuclear ocelot, OKobern, oracle-of-naivete, Paris_Labrador, Pencil Vulture, phosphophyllite, Piglee, Popeetoes, Radians, Radu, Sean30303, shin, soup, stathx, stupiddrew9, The Texan, Tumnus, Urbanindy
Spalding__GA, anthonys00, Armadillo, Ava, AyjAy011, Chicago Geographer, Flame, FlyingBro, IGotSap, Ivan, JayVerti, Jet, Jo™, Kai, Littleduck, MKA, muskox, Norton, nuclear ocelot, OKobern, oracle-of-naivete, Paris_Labrador, Pencil Vulture, phosphophyllite, Piglee, Popeetoes, Radians, Radu, Sean30303, shin, soup, stathx, stupiddrew9, Tumnus, zenith
Escambia__FL, anthonys00, Armadillo, Ava, crownedkinggame, GeoGamr🇺🇦, IGotSap, jaydoo909, Jet, jogwi, KlutchEZ, MKA, mobambachloride, nuclear ocelot, OceanMan, OKobern, oracle-of-naivete, phosphophyllite, Piglee, Popeetoes, Radians, Sean30303, sheepie, shin, stathx, stupiddrew9, The Texan, Tumnus, zenith
Hamilton__FL, anthonys00, Armadillo, Ava, AyjAy011, Chicago Geographer, Flame, GeoGamr🇺🇦, hateornges, IGotSap, Ivan, Kai, kp, MKA, mobambachloride, muskox, Norton, nuclear ocelot, oracle-of-naivete, Paris_Labrador, Radu, Sean30303, shin, soup, stathx, Steve Lira, The Texan, zenith
Columbia__FL, anthonys00, arija, Armadillo, Ava, AyjAy011, Chicago Geographer, dfshapir, Flame, GeoGamr🇺🇦, hateornges, IGotSap, Ivan, jaydoo909, Jet, jogwi, Kai, KlutchEZ, kp, MKA, mobambachloride, muskox, Norton, nuclear ocelot, OceanMan, OKobern, oracle-of-naivete, Paris_Labrador, Piglee, Popeetoes, Radians, Radu, Sean30303, shin, soup, stathx, Steve Lira, stupiddrew9, The Texan, voltaicwaffles, zenith
Suwannee__FL, anthonys00, arija, Armadillo, Ava, AyjAy011, Chicago Geographer, dfshapir, Flame, GeoGamr🇺🇦, hateornges, IGotSap, Ivan, jaydoo909, Jet, jogwi, Kai, KlutchEZ, kp, MKA, mobambachloride, muskox, Norton, nuclear ocelot, OceanMan, OKobern, oracle-of-naivete, Paris_Labrador, Piglee, Popeetoes, Radians, Radu, Sean30303, shin, soup, stathx, stupiddrew9, The Texan, zenith
Alachua__FL, anthonys00, arija, Armadillo, Ava, AyjAy011, Chicago Geographer, dfshapir, fladnag, Flame, GeoGamr🇺🇦, hateornges, IGotSap, Ivan, jaydoo909, Jet, jogwi, Kai, KlutchEZ, kp, MKA, muskox, Norton, nuclear ocelot, OceanMan, OKobern, oracle-of-naivete, Paris_Labrador, Radu, Sean30303, shin, soup, stathx, stephner, Steve Lira, stupiddrew9, The Texan, voltaicwaffles, zenith
Marion__FL, anthonys00, arija, Armadillo, Ava, AyjAy011, Chicago Geographer, dfshapir, fladnag, Flame, GeoGamr🇺🇦, hateornges, IGotSap, Ivan, jaydoo909, Jet, jogwi, Kai, KlutchEZ, kp, MKA, muskox, Norton, nuclear ocelot, OceanMan, OKobern, oracle-of-naivete, Paris_Labrador, Radu, Sean30303, shin, soup, stephner, Steve Lira, stupiddrew9, The Texan, voltaicwaffles, zenith
Sumter__FL, anthonys00, arija, Armadillo, Ava, AyjAy011, Chicago Geographer, De Martian, dfshapir, fladnag, Flame, GeoGamr🇺🇦, hateornges, IGotSap, Ivan, jaydoo909, Jet, jogwi, Kai, kp, MKA, muskox, Norton, nuclear ocelot, OceanMan, OKobern, oracle-of-naivete, Paris_Labrador, Radu, Sean30303, shin, soup, stephner, Steve Lira, stupiddrew9, The Texan, voltaicwaffles
Lake__FL, anthonys00, arija, Armadillo, Ava, AyjAy011, Chicago Geographer, chirpn, De Martian, dfshapir, Flame, GeoGamr🇺🇦, IGotSap, jaydoo909, Jet, Kai, KlutchEZ, kp, MKA, muskox, nuclear ocelot, OKobern, Radu, Sean30303, shin, soup, Steve Lira, stupiddrew9, The Texan, voltaicwaffles
Osceola__FL, anthonys00, Apollobo, Arctic Tern, arija, Armadillo, Ava, AyjAy011, Bean, Bvarium, Cedar, chirpn, corndog, DasSchnootz, dfshapir, Diamond Armor Steve, EJ'sEmpire, flaber, Flame, GeoGamr🇺🇦, hateornges, IGotSap, jaydoo909, JayVerti, Jet, Jo™, kp, MKA, mobambachloride, muskox, nuclear ocelot, OKobern, Paris_Labrador, Patxepi, Pendulous, Radu, sagittarius998, shin, soup, stephner, Steve Lira, stupiddrew9, TheScooterBuskie, TommyTheMet, train, Tumnus, UCLA_Jesus, Urbanindy, voltaicwaffles, VS4GdqaYdYYrmBIMj1ab, wyatt
Brevard__FL, anthonys00, arija, Ava, AyjAy011, Chicago Geographer, DasSchnootz, De Martian, dfshapir, Diamond Armor Steve, Flame, GeoGamr🇺🇦, jaydoo909, Jet, jogwi, Jo™, Kai, MKA, mobambachloride, nuclear ocelot, OceanMan, OKobern, oracle-of-naivete, Pencil Vulture, qazplm500, Radu, shin, soup, TheScooterBuskie, Tumnus
Hillsborough__FL, anthonys00, Apollobo, Arctic Tern, arija, Ava, AyjAy011, Bean, Bvarium, Cedar, DasSchnootz, De Martian, dfshapir, Diamond Armor Steve, EJ'sEmpire, fladnag, Flame, Geo, GeoGamr🇺🇦, hateornges, IGotSap, Ivan, jaydoo909, Jet, jogwi, Kiribati, kp, MKA, mobambachloride, Norton, nuclear ocelot, OceanMan, OKobern, oracle-of-naivete, Paris_Labrador, Patxepi, Radu, Sean30303, shin, soup, stephner, Steve Lira, stupiddrew9, Tumnus, Urbanindy, voltaicwaffles
Pinellas__FL, anthonys00, Apollobo, arija, Ava, AyjAy011, Cedar, De Martian, dfshapir, Diamond Armor Steve, EJ'sEmpire, fladnag, Flame, GeoGamr🇺🇦, hateornges, Ivan, jaydoo909, MKA, mobambachloride, nuclear ocelot, OKobern, Paris_Labrador, Patxepi, Sean30303, shin, soup, stephner, Tumnus, Urbanindy, voltaicwaffles
Miami_Dade__FL, anthonys00, Arctic Tern, Ava, AyjAy011, Cascadia, Cedar, chirpn, chupoxag, dfshapir, Diamond Armor Steve, flaber, Flame, JayVerti, jogwi, Jo™, MKA, mobambachloride, Norton, nuclear ocelot, OceanMan, OKobern, oracle-of-naivete, Paris_Labrador, Pencil Vulture, Radu, sagittarius998, Sean30303, shin, stathx, Steve Lira, stupiddrew9, TheScooterBuskie, UCLA_Jesus
Monroe__FL, anthonys00, Arctic Tern, Ava, AyjAy011, Cascadia, chirpn, chupoxag, dfshapir, Diamond Armor Steve, flaber, MKA, mobambachloride, Norton, nuclear ocelot, OceanMan, OKobern, oracle-of-naivete, Paris_Labrador, Pencil Vulture, Radu, sagittarius998, Sean30303, shin, stathx, Steve Lira, stupiddrew9, TheScooterBuskie
Collier__FL, anthonys00, Ava, chirpn, DasSchnootz, De Martian, Diamond Armor Steve, flaber, GeoGamr🇺🇦, jogwi, MKA, Norton, nuclear ocelot, OceanMan, oracle-of-naivete, Paris_Labrador, shin, stupiddrew9, TommyTheMet, UCLA_Jesus, Urbanindy
Lee__FL, anthonys00, Arctic Tern, Ava, chirpn, DasSchnootz, De Martian, dfshapir, Diamond Armor Steve, GeoGamr🇺🇦, ineedaface, jogwi, MKA, Norton, nuclear ocelot, OceanMan, oracle-of-naivete, Paris_Labrador, Patxepi, shin, stupiddrew9, TommyTheMet, Urbanindy
Broward__FL, anthonys00, Arctic Tern, Ava, Cascadia, chirpn, chupoxag, De Martian, dfshapir, Diamond Armor Steve, EJ'sEmpire, flaber, Flame, GeoGamr🇺🇦, JayVerti, jogwi, Kai, kp, MKA, nuclear ocelot, OceanMan, OKobern, oracle-of-naivete, Paris_Labrador, Patxepi, Radu, sagittarius998, sheepie, shin, soup, Steve Lira, stupiddrew9, TheScooterBuskie, TommyTheMet, UCLA_Jesus, Urbanindy
Palm_Beach__FL, anthonys00, Arctic Tern, arija, Ava, Cedar, dfshapir, Diamond Armor Steve, EJ'sEmpire, flaber, Flame, GeoGamr🇺🇦, JayVerti, jogwi, MKA, nuclear ocelot, OceanMan, OKobern, oracle-of-naivete, Paris_Labrador, Patxepi, Radu, sagittarius998, shin, soup, stephner, stupiddrew9, Tumnus, UCLA_Jesus
Martin__FL, anthonys00, Arctic Tern, arija, Ava, Diamond Armor Steve, EJ'sEmpire, Flame, GeoGamr🇺🇦, hateornges, JayVerti, jogwi, MKA, nuclear ocelot, OceanMan, OKobern, oracle-of-naivete, Paris_Labrador, Radu, sagittarius998, shin, soup, stephner, stupiddrew9, Tumnus, UCLA_Jesus
St__Lucie__FL, anthonys00, arija, Ava, Diamond Armor Steve, EJ'sEmpire, Flame, GeoGamr🇺🇦, hateornges, jogwi, MKA, nuclear ocelot, OceanMan, OKobern, oracle-of-naivete, Paris_Labrador, Radu, sagittarius998, shin, soup, stephner, stupiddrew9, Tumnus
Indian_River__FL, anthonys00, arija, Ava, Diamond Armor Steve, EJ'sEmpire, Flame, GeoGamr🇺🇦, hateornges, jogwi, MKA, nuclear ocelot, OceanMan, OKobern, oracle-of-naivete, Paris_Labrador, Radu, sagittarius998, shin, soup, stephner, stupiddrew9, Tumnus
Volusia__FL, anthonys00, arija, Ava, Bubba, chirpn, crownedkinggame, dfshapir, Diamond Armor Steve, EnzoDragon1, fladnag, Flame, GeoGamr🇺🇦, hateornges, IGotSap, jaydoo909, Jet, jogwi, Kai, kp, MKA, mobambachloride, muskox, Norton, nuclear ocelot, OceanMan, OKobern, oracle-of-naivete, Patxepi, Radu, sagittarius998, shin, soup, Steve Lira, stupiddrew9, TheScooterBuskie, TommyTheMet, voltaicwaffles, zenith
Rankin__MS, anthonys00, Armadillo, Ava, Cascadia, Chicago Geographer, chirpn, DasSchnootz, EnzoDragon1, GeoGamr🇺🇦, IGotSap, jaydoo909, Jet, jogwi, lostmyballs, OKobern, Pendulous, Sean30303, sheepie, shin, stupiddrew9, voltaicwaffles, zenith
Hinds__MS, anthonys00, Armadillo, Ava, Cascadia, Chicago Geographer, chirpn, chupoxag, DasSchnootz, EnzoDragon1, GeoGamr🇺🇦, hateornges, IGotSap, jaydoo909, Jet, jogwi, lostmyballs, OKobern, Pendulous, Sean30303, sheepie, shin, Steve Lira, stupiddrew9, The Texan, voltaicwaffles, zenith
Jefferson__LA, anthonys00, Armadillo, Ava, Chicago Geographer, chupoxag, crownedkinggame, DasSchnootz, De Martian, dfshapir, Diamond Armor Steve, FlyingBro, GeoGamr🇺🇦, jaydoo909, Jet, jogwi, Kai, KlutchEZ, kp, MKA, mobambachloride, OceanMan, OKobern, oracle-of-naivete, Pendulous, Popeetoes, Radians, sagittarius998, Sean30303, shin, stathx, Steve Lira, TommyTheMet, Urbanindy, VS4GdqaYdYYrmBIMj1ab, zenith
Orleans__LA, anthonys00, Armadillo, Ava, Chicago Geographer, chupoxag, crownedkinggame, DasSchnootz, De Martian, dfshapir, Diamond Armor Steve, FlyingBro, GeoGamr🇺🇦, hateornges, IGotSap, jaydoo909, Jet, jogwi, Kai, KlutchEZ, kp, MKA, mobambachloride, OceanMan, OKobern, oracle-of-naivete, Pendulous, phosphophyllite, Popeetoes, Radians, sagittarius998, Sean30303, shin, stathx, Steve Lira, stupiddrew9, The Texan, TommyTheMet, Urbanindy, VS4GdqaYdYYrmBIMj1ab, zenith
Anchorage__AK, anthonys00, Banana Peel Seal, chirpn, De Martian, FlyingBro, gurf, Jet, jogwi, MKA, OceanMan, Radians, Steve Lira
Chugach__AK, anthonys00, chirpn, Jet, jogwi, MKA, Radians
Kenai_Peninsula__AK, anthonys00, chirpn, FlyingBro, gurf, jogwi, Radians, Steve Lira
Matanuska_Susitna__AK, anthonys00, Banana Peel Seal, chirpn, De Martian, FlyingBro, gurf, Jet, jogwi, OceanMan, Radians, Steve Lira
Denali__AK, anthonys00, Banana Peel Seal, chirpn, De Martian, FlyingBro, Jet, jogwi, lostmyballs, Radians
Sitka__AK, anthonys00, bam, chirpn, dfshapir, EJ'sEmpire, OKobern, oracle-of-naivete, Paris_Labrador, Radians, stathx
Juneau__AK, anthonys00, bam, chirpn, dfshapir, EJ'sEmpire, gurf, Jet, MKA, OKobern, oracle-of-naivete, Paris_Labrador, Radians, stathx, Steve Lira, The Texan, Tumnus
Ketchikan_Gateway__AK, anthonys00, bam, chirpn, dfshapir, EJ'sEmpire, gurf, Jet, MKA, OKobern, Paris_Labrador, Radians, shin, stathx, The Texan
Del_Norte__CA, anthonys00, Arctic Tern, Ava, bam, Cascadia, De Martian, gurf, jogwi, Kai, lostmyballs, MKA, nuclear ocelot, OceanMan, OKobern, Pencil Vulture, Pendulous, sheepie, sunnysideup, Tumnus
Curry__OR, anthonys00, bam, Cascadia, De Martian, gurf, jogwi, Kai, lostmyballs, MKA, OceanMan, OKobern, Pendulous, sheepie, sunnysideup, Tumnus
Coos__OR, anthonys00, Cascadia, De Martian, gurf, jogwi, Kai, lostmyballs, MKA, OceanMan, Pendulous, sheepie, sunnysideup, Tumnus
Lincoln__OR, anthonys00, Cascadia, gurf, jogwi, lostmyballs, MKA, OceanMan, OKobern, Pencil Vulture, Pendulous, Sean30303, sheepie, stathx, sunnysideup, The Texan, TheScooterBuskie, Tumnus, UCLA_Jesus
Tillamook__OR, anthonys00, Armadillo, bam, Cascadia, Chicago Geographer, corndog, dfshapir, gurf, jogwi, lostmyballs, MKA, mobambachloride, OceanMan, OKobern, Pencil Vulture, Pendulous, Sean30303, sheepie, stathx, sunnysideup, The Texan, TheScooterBuskie, Tumnus, UCLA_Jesus, voltaicwaffles
Clatsop__OR, anthonys00, arija, bam, Cascadia, Chicago Geographer, corndog, dfshapir, gurf, lostmyballs, MKA, mobambachloride, OceanMan, OKobern, Pencil Vulture, Pendulous, Sean30303, sheepie, shin, sunnysideup, The Texan, TheScooterBuskie, Tumnus
Columbia__OR, anthonys00, arija, bam, Cascadia, Chicago Geographer, corndog, dfshapir, gurf, OceanMan, OKobern, Pencil Vulture, sheepie, shin, sunnysideup, wyatt
Pierce__WA, anthonys00, Arctic Tern, arija, Armadillo, Ava, bam, Banana Peel Seal, Bvarium, Cascadia, Chicago Geographer, chirpn, chupoxag, De Martian, dfshapir, fladnag, FlyingBro, gurf, hateornges, jogwi, MKA, mobambachloride, nuclear ocelot, OceanMan, OKobern, oracle-of-naivete, Pencil Vulture, Pendulous, qazplm500, Radians, Redoct878, Sean30303, sheepie, shin, sunnysideup, The Texan, TheScooterBuskie, Tumnus, wyatt
La_Plata__CO, anthonys00, AyjAy011, Chicago Geographer, dfshapir, GeoGamr🇺🇦, gurf, jaydoo909, Jet, jogwi, Knight, lostmyballs, OceanMan, OKobern, oracle-of-naivete, Popeetoes, Sean30303, sheepie, shin, stathx, Steve Lira, The Texan, UCLA_Jesus, zenith
Archuleta__CO, anthonys00, AyjAy011, Chicago Geographer, dfshapir, jaydoo909, jogwi, lostmyballs, OceanMan, OKobern, Popeetoes, Sean30303, sheepie, shin, stathx, Steve Lira, The Texan, zenith
Mineral__CO, anthonys00, AyjAy011, Chicago Geographer, dfshapir, jaydoo909, jogwi, muskox, OceanMan, OKobern, Sean30303, sheepie, shin, stathx, Steve Lira, zenith
Rio_Grande__CO, anthonys00, AyjAy011, Cascadia, Chicago Geographer, dfshapir, jaydoo909, jogwi, muskox, OceanMan, OKobern, Sean30303, sheepie, shin, stathx, Steve Lira, zenith
Costilla__CO, anthonys00, AyjAy011, Cascadia, Chicago Geographer, dfshapir, fladnag, jaydoo909, jogwi, MKA, OKobern, phosphophyllite, Sean30303, sheepie, shin, stathx, The Texan, VS4GdqaYdYYrmBIMj1ab
Huerfano__CO, anthonys00, Apollobo, AyjAy011, Cascadia, Chicago Geographer, dfshapir, fladnag, FlyingBro, Geo, GeoGamr🇺🇦, jaydoo909, Jet, jogwi, Jo™, MKA, muskox, OKobern, phosphophyllite, qazplm500, Sean30303, sheepie, shin, stathx, Steve Lira, The Texan, Tumnus, VS4GdqaYdYYrmBIMj1ab, zenith
Morgan__CO, anthonys00, Armadillo, AyjAy011, Banana Peel Seal, Bvarium, Cascadia, Chicago Geographer, corndog, DasSchnootz, EJ'sEmpire, fladnag, Flame, Jo™, Kiribati, muskox, OKobern, Patxepi, Pendulous, Sean30303, sheepie, shin, stathx, Steve Lira, stupiddrew9, Tumnus, voltaicwaffles, WizardGrape, zenith
Washington__CO, anthonys00, Armadillo, AyjAy011, Banana Peel Seal, Bvarium, Cascadia, Chicago Geographer, DasSchnootz, EJ'sEmpire, fladnag, Flame, Jo™, Kiribati, muskox, OKobern, Pendulous, Sean30303, sheepie, shin, stathx, Steve Lira, stupiddrew9, Tumnus, voltaicwaffles, zenith
Logan__CO, anthonys00, Armadillo, AyjAy011, Bvarium, Chicago Geographer, corndog, DasSchnootz, EJ'sEmpire, Flame, Jo™, Kiribati, muskox, OKobern, Patxepi, Pendulous, Sean30303, sheepie, shin, stathx, Steve Lira, Tumnus, voltaicwaffles, WizardGrape, zenith
Hall__NE, anthonys00, Apollobo, Armadillo, AyjAy011, Bvarium, Chicago Geographer, corndog, DasSchnootz, dfshapir, EJ'sEmpire, Flame, jogwi, Kai, Kiribati, lostmyballs, OceanMan, OKobern, Pendulous, Radians, Sean30303, sheepie, stathx, Steve Lira, TommyTheMet, Tumnus, voltaicwaffles, WizardGrape, zenith
Hamilton__NE, anthonys00, Apollobo, Armadillo, AyjAy011, Bvarium, Chicago Geographer, corndog, DasSchnootz, dfshapir, EJ'sEmpire, Flame, jogwi, Kai, Kiribati, lostmyballs, OceanMan, OKobern, Pendulous, Radians, Sean30303, sheepie, stathx, Steve Lira, Tumnus, voltaicwaffles, WizardGrape, zenith
York__NE, anthonys00, Apollobo, Armadillo, AyjAy011, Bvarium, Chicago Geographer, corndog, DasSchnootz, dfshapir, EJ'sEmpire, Flame, jogwi, Kai, Kiribati, kp, lostmyballs, OceanMan, OKobern, Pendulous, Radians, Sean30303, sheepie, stathx, Steve Lira, Tumnus, voltaicwaffles, WizardGrape, zenith
Seward__NE, anthonys00, Apollobo, Armadillo, AyjAy011, Bvarium, Chicago Geographer, corndog, DasSchnootz, dfshapir, EJ'sEmpire, Flame, jogwi, Kai, Kiribati, kp, lostmyballs, OceanMan, OKobern, Pendulous, Radians, Sean30303, sheepie, stathx, Steve Lira, Tumnus, voltaicwaffles, WizardGrape, zenith
Lancaster__NE, anthonys00, Apollobo, Armadillo, AyjAy011, Banana Peel Seal, Bvarium, Chicago Geographer, corndog, DasSchnootz, dfshapir, EJ'sEmpire, fladnag, Flame, Geo, jogwi, Kai, Kiribati, kp, lostmyballs, OceanMan, OKobern, Pendulous, Radians, Sean30303, sheepie, shin, stathx, Steve Lira, stupiddrew9, Tumnus, voltaicwaffles, VS4GdqaYdYYrmBIMj1ab, WizardGrape, zenith
Cass__NE, anthonys00, Apollobo, Armadillo, AyjAy011, Banana Peel Seal, Bvarium, Chicago Geographer, corndog, DasSchnootz, dfshapir, EJ'sEmpire, fladnag, Flame, Geo, Kiribati, kp, OceanMan, OKobern, Pendulous, Radians, Sean30303, sheepie, stathx, Steve Lira, stupiddrew9, TommyTheMet, Tumnus, voltaicwaffles, VS4GdqaYdYYrmBIMj1ab, WizardGrape, zenith
Sarpy__NE, anthonys00, Apollobo, Armadillo, AyjAy011, Banana Peel Seal, Bvarium, Chicago Geographer, corndog, DasSchnootz, dfshapir, EJ'sEmpire, fladnag, Flame, Geo, IGotSap, Kiribati, kp, OceanMan, OKobern, Pendulous, Radians, Sean30303, sheepie, stathx, Steve Lira, stupiddrew9, TommyTheMet, Tumnus, voltaicwaffles, VS4GdqaYdYYrmBIMj1ab, WizardGrape, zenith
Cass__IA, anthonys00, Apollobo, Armadillo, AyjAy011, Chicago Geographer, DasSchnootz, dfshapir, EnzoDragon1, Flame, Kiribati, OceanMan, Pendulous, Radians, Sean30303, sheepie, Steve Lira, Tumnus, voltaicwaffles, WizardGrape, zenith
Adair__IA, anthonys00, Apollobo, Armadillo, AyjAy011, Chicago Geographer, DasSchnootz, EnzoDragon1, Flame, Kiribati, OceanMan, Pendulous, Radians, Sean30303, sheepie, Steve Lira, Tumnus, voltaicwaffles, WizardGrape, zenith
Madison__IA, anthonys00, Apollobo, Armadillo, AyjAy011, Chicago Geographer, corndog, DasSchnootz, EnzoDragon1, Flame, Kiribati, muskox, OceanMan, Pendulous, qazplm500, Radians, Sean30303, sheepie, shin, Steve Lira, Tumnus, voltaicwaffles, WizardGrape, zenith
Dallas__IA, anthonys00, Apollobo, Armadillo, AyjAy011, Chicago Geographer, corndog, DasSchnootz, EnzoDragon1, Flame, Kiribati, muskox, OceanMan, Pendulous, qazplm500, Radians, Sean30303, sheepie, shin, Steve Lira, Tumnus, voltaicwaffles, WizardGrape, zenith
Story__IA, anthonys00, Apollobo, AyjAy011, Bradinator, Chicago Geographer, corndog, dfshapir, Flame, Kai, mobambachloride, muskox, qazplm500, Radians, sheepie, shin, The Texan, Tumnus, user1115, WizardGrape, zenith
Hamilton__IA, anthonys00, AyjAy011, Bradinator, Chicago Geographer, corndog, dfshapir, jogwi, Kai, mobambachloride, muskox, qazplm500, Radians, Sean30303, sheepie, shin, TommyTheMet, Tumnus, user1115, voltaicwaffles, WizardGrape, zenith
Wright__IA, anthonys00, AyjAy011, Bradinator, corndog, dfshapir, Kai, muskox, qazplm500, Radians, sheepie, shin, Tumnus, user1115, WizardGrape, zenith
Franklin__IA, anthonys00, AyjAy011, Bradinator, corndog, dfshapir, Kai, muskox, qazplm500, Radians, sheepie, Tumnus, user1115, WizardGrape, zenith
Cerro_Gordo__IA, anthonys00, AyjAy011, Bradinator, Bvarium, corndog, De Martian, dfshapir, Kai, muskox, OceanMan, qazplm500, Radians, sheepie, shin, Tumnus, user1115, voltaicwaffles, WizardGrape, zenith
Worth__IA, anthonys00, AyjAy011, Bradinator, Bvarium, corndog, De Martian, dfshapir, Kai, muskox, OceanMan, qazplm500, Radians, sheepie, shin, Tumnus, user1115, voltaicwaffles, WizardGrape, zenith
Floyd__IA, anthonys00, AyjAy011, Bvarium, De Martian, dfshapir, muskox, OceanMan, qazplm500, Radians, sheepie, shin, voltaicwaffles, WizardGrape
Chickasaw__IA, anthonys00, AyjAy011, Bradinator, Bvarium, De Martian, dfshapir, muskox, OceanMan, qazplm500, Radians, sheepie, shin, voltaicwaffles, WizardGrape
Bremer__IA, anthonys00, AyjAy011, Bradinator, Bvarium, De Martian, dfshapir, qazplm500, Radians, sheepie, shin, voltaicwaffles, WizardGrape
Black_Hawk__IA, anthonys00, AyjAy011, Bradinator, Bvarium, Chicago Geographer, De Martian, dfshapir, jogwi, qazplm500, Radians, Sean30303, sheepie, shin, TommyTheMet, voltaicwaffles, WizardGrape, zenith
Buchanan__IA, anthonys00, AyjAy011, Bradinator, Bvarium, Chicago Geographer, De Martian, dfshapir, jogwi, qazplm500, Radians, Sean30303, sheepie, shin, TommyTheMet, voltaicwaffles, WizardGrape, zenith
Benton__IA, anthonys00, Apollobo, AyjAy011, Bradinator, Bvarium, Chicago Geographer, dfshapir, Flame, jogwi, qazplm500, Radians, sheepie, shin, The Texan, TommyTheMet, voltaicwaffles, WizardGrape
Linn__IA, anthonys00, Apollobo, AyjAy011, Bradinator, Bvarium, Chicago Geographer, DasSchnootz, dfshapir, Flame, Geo, jogwi, Kai, Kiribati, mobambachloride, qazplm500, Radians, sheepie, shin, The Texan, TommyTheMet, voltaicwaffles, WizardGrape
Washington__IA, anthonys00, AyjAy011, dfshapir, Kai, qazplm500, Radians, sheepie, shin, WizardGrape
Henry__IA, anthonys00, AyjAy011, Banana Peel Seal, dfshapir, fladnag, Kai, qazplm500, Radians, sheepie, shin, Steve Lira, stupiddrew9, voltaicwaffles, WizardGrape
Lee__IA, anthonys00, AyjAy011, dfshapir, Kai, Norton, qazplm500, Radians, sheepie, shin, WizardGrape
Lewis__MO, anthonys00, AyjAy011, dfshapir, Kai, qazplm500, sheepie, shin, stupiddrew9, WizardGrape
Clark__MO, anthonys00, AyjAy011, dfshapir, Kai, Norton, qazplm500, sheepie, shin, stupiddrew9, WizardGrape
Marion__MO, anthonys00, AyjAy011, Chicago Geographer, dfshapir, fbmdf1821, jogwi, Kai, lostmyballs, qazplm500, Radians, Sean30303, sheepie, shin, stathx, stupiddrew9, The Texan, voltaicwaffles, WizardGrape
Jefferson__KY, anthonys00, Armadillo, AyjAy011, Bvarium, Cedar, Chicago Geographer, crownedkinggame, DasSchnootz, dfshapir, Diamond Armor Steve, EnzoDragon1, fbmdf1821, fladnag, Flame, hateornges, Ivan, jaydoo909, Jet, jogwi, KlutchEZ, kp, Littleduck, mobambachloride, muskox, Norton, OKobern, Paris_Labrador, Pendulous, phosphophyllite, Popeetoes, Radians, Sean30303, shin, stathx, stephner, Steve Lira, stupiddrew9, Tumnus, Urbanindy, voltaicwaffles, WizardGrape, zenith
Bullitt__KY, anthonys00, Armadillo, AyjAy011, Bvarium, Cedar, Chicago Geographer, DasSchnootz, dfshapir, Diamond Armor Steve, fbmdf1821, fladnag, Flame, hateornges, Ivan, jaydoo909, Jet, jogwi, KlutchEZ, kp, Littleduck, mobambachloride, Norton, Paris_Labrador, Pendulous, phosphophyllite, Popeetoes, Sean30303, shin, Steve Lira, stupiddrew9, Urbanindy, voltaicwaffles, zenith
Hardin__KY, anthonys00, Armadillo, AyjAy011, Bvarium, Cedar, Chicago Geographer, DasSchnootz, dfshapir, Diamond Armor Steve, fbmdf1821, fladnag, Flame, hateornges, Ivan, jaydoo909, Jet, jogwi, KlutchEZ, kp, Littleduck, mobambachloride, Norton, OKobern, Paris_Labrador, Pendulous, phosphophyllite, Popeetoes, Sean30303, sheepie, shin, Steve Lira, stupiddrew9, Urbanindy, voltaicwaffles, zenith
Hart__KY, anthonys00, Armadillo, AyjAy011, Bvarium, Cedar, Chicago Geographer, DasSchnootz, Diamond Armor Steve, fbmdf1821, fladnag, Flame, hateornges, Ivan, jaydoo909, Jet, jogwi, KlutchEZ, kp, Littleduck, mobambachloride, Norton, OKobern, Paris_Labrador, Patxepi, Pendulous, Popeetoes, Sean30303, sheepie, shin, Steve Lira, stupiddrew9, Urbanindy, voltaicwaffles, zenith
Larue__KY, anthonys00, Armadillo, AyjAy011, Cedar, Chicago Geographer, dfshapir, Diamond Armor Steve, fladnag, Flame, jaydoo909, Jet, KlutchEZ, kp, Littleduck, mobambachloride, Norton, Paris_Labrador, Pendulous, Urbanindy, zenith
Barren__KY, anthonys00, Arctic Tern, Armadillo, AyjAy011, Bvarium, Cascadia, Cedar, Chicago Geographer, dfshapir, Diamond Armor Steve, fbmdf1821, fladnag, Flame, hateornges, Ivan, jaydoo909, Jet, jogwi, KlutchEZ, kp, Littleduck, mobambachloride, Norton, OKobern, Paris_Labrador, Patxepi, Pendulous, Popeetoes, Radu, Sean30303, sheepie, shin, stupiddrew9, Urbanindy, voltaicwaffles, zenith
Edmonson__KY, anthonys00, Arctic Tern, Armadillo, AyjAy011, Bvarium, Cascadia, Cedar, Chicago Geographer, DasSchnootz, dfshapir, Diamond Armor Steve, fbmdf1821, fladnag, Flame, GeoGamr🇺🇦, hateornges, Ivan, jaydoo909, Jet, jogwi, KlutchEZ, kp, Littleduck, Norton, OKobern, Paris_Labrador, Patxepi, Pendulous, Popeetoes, Radu, Sean30303, sheepie, shin, Steve Lira, stupiddrew9, Urbanindy, voltaicwaffles, zenith
Sevier__TN, anthonys00, Arctic Tern, Armadillo, Bvarium, Cascadia, Chicago Geographer, chirpn, corndog, crownedkinggame, DasSchnootz, dfshapir, fbmdf1821, flaber, fladnag, Flame, FlyingBro, GeoGamr🇺🇦, jaydoo909, Jet, jogwi, kp, lostmyballs, MKA, mobambachloride, muskox, Norton, nuclear ocelot, OKobern, oracle-of-naivete, Patxepi, Pendulous, Radians, Radu, sagittarius998, sheepie, shin, soup, Steve Lira, stupiddrew9, TheScooterBuskie, Urbanindy, user1115, voltaicwaffles, WizardGrape, zenith
Swain__NC, anthonys00, Arctic Tern, Bvarium, chirpn, corndog, DasSchnootz, De Martian, dfshapir, Flame, jaydoo909, Jet, jogwi, lostmyballs, MKA, mobambachloride, nuclear ocelot, OKobern, oracle-of-naivete, Patxepi, Pendulous, Radu, sagittarius998, sheepie, shin, stupiddrew9, TheScooterBuskie, Urbanindy, user1115, voltaicwaffles, WizardGrape, zenith
Fairfield__CT, Apollobo, Arctic Tern, arija, Armadillo, AyjAy011, dfshapir, Diamond Armor Steve, FlyingBro, GeoGamr🇺🇦, hateornges, ineedaface, jogwi, Kai, mobambachloride, Norton, OceanMan, oracle-of-naivete, Pencil Vulture, Piglee, Popeetoes, Radians, sagittarius998, shin, stathx, TommyTheMet, UCLA_Jesus
New_Haven__CT, Apollobo, Arctic Tern, arija, Armadillo, AyjAy011, dfshapir, Diamond Armor Steve, FlyingBro, GeoGamr🇺🇦, hateornges, ineedaface, jogwi, Kai, mobambachloride, Norton, OceanMan, oracle-of-naivete, Pencil Vulture, Piglee, Popeetoes, Radians, sagittarius998, shin, stathx, TommyTheMet, UCLA_Jesus
Hartford__CT, Apollobo, Arctic Tern, arija, Armadillo, AyjAy011, dfshapir, Diamond Armor Steve, GeoGamr🇺🇦, ineedaface, oracle-of-naivete, Piglee, Popeetoes, Radians, sagittarius998, shin, stathx, TommyTheMet, train, UCLA_Jesus
Litchfield__CT, Apollobo, AyjAy011, Diamond Armor Steve, ineedaface, oracle-of-naivete, Popeetoes, sagittarius998, shin, stathx, TommyTheMet
Cheshire__NH, Apollobo, Chicago Geographer, dfshapir, EJ'sEmpire, EnzoDragon1, ineedaface, JayVerti, Knight, kp, nuclear ocelot, oracle-of-naivete, Patxepi, Radians, sagittarius998, shin, stathx, stephner, Tumnus, voltaicwaffles, wyatt, zenith
Adams__WI, Apollobo, AyjAy011, Bean, Bvarium, Chicago Geographer, corndog, DasSchnootz, Flame, Ivan, Kiribati, qazplm500, Radians, sheepie, Tumnus
Trempealeau__WI, Apollobo, arija, AyjAy011, Bradinator, Chicago Geographer, corndog, DasSchnootz, fladnag, jogwi, Kiribati, OceanMan, Paris_Labrador, Pendulous, qazplm500, Radians, Sean30303, sheepie, shin, Steve Lira, stupiddrew9, Tumnus, Urbanindy, voltaicwaffles, WizardGrape, zenith
Marquette__WI, Apollobo, AyjAy011, Bvarium, DasSchnootz, Flame, Kiribati, Patxepi, qazplm500, Radians, sagittarius998, Sean30303, sheepie, Tumnus, voltaicwaffles, WizardGrape
Waushara__WI, Apollobo, AyjAy011, Bvarium, DasSchnootz, Dimei, Flame, Kiribati, Patxepi, qazplm500, Radians, sagittarius998, Sean30303, sheepie, Tumnus, WizardGrape
Sheboygan__WI, Apollobo, Armadillo, AyjAy011, Bvarium, Cedar, Chicago Geographer, DasSchnootz, dfshapir, Ivan, jogwi, Kiribati, kp, Norton, qazplm500, Radians, Sean30303, sheepie
Manitowoc__WI, Apollobo, Armadillo, AyjAy011, Bvarium, Cedar, Chicago Geographer, DasSchnootz, dfshapir, Ivan, jogwi, Kiribati, kp, Norton, qazplm500, Radians, Sean30303, sheepie, voltaicwaffles
Door__WI, Apollobo, AyjAy011, Chicago Geographer, DasSchnootz, Ivan, jogwi, Kiribati, qazplm500, Radians, sheepie, Tumnus
Kewaunee__WI, Apollobo, AyjAy011, Bvarium, Chicago Geographer, DasSchnootz, Ivan, jogwi, Kiribati, qazplm500, Radians, Sean30303, sheepie, Tumnus
Walworth__WI, Apollobo, Ava, AyjAy011, Bradinator, Bvarium, Chicago Geographer, DasSchnootz, dfshapir, Dimei, Flame, gurf, Ivan, Kiribati, qazplm500, Radians, sagittarius998, Sean30303, sheepie, shin, stathx, voltaicwaffles, zenith
Grant__WI, Apollobo, Ava, AyjAy011, Bvarium, Chicago Geographer, DasSchnootz, dfshapir, Geo, gurf, Kai, Kiribati, kp, oracle-of-naivete, qazplm500, Radians, Sean30303, sheepie, shin, stathx, Urbanindy, voltaicwaffles, zenith
Dubuque__IA, Apollobo, Ava, AyjAy011, Bvarium, Chicago Geographer, DasSchnootz, De Martian, Flame, Geo, Kai, Kiribati, kp, OceanMan, qazplm500, Radians, Sean30303, sheepie, shin, stathx, Urbanindy, voltaicwaffles, WizardGrape, zenith
Iowa__WI, Apollobo, Ava, AyjAy011, Bvarium, Chicago Geographer, DasSchnootz, dfshapir, Geo, gurf, Kai, Kiribati, kp, OKobern, qazplm500, Radians, Sean30303, sheepie, shin, stathx, Urbanindy, voltaicwaffles
Galveston__TX, Apollobo, Ava, chirpn, dfshapir, EJ'sEmpire, fladnag, FlyingBro, Geo, gurf, hateornges, jaydoo909, Jet, KlutchEZ, MKA, muskox, Norton, OKobern, Pendulous, Popeetoes, Radians, shin, stathx, Steve Lira, stupiddrew9, The Texan, TheScooterBuskie
Harris__TX, Apollobo, Arctic Tern, Armadillo, Ava, Banana Peel Seal, Bvarium, Cascadia, chirpn, De Martian, dfshapir, EJ'sEmpire, fladnag, Flame, FlyingBro, Geo, GeoGamr🇺🇦, gurf, hateornges, jaydoo909, Jet, Kai, KlutchEZ, MKA, mobambachloride, muskox, Norton, OceanMan, OKobern, oracle-of-naivete, Pencil Vulture, Pendulous, Piglee, Popeetoes, Radians, Redoct878, sheepie, shin, stathx, stephner, Steve Lira, stupiddrew9, The Texan, TheScooterBuskie, Tumnus, voltaicwaffles, VS4GdqaYdYYrmBIMj1ab, zenith
Cattaraugus__NY, Apollobo, Arctic Tern, Chicago Geographer, Ivan, JayVerti, mobambachloride, Norton, nuclear ocelot, Patxepi, sagittarius998, Sean30303, sheepie, stathx, Urbanindy
Allegany__NY, Apollobo, Arctic Tern, Chicago Geographer, dfshapir, JayVerti, Norton, nuclear ocelot, qazplm500, sagittarius998, Sean30303, sheepie, stathx, Urbanindy
Schuyler__NY, Apollobo, bam, Chicago Geographer, dfshapir, flaber, JayVerti, mobambachloride, nuclear ocelot, phosphophyllite, qazplm500, sagittarius998, sheepie, shin, stathx, TommyTheMet
Tompkins__NY, Apollobo, Arctic Tern, bam, dfshapir, flaber, JayVerti, mobambachloride, Norton, nuclear ocelot, OceanMan, oracle-of-naivete, Patxepi, phosphophyllite, Radu, sagittarius998, sheepie, shin, stathx, TommyTheMet, voltaicwaffles, wyatt
Bradford__PA, Apollobo, bam, dfshapir, JayVerti, mobambachloride, nuclear ocelot, phosphophyllite, sagittarius998, Sean30303, sheepie, stathx, stephner, TommyTheMet, Urbanindy
Pepin__WI, Apollobo, AyjAy011, Bradinator, fladnag, muskox, qazplm500, Radians, sheepie, shin, voltaicwaffles
Buffalo__WI, Apollobo, Ava, AyjAy011, Bradinator, Chicago Geographer, fladnag, muskox, qazplm500, Radians, sheepie, shin, Tumnus, voltaicwaffles, WizardGrape
Richland__SC, Apollobo, Arctic Tern, arija, Armadillo, Ava, Bvarium, Cascadia, Chicago Geographer, chirpn, crownedkinggame, dfshapir, fladnag, FlyingBro, GeoGamr🇺🇦, Jet, jogwi, Jo™, kp, lostmyballs, MKA, mobambachloride, muskox, Norton, nuclear ocelot, oracle-of-naivete, Radians, Radu, shin, soup, Steve Lira, stupiddrew9, TommyTheMet, Tumnus, Urbanindy, user1115, voltaicwaffles, zenith
Lexington__SC, Apollobo, Arctic Tern, arija, Armadillo, Ava, Bvarium, Cascadia, Chicago Geographer, chirpn, crownedkinggame, dfshapir, fladnag, FlyingBro, GeoGamr🇺🇦, Jet, jogwi, Jo™, kp, lostmyballs, MKA, mobambachloride, muskox, Norton, nuclear ocelot, Radu, shin, soup, stupiddrew9, TommyTheMet, Tumnus, Urbanindy, user1115, voltaicwaffles, zenith
Aiken__SC, Apollobo, Arctic Tern, Armadillo, Ava, Cascadia, chirpn, crownedkinggame, dfshapir, FlyingBro, GeoGamr🇺🇦, JayVerti, Jet, jogwi, Jo™, kp, mobambachloride, muskox, nuclear ocelot, Pencil Vulture, Radu, shin, soup, stupiddrew9, TommyTheMet, voltaicwaffles
Richmond__GA, Apollobo, Arctic Tern, Armadillo, Ava, Cascadia, chirpn, crownedkinggame, dfshapir, FlyingBro, GeoGamr🇺🇦, JayVerti, Jet, jogwi, Jo™, kp, mobambachloride, muskox, nuclear ocelot, Pencil Vulture, Radu, shin, soup, stupiddrew9, TommyTheMet, voltaicwaffles
York__SC, Apollobo, Arctic Tern, arija, Ava, Chicago Geographer, chirpn, crownedkinggame, Jet, lostmyballs, mobambachloride, muskox, nuclear ocelot, shin, soup, stupiddrew9, TommyTheMet, user1115, voltaicwaffles, wyatt, zenith
Chester__SC, Apollobo, Arctic Tern, arija, Ava, Chicago Geographer, chirpn, Jet, lostmyballs, mobambachloride, muskox, nuclear ocelot, shin, soup, TommyTheMet, user1115, voltaicwaffles, zenith
Fairfield__SC, Apollobo, arija, Ava, Chicago Geographer, chirpn, lostmyballs, mobambachloride, muskox, nuclear ocelot, shin, soup, TommyTheMet, user1115, voltaicwaffles, zenith
Calhoun__SC, Apollobo, arija, Ava, Bvarium, Cascadia, Chicago Geographer, dfshapir, fladnag, FlyingBro, Jet, jogwi, kp, MKA, muskox, Norton, nuclear ocelot, oracle-of-naivete, Radu, shin, soup, Steve Lira, stupiddrew9, TommyTheMet, Urbanindy, user1115, voltaicwaffles, zenith
Middlesex__CT, Apollobo, Arctic Tern, arija, Armadillo, dfshapir, FlyingBro, GeoGamr🇺🇦, hateornges, ineedaface, jogwi, mobambachloride, Norton, OceanMan, oracle-of-naivete, Pencil Vulture, Piglee, Popeetoes, Radians, sagittarius998, shin, stathx, TommyTheMet, UCLA_Jesus
Jo_Daviess__IL, Apollobo, Ava, AyjAy011, Bvarium, Chicago Geographer, DasSchnootz, De Martian, Ivan, nuclear ocelot, oracle-of-naivete, Pendulous, Sean30303, sheepie, shin, stathx, Urbanindy, voltaicwaffles, WizardGrape, zenith
Lafayette__WI, Apollobo, Ava, AyjAy011, Bvarium, Chicago Geographer, DasSchnootz, dfshapir, Kai, Kiribati, kp, oracle-of-naivete, qazplm500, Radians, Sean30303, sheepie, shin, stathx, Urbanindy, voltaicwaffles
Taylor__WI, Apollobo, AyjAy011, DasSchnootz, muskox, qazplm500, Radians, sheepie, shin, WizardGrape
Green_Lake__WI, Apollobo, AyjAy011, DasSchnootz, qazplm500, Radians, sheepie
Green__WI, Apollobo, Ava, AyjAy011, Bvarium, Chicago Geographer, DasSchnootz, dfshapir, Kiribati, qazplm500, Radians, Sean30303, sheepie, shin, stathx
Ozaukee__WI, Apollobo, Armadillo, Ava, AyjAy011, Bvarium, Cedar, Chicago Geographer, DasSchnootz, dfshapir, ineedaface, Ivan, jogwi, kp, Norton, qazplm500, Radians, Sean30303, sheepie
Calumet__WI, Apollobo, AyjAy011, Cedar, DasSchnootz, dfshapir, Ivan, qazplm500, Radians, sheepie, voltaicwaffles
Crawford__WI, Apollobo, Ava, AyjAy011, Bvarium, Chicago Geographer, DasSchnootz, dfshapir, gurf, Kiribati, OceanMan, oracle-of-naivete, qazplm500, Radians, Sean30303, sheepie, shin, voltaicwaffles, WizardGrape, zenith
Allamakee__IA, Apollobo, AyjAy011, Chicago Geographer, corndog, DasSchnootz, dfshapir, gurf, muskox, OceanMan, oracle-of-naivete, qazplm500, Radians, Sean30303, sheepie, shin, voltaicwaffles, WizardGrape, zenith
Clayton__IA, Apollobo, Chicago Geographer, corndog, DasSchnootz, dfshapir, gurf, muskox, OceanMan, oracle-of-naivete, qazplm500, Radians, Sean30303, sheepie, shin, voltaicwaffles, WizardGrape, zenith
Lincoln__WI, Apollobo, AyjAy011, Chicago Geographer, corndog, DasSchnootz, Dimei, Flame, Kiribati, Patxepi, qazplm500, Radians, sagittarius998, sheepie, Tumnus, Urbanindy, WizardGrape
Oneida__WI, Apollobo, AyjAy011, Chicago Geographer, corndog, DasSchnootz, Dimei, Flame, Kiribati, Patxepi, qazplm500, Radians, sheepie, Tumnus, Urbanindy, WizardGrape
Price__WI, Apollobo, AyjAy011, Chicago Geographer, DasSchnootz, Kiribati, muskox, qazplm500, Radians, sagittarius998, sheepie, shin, Tumnus, Urbanindy, WizardGrape
Houston__MN, Apollobo, AyjAy011, Bradinator, Bvarium, Chicago Geographer, corndog, DasSchnootz, gurf, Kiribati, MKA, muskox, OKobern, Popeetoes, qazplm500, sheepie, shin, Tumnus, voltaicwaffles, WizardGrape, zenith
Bayfield__WI, Apollobo, Arctic Tern, AyjAy011, Bradinator, Bvarium, Cedar, corndog, DasSchnootz, jogwi, OceanMan, qazplm500, Radians, sagittarius998, sheepie, stathx, Tumnus, Urbanindy, WizardGrape
Ashland__WI, Apollobo, Arctic Tern, AyjAy011, Bradinator, Bvarium, Cedar, corndog, DasSchnootz, jogwi, Kiribati, OceanMan, qazplm500, Radians, sagittarius998, sheepie, stathx, Tumnus, Urbanindy, WizardGrape
Sawyer__WI, Apollobo, AyjAy011, Bradinator, corndog, DasSchnootz, muskox, qazplm500, Radians, sagittarius998, sheepie, shin, Urbanindy, WizardGrape
Vermilion__IL, Apollobo, Armadillo, AyjAy011, Bvarium, Chicago Geographer, DasSchnootz, dfshapir, Flame, Ivan, jogwi, Littleduck, Norton, nuclear ocelot, Popeetoes, Radians, Sean30303, sheepie, shin, stathx, Steve Lira, stupiddrew9, The Texan, Urbanindy, voltaicwaffles, WizardGrape, zenith
Warren__IN, Apollobo, Armadillo, AyjAy011, Chicago Geographer, dfshapir, Flame, Littleduck, Norton, Pendulous, Sean30303, sheepie, shin, stathx, Steve Lira, The Texan, Urbanindy
Vermillion__IN, Apollobo, Armadillo, AyjAy011, Bvarium, Chicago Geographer, DasSchnootz, dfshapir, Flame, jogwi, Littleduck, Norton, Popeetoes, Radians, Sean30303, sheepie, shin, stathx, Steve Lira, stupiddrew9, The Texan, Urbanindy, voltaicwaffles, WizardGrape, zenith
Fountain__IN, Apollobo, Armadillo, AyjAy011, Bvarium, Chicago Geographer, DasSchnootz, dfshapir, Flame, jogwi, Littleduck, Norton, Pendulous, Popeetoes, Radians, sheepie, shin, stathx, Steve Lira, The Texan, Urbanindy, voltaicwaffles, WizardGrape, zenith
Montgomery__IN, Apollobo, Armadillo, AyjAy011, Bvarium, Chicago Geographer, chirpn, DasSchnootz, dfshapir, jogwi, Littleduck, Norton, Pendulous, Popeetoes, Radians, sheepie, shin, stathx, Steve Lira, The Texan, Urbanindy, voltaicwaffles, WizardGrape, zenith
Rusk__WI, Apollobo, AyjAy011, corndog, DasSchnootz, muskox, qazplm500, Radians, sheepie, shin, Tumnus, WizardGrape
Dodge__MN, Apollobo, AyjAy011, Bradinator, Chicago Geographer, corndog, EJ'sEmpire, Ivan, muskox, qazplm500, sheepie, shin, WizardGrape
Jones__IA, Apollobo, AyjAy011, DasSchnootz, Geo, Kai, Kiribati, Radians, sheepie, shin, WizardGrape
Tama__IA, Apollobo, AyjAy011, Flame, mobambachloride, Radians, sheepie, The Texan, WizardGrape
Marshall__IA, Apollobo, AyjAy011, Flame, mobambachloride, qazplm500, Radians, sheepie, The Texan, WizardGrape
Audubon__IA, Apollobo, Chicago Geographer, corndog, DasSchnootz, Radians, sheepie
Las_Animas__CO, Apollobo, Cascadia, Chicago Geographer, dfshapir, fladnag, FlyingBro, Geo, GeoGamr🇺🇦, jaydoo909, Jet, jogwi, Jo™, muskox, Norton, OKobern, phosphophyllite, Popeetoes, qazplm500, Sean30303, sheepie, shin, stathx, The Texan, Tumnus, VS4GdqaYdYYrmBIMj1ab, zenith
Crowley__CO, Apollobo, dfshapir, Geo, jogwi, Jo™, muskox, OKobern, stathx, zenith
Otero__CO, Apollobo, dfshapir, jogwi, Jo™, muskox, Norton, OKobern, Sean30303, stathx, zenith
Kiowa__CO, Apollobo, dfshapir, fladnag, Geo, jogwi, Jo™, OceanMan, OKobern, Sean30303, stathx, zenith
Cheyenne__CO, Apollobo, Chicago Geographer, dfshapir, fladnag, jogwi, Jo™, muskox, OceanMan, OKobern, Sean30303, stathx, zenith
Colfax__NM, Apollobo, Chicago Geographer, fladnag, FlyingBro, Geo, GeoGamr🇺🇦, jaydoo909, Jet, jogwi, Jo™, Norton, OKobern, phosphophyllite, Popeetoes, qazplm500, sheepie, shin, stathx, The Texan, Tumnus, VS4GdqaYdYYrmBIMj1ab, zenith
Mora__NM, Apollobo, fladnag, FlyingBro, Geo, GeoGamr🇺🇦, jogwi, Jo™, lostmyballs, phosphophyllite, Popeetoes, sheepie, shin, stathx, The Texan, zenith
San_Miguel__NM, Apollobo, Arctic Tern, Chicago Geographer, dfshapir, fladnag, FlyingBro, Geo, GeoGamr🇺🇦, jogwi, Jo™, lostmyballs, OKobern, oracle-of-naivete, phosphophyllite, Popeetoes, sheepie, shin, stathx, The Texan, user1115, zenith
Clinton__MO, Apollobo, Bradinator, Chicago Geographer, corndog, DasSchnootz, dfshapir, Geo, IGotSap, Kai, lostmyballs, muskox, OKobern, Radians, Sean30303, sheepie, shin, stathx, stupiddrew9, The Texan, Tumnus, zenith
Shawano__WI, Apollobo, AyjAy011, Bvarium, Chicago Geographer, DasSchnootz, De Martian, Kiribati, qazplm500, Radians, Sean30303, sheepie, Tumnus, WizardGrape
Menominee__WI, Apollobo, AyjAy011, De Martian, qazplm500, Radians, sheepie, WizardGrape
Forest__WI, Apollobo, AyjAy011, corndog, DasSchnootz, De Martian, Kiribati, qazplm500, Radians, sheepie, Tumnus, WizardGrape
Langlade__WI, Apollobo, AyjAy011, DasSchnootz, De Martian, Kiribati, qazplm500, Radians, Sean30303, sheepie, Tumnus, WizardGrape
Florence__WI, Apollobo, AyjAy011, corndog, DasSchnootz, De Martian, Kiribati, kp, Norton, qazplm500, Radians, sheepie, stathx, Tumnus, WizardGrape
Vilas__WI, Apollobo, AyjAy011, Chicago Geographer, DasSchnootz, Dimei, Kiribati, Patxepi, qazplm500, Radians, sheepie, Tumnus, Urbanindy, WizardGrape
Iron__WI, Apollobo, Arctic Tern, AyjAy011, Bradinator, Cedar, Chicago Geographer, corndog, DasSchnootz, jogwi, Kiribati, OceanMan, qazplm500, Radians, sagittarius998, sheepie, stathx, Tumnus, WizardGrape
Gogebic__MI, Apollobo, Arctic Tern, AyjAy011, Bradinator, Cedar, Chicago Geographer, corndog, DasSchnootz, jogwi, Kiribati, kp, OceanMan, Patxepi, qazplm500, sagittarius998, sheepie, stathx, Tumnus, Urbanindy, WizardGrape
Ontonagon__MI, Apollobo, Arctic Tern, AyjAy011, Bradinator, Cedar, Chicago Geographer, corndog, DasSchnootz, jogwi, Kiribati, kp, OceanMan, Patxepi, qazplm500, sagittarius998, sheepie, stathx, Tumnus, Urbanindy, WizardGrape
Iron__MI, Apollobo, AyjAy011, corndog, DasSchnootz, De Martian, Kiribati, kp, Norton, qazplm500, sheepie, stathx, Tumnus, WizardGrape
Dickinson__MI, Apollobo, AyjAy011, Cedar, Chicago Geographer, corndog, DasSchnootz, De Martian, kp, Norton, qazplm500, Sean30303, sheepie, stathx, Tumnus, WizardGrape
Houghton__MI, Apollobo, Arctic Tern, AyjAy011, Bradinator, Cedar, Chicago Geographer, corndog, DasSchnootz, jogwi, Kiribati, kp, Norton, OceanMan, Patxepi, qazplm500, sagittarius998, sheepie, stathx, Tumnus, Urbanindy, WizardGrape
Baraga__MI, Apollobo, Arctic Tern, AyjAy011, Cedar, Chicago Geographer, corndog, DasSchnootz, jogwi, kp, OceanMan, Patxepi, qazplm500, sagittarius998, sheepie, stathx, Tumnus, Urbanindy, WizardGrape
Kankakee__IL, Apollobo, Bvarium, Cedar, Chicago Geographer, dfshapir, Flame, Ivan, jaydoo909, kp, nuclear ocelot, Pendulous, Sean30303, sheepie, shin, The Texan, zenith
Sonoma__CA, Arctic Tern, bam, Cascadia, chupoxag, De Martian, dfshapir, gurf, jogwi, Kai, lostmyballs, mobambachloride, Norton, nuclear ocelot, OceanMan, oracle-of-naivete, Pencil Vulture, Pendulous, Radu, Redoct878, Steve Lira, Urbanindy
Napa__CA, Arctic Tern, bam, Cascadia, chupoxag, De Martian, dfshapir, gurf, jogwi, Kai, lostmyballs, mobambachloride, Norton, nuclear ocelot, oracle-of-naivete, Pencil Vulture, Radu, Redoct878, sunnysideup, Urbanindy
Calaveras__CA, Arctic Tern, chupoxag, De Martian, gurf, Jet, jogwi, lostmyballs, nuclear ocelot, Pencil Vulture, Pendulous, Radians
Tuolumne__CA, Arctic Tern, chupoxag, De Martian, Diamond Armor Steve, gurf, Jet, jogwi, lostmyballs, MKA, Norton, nuclear ocelot, Pencil Vulture, Pendulous, Radians, Radu, sunnysideup, TheScooterBuskie, Tumnus, UCLA_Jesus
Tehama__CA, Arctic Tern, Ava, bam, Banana Peel Seal, Cascadia, chupoxag, De Martian, fladnag, georoulette, gurf, jogwi, lostmyballs, MKA, Norton, nuclear ocelot, OKobern, Pencil Vulture, phosphophyllite, Redoct878, sunnysideup, Tumnus, voltaicwaffles
Lake__CA, Arctic Tern, De Martian, dfshapir, gurf, jogwi, lostmyballs, nuclear ocelot
Mineral__NV, Arctic Tern, Armadillo, Cascadia, chupoxag, De Martian, georoulette, gurf, Jet, stathx
Esmeralda__NV, Arctic Tern, Armadillo, Cascadia, chupoxag, De Martian, georoulette, gurf, Jet, MKA, stathx, sunnysideup
Nye__NV, Arctic Tern, Armadillo, Ava, bam, Cascadia, chupoxag, De Martian, dfshapir, Diamond Armor Steve, GeoGamr🇺🇦, georoulette, gurf, Jet, jogwi, MKA, Patxepi, Pencil Vulture, stathx, Steve Lira, sunnysideup, Tumnus, UCLA_Jesus, user1115
Hood_River__OR, Arctic Tern, arija, Cascadia, Chicago Geographer, chirpn, De Martian, dfshapir, gurf, jogwi, OceanMan, OKobern, Pencil Vulture, Sean30303, shin, stathx, sunnysideup, The Texan, TheScooterBuskie, Tumnus, wyatt, zenith
Wasco__OR, Arctic Tern, arija, Bvarium, Cascadia, chirpn, dfshapir, gurf, jogwi, OceanMan, OKobern, Pencil Vulture, shin, stathx, sunnysideup, TheScooterBuskie, Tumnus, wyatt, zenith
Sherman__OR, Arctic Tern, Cascadia, chirpn, dfshapir, gurf, jogwi, OceanMan, Pencil Vulture, shin, stathx, sunnysideup, Tumnus, wyatt, zenith
Gilliam__OR, Arctic Tern, Cascadia, De Martian, gurf, jogwi, OceanMan, Pencil Vulture, shin, stathx, sunnysideup, Tumnus, wyatt, zenith
Morrow__OR, Arctic Tern, Cascadia, De Martian, gurf, jogwi, OceanMan, Pencil Vulture, shin, stathx, sunnysideup, Tumnus, zenith
Umatilla__OR, Arctic Tern, Ava, Cascadia, De Martian, gurf, jogwi, MKA, OceanMan, Pencil Vulture, shin, stathx, sunnysideup, Tumnus, zenith
Benton__WA, Arctic Tern, Ava, Cascadia, De Martian, gurf, jogwi, MKA, nuclear ocelot, OceanMan, Pencil Vulture, Radians, sheepie, shin, stathx, sunnysideup, TheScooterBuskie, voltaicwaffles, zenith
Franklin__WA, Arctic Tern, Cascadia, De Martian, gurf, jogwi, MKA, nuclear ocelot, OceanMan, Pencil Vulture, Radians, sheepie, shin, stathx, sunnysideup, TheScooterBuskie, voltaicwaffles
Adams__WA, Arctic Tern, Cascadia, gurf, jogwi, MKA, mobambachloride, nuclear ocelot, OceanMan, Pencil Vulture, Radians, sheepie, shin, stathx, sunnysideup, TheScooterBuskie, Tumnus, voltaicwaffles, zenith
Lincoln__WA, Arctic Tern, arija, Cascadia, dfshapir, fladnag, gurf, MKA, mobambachloride, nuclear ocelot, OceanMan, OKobern, Pencil Vulture, Radians, sheepie, shin, stathx, sunnysideup, TheScooterBuskie, Tumnus, voltaicwaffles, zenith
Spokane__WA, Arctic Tern, arija, Cascadia, dfshapir, fladnag, gurf, jogwi, Kai, MKA, mobambachloride, Norton, nuclear ocelot, OceanMan, OKobern, Pencil Vulture, Radians, sheepie, shin, stathx, Steve Lira, sunnysideup, TheScooterBuskie, Tumnus, Urbanindy, voltaicwaffles, zenith
Kootenai__ID, Arctic Tern, arija, Cascadia, dfshapir, fladnag, gurf, jogwi, Kai, MKA, mobambachloride, OceanMan, OKobern, Pencil Vulture, Radians, sheepie, shin, stathx, Steve Lira, sunnysideup, TheScooterBuskie, Tumnus, Urbanindy, voltaicwaffles, zenith
Shoshone__ID, Arctic Tern, Cascadia, gurf, jogwi, mobambachloride, OceanMan, OKobern, Pencil Vulture, Radians, sheepie, shin, stathx, Steve Lira, TheScooterBuskie, Tumnus, zenith
Mineral__MT, Arctic Tern, Cascadia, gurf, jogwi, OceanMan, OKobern, Pencil Vulture, Radians, sheepie, shin, stathx, Steve Lira, TheScooterBuskie, Tumnus, zenith
Sanders__MT, Arctic Tern, Cascadia, gurf, jogwi, OceanMan, Pencil Vulture, Radians, shin, stathx, TheScooterBuskie
Twin_Falls__ID, Arctic Tern, Ava, Cascadia, De Martian, FlyingBro, gurf, jogwi, OceanMan, OKobern, Pendulous, Radians, stathx, Steve Lira
Jerome__ID, Arctic Tern, Ava, Cascadia, De Martian, FlyingBro, gurf, jogwi, Kai, OceanMan, OKobern, Pencil Vulture, Pendulous, Radians, stathx, Steve Lira, Tumnus, zenith
Lincoln__ID, Arctic Tern, Cascadia, De Martian, FlyingBro, gurf, jogwi, OceanMan, OKobern, Radians, stathx, Steve Lira
Blaine__ID, Arctic Tern, Armadillo, Bvarium, Cascadia, De Martian, FlyingBro, gurf, jogwi, OceanMan, OKobern, Pencil Vulture, Radians, stathx, Steve Lira, Tumnus, wyatt
Butte__ID, Arctic Tern, Armadillo, Cascadia, DasSchnootz, De Martian, Diamond Armor Steve, FlyingBro, gurf, jogwi, OceanMan, OKobern, Pencil Vulture, Radians, stathx, Steve Lira, Tumnus, wyatt
Piute__UT, Arctic Tern, De Martian, dfshapir, Diamond Armor Steve, GeoGamr🇺🇦, gurf, jogwi, OceanMan, Pencil Vulture, qazplm500, stathx, Steve Lira
Sevier__UT, Arctic Tern, Armadillo, De Martian, dfshapir, Diamond Armor Steve, GeoGamr🇺🇦, gurf, jogwi, Jo™, Kai, OceanMan, Pencil Vulture, qazplm500, stathx, Steve Lira, stupiddrew9, Tumnus, zenith
Emery__UT, Arctic Tern, Armadillo, Banana Peel Seal, Bvarium, Cascadia, dfshapir, Diamond Armor Steve, fladnag, gurf, jogwi, Jo™, Kai, MKA, OceanMan, Patxepi, Pencil Vulture, qazplm500, Radians, stathx, Steve Lira, stupiddrew9, Tumnus, user1115, voltaicwaffles, zenith
Carbon__UT, Arctic Tern, Banana Peel Seal, Bvarium, fladnag, gurf, jogwi, MKA, OceanMan, stathx, Steve Lira, user1115, voltaicwaffles, zenith
Davis__UT, Arctic Tern, Armadillo, Cascadia, De Martian, Diamond Armor Steve, EnzoDragon1, gurf, jogwi, Kai, KlutchEZ, mobambachloride, OceanMan, OKobern, Pencil Vulture, Radians, sheepie, stathx, Steve Lira, Tumnus, wyatt, zenith
Weber__UT, Arctic Tern, Armadillo, Cascadia, De Martian, Diamond Armor Steve, EnzoDragon1, gurf, jogwi, Kai, KlutchEZ, mobambachloride, OceanMan, OKobern, Pencil Vulture, stathx, Steve Lira, Tumnus, wyatt, zenith
Box_Elder__UT, Arctic Tern, Armadillo, Cascadia, De Martian, Diamond Armor Steve, EnzoDragon1, gurf, jogwi, Kai, KlutchEZ, mobambachloride, OceanMan, OKobern, Pencil Vulture, stathx, Steve Lira, Tumnus, wyatt, zenith
Oneida__ID, Arctic Tern, Armadillo, Cascadia, De Martian, Diamond Armor Steve, EnzoDragon1, gurf, jogwi, Kai, KlutchEZ, OceanMan, Pencil Vulture, Radians, stathx, Steve Lira, Tumnus, zenith
Bannock__ID, Arctic Tern, Armadillo, Cascadia, De Martian, Diamond Armor Steve, EnzoDragon1, FlyingBro, gurf, jogwi, KlutchEZ, OceanMan, Pencil Vulture, Pendulous, Popeetoes, Radians, stathx, Steve Lira, Tumnus, wyatt
Bingham__ID, Arctic Tern, Armadillo, Cascadia, DasSchnootz, De Martian, Diamond Armor Steve, EnzoDragon1, FlyingBro, gurf, jogwi, KlutchEZ, OceanMan, OKobern, Pencil Vulture, Pendulous, Popeetoes, Radians, stathx, Steve Lira, Tumnus, wyatt
Bonneville__ID, Arctic Tern, Armadillo, Cascadia, DasSchnootz, De Martian, Diamond Armor Steve, EnzoDragon1, FlyingBro, gurf, jogwi, KlutchEZ, MKA, OceanMan, OKobern, Pencil Vulture, Pendulous, Popeetoes, Radians, stathx, Steve Lira, wyatt
Jefferson__ID, Arctic Tern, Armadillo, Cascadia, DasSchnootz, De Martian, EnzoDragon1, gurf, jogwi, KlutchEZ, lostmyballs, OceanMan, OKobern, Pencil Vulture, Pendulous, Popeetoes, Radians, stathx, Steve Lira, wyatt
Madison__ID, Arctic Tern, Cascadia, De Martian, Diamond Armor Steve, EnzoDragon1, gurf, jogwi, KlutchEZ, lostmyballs, OceanMan, Pencil Vulture, Pendulous, Popeetoes, Radians, stathx, Steve Lira, wyatt
Fremont__ID, Arctic Tern, Armadillo, Cascadia, DasSchnootz, De Martian, Diamond Armor Steve, EnzoDragon1, GeoGamr🇺🇦, gurf, jogwi, KlutchEZ, lostmyballs, OceanMan, OKobern, Paris_Labrador, Pencil Vulture, Pendulous, Popeetoes, Radians, stathx, Steve Lira, TheScooterBuskie, wyatt
Sheridan__WY, Arctic Tern, Chicago Geographer, DasSchnootz, EnzoDragon1, gurf, jogwi, Kai, KlutchEZ, OceanMan, OKobern, Pencil Vulture, Radians, stathx, WizardGrape, wyatt, zenith
Weston__WY, Arctic Tern, arija, Armadillo, dfshapir, jogwi, lostmyballs, OceanMan, OKobern, Radians, sheepie, stathx, user1115, zenith
Faribault__MN, Arctic Tern, AyjAy011, Bvarium, Chicago Geographer, DasSchnootz, De Martian, dfshapir, EJ'sEmpire, Flame, muskox, OceanMan, Pendulous, Popeetoes, qazplm500, Sean30303, sheepie, shin, Steve Lira, WizardGrape, zenith
Adams__PA, Arctic Tern, Bubba, Bvarium, Chicago Geographer, chirpn, dfshapir, EnzoDragon1, flaber, fladnag, ineedaface, JayVerti, MKA, mobambachloride, muskox, nuclear ocelot, oracle-of-naivete, Patxepi, phosphophyllite, Radians, sagittarius998, shin, stephner, Steve Lira, stupiddrew9, TommyTheMet, Urbanindy, voltaicwaffles, zenith
Berkeley__WV, Arctic Tern, Bvarium, crownedkinggame, dfshapir, EnzoDragon1, flaber, fladnag, ineedaface, Jet, Jo™, Knight, kp, mobambachloride, nuclear ocelot, oracle-of-naivete, Patxepi, phosphophyllite, Radu, sagittarius998, sheepie, shin, stephner, Steve Lira, stupiddrew9, TheScooterBuskie, TommyTheMet, Tumnus, user1115, voltaicwaffles
Winchester__VA, Arctic Tern, bam, crownedkinggame, dfshapir, Diamond Armor Steve, flaber, Jet, Jo™, kp, mobambachloride, nuclear ocelot, oracle-of-naivete, Patxepi, phosphophyllite, Radu, sagittarius998, sheepie, shin, Steve Lira, TheScooterBuskie, TommyTheMet
Rappahannock__VA, Arctic Tern, Armadillo, bam, Bvarium, Cascadia, dfshapir, Diamond Armor Steve, flaber, Jet, Jo™, mobambachloride, nuclear ocelot, oracle-of-naivete, Patxepi, phosphophyllite, Radians, sagittarius998, sheepie, shin, stephner, Steve Lira, Urbanindy, voltaicwaffles
Page__VA, Arctic Tern, Armadillo, bam, Bvarium, Cascadia, chirpn, dfshapir, Diamond Armor Steve, flaber, Jet, Jo™, nuclear ocelot, oracle-of-naivete, Patxepi, phosphophyllite, Radians, sagittarius998, sheepie, shin, stephner, Steve Lira, Urbanindy, user1115, voltaicwaffles
Madison__VA, Arctic Tern, bam, Bvarium, Cascadia, chirpn, dfshapir, Diamond Armor Steve, flaber, FlyingBro, Jet, jogwi, Jo™, kp, nuclear ocelot, oracle-of-naivete, Patxepi, Popeetoes, Radians, sagittarius998, sheepie, shin, stephner, Urbanindy, voltaicwaffles
Greene__VA, Arctic Tern, bam, Cascadia, chirpn, dfshapir, Diamond Armor Steve, flaber, Jet, Jo™, kp, nuclear ocelot, Patxepi, Popeetoes, Radians, sagittarius998, sheepie, shin, stephner, Urbanindy, user1115, voltaicwaffles
Albemarle__VA, Arctic Tern, Cascadia, chirpn, De Martian, dfshapir, Diamond Armor Steve, fbmdf1821, flaber, FlyingBro, Jet, jogwi, kp, lostmyballs, mobambachloride, nuclear ocelot, Paris_Labrador, Patxepi, Popeetoes, sagittarius998, sheepie, shin, stephner, Steve Lira, stupiddrew9, Urbanindy, user1115, voltaicwaffles
Waynesboro__VA, Arctic Tern, Cascadia, dfshapir, Diamond Armor Steve, fbmdf1821, flaber, FlyingBro, Jet, jogwi, lostmyballs, mobambachloride, nuclear ocelot, Paris_Labrador, Patxepi, sagittarius998, shin, Steve Lira, stupiddrew9, Urbanindy, voltaicwaffles
Nelson__VA, Arctic Tern, Cascadia, chirpn, De Martian, dfshapir, Diamond Armor Steve, fbmdf1821, flaber, FlyingBro, Jet, jogwi, lostmyballs, mobambachloride, muskox, nuclear ocelot, Patxepi, Popeetoes, sagittarius998, sheepie, shin, stephner, stupiddrew9, Urbanindy, user1115, voltaicwaffles
Roanoke__VA, Arctic Tern, arija, Armadillo, Ava, Cascadia, chirpn, crownedkinggame, dfshapir, Diamond Armor Steve, flaber, FlyingBro, jogwi, Jo™, kp, nuclear ocelot, OceanMan, oracle-of-naivete, Patxepi, phosphophyllite, sagittarius998, shin, stephner, stupiddrew9, TheScooterBuskie, TommyTheMet, user1115, voltaicwaffles, zenith
Franklin_Co___VA, Arctic Tern, arija, Ava, Cascadia, chirpn, crownedkinggame, dfshapir, Diamond Armor Steve, flaber, jogwi, mobambachloride, muskox, nuclear ocelot, OceanMan, phosphophyllite, sagittarius998, shin, stephner, user1115, voltaicwaffles, zenith
Floyd__VA, Arctic Tern, Cascadia, chirpn, dfshapir, Diamond Armor Steve, nuclear ocelot, Patxepi, sagittarius998, shin, user1115, voltaicwaffles
Patrick__VA, Arctic Tern, Cascadia, chirpn, crownedkinggame, dfshapir, Diamond Armor Steve, nuclear ocelot, sagittarius998, shin, stupiddrew9, user1115, voltaicwaffles
Yadkin__NC, Arctic Tern, Ava, Bubba, Chicago Geographer, chirpn, crownedkinggame, dfshapir, flaber, fladnag, Jet, Jo™, Knight, lostmyballs, mobambachloride, muskox, nuclear ocelot, Radu, shin, soup, stupiddrew9, TommyTheMet, Tumnus, user1115, voltaicwaffles, VS4GdqaYdYYrmBIMj1ab
Wilkes__NC, Arctic Tern, Bubba, Cascadia, chirpn, crownedkinggame, dfshapir, fladnag, Jet, mobambachloride, muskox, nuclear ocelot, sagittarius998, shin, soup, stupiddrew9, user1115, voltaicwaffles
Watauga__NC, Arctic Tern, Bvarium, Cascadia, chirpn, corndog, crownedkinggame, dfshapir, fladnag, Jet, kp, mobambachloride, muskox, nuclear ocelot, OKobern, Radians, sagittarius998, shin, stephner, stupiddrew9, user1115, voltaicwaffles
Caldwell__NC, Arctic Tern, Cascadia, chirpn, corndog, crownedkinggame, dfshapir, Jet, mobambachloride, nuclear ocelot, sagittarius998, shin, stupiddrew9, user1115, voltaicwaffles
Avery__NC, Arctic Tern, Bvarium, Cascadia, chirpn, corndog, crownedkinggame, dfshapir, fladnag, Jet, kp, mobambachloride, muskox, nuclear ocelot, OKobern, Radians, sagittarius998, shin, stupiddrew9, user1115, voltaicwaffles
Mitchell__NC, Arctic Tern, Bvarium, Cascadia, chirpn, corndog, dfshapir, Jet, nuclear ocelot, OKobern, sagittarius998, shin, stupiddrew9, user1115, voltaicwaffles
Yancey__NC, Arctic Tern, Bvarium, Cascadia, chirpn, corndog, crownedkinggame, De Martian, dfshapir, Jet, jogwi, MKA, nuclear ocelot, OKobern, sagittarius998, shin, soup, stupiddrew9, user1115, voltaicwaffles
Henderson__NC, Arctic Tern, Cascadia, Chicago Geographer, chirpn, crownedkinggame, dfshapir, fbmdf1821, flaber, fladnag, Flame, jogwi, kp, lostmyballs, MKA, mobambachloride, Norton, nuclear ocelot, OKobern, Radu, sagittarius998, shin, soup, stupiddrew9, Urbanindy, user1115, voltaicwaffles
Overton__TN, Arctic Tern, Cascadia, fbmdf1821, jogwi, kp, nuclear ocelot, shin, stathx, stupiddrew9, voltaicwaffles
Clay__TN, Arctic Tern, Cascadia, dfshapir, fbmdf1821, jogwi, kp, nuclear ocelot, shin, stathx, stupiddrew9, voltaicwaffles
Monroe__KY, Arctic Tern, Cascadia, dfshapir, fbmdf1821, jogwi, kp, shin, stupiddrew9, voltaicwaffles
Rockwall__TX, Arctic Tern, Armadillo, Ava, AyjAy011, Chicago Geographer, chirpn, EJ'sEmpire, fladnag, FlyingBro, jaydoo909, Jet, jogwi, KlutchEZ, kp, muskox, OKobern, oracle-of-naivete, Pencil Vulture, Popeetoes, Radians, sagittarius998, Sean30303, sheepie, shin, stathx, The Texan, voltaicwaffles, VS4GdqaYdYYrmBIMj1ab, zenith
Parker__TX, Arctic Tern, Armadillo, Ava, AyjAy011, Chicago Geographer, chirpn, dfshapir, jaydoo909, Jet, jogwi, mobambachloride, muskox, oracle-of-naivete, Pencil Vulture, Popeetoes, Radu, sheepie, shin, stathx, Steve Lira, Tumnus, voltaicwaffles, VS4GdqaYdYYrmBIMj1ab, zenith
Palo_Pinto__TX, Arctic Tern, Armadillo, Ava, AyjAy011, Chicago Geographer, chirpn, dfshapir, jaydoo909, Jet, jogwi, mobambachloride, muskox, oracle-of-naivete, Pencil Vulture, Popeetoes, sheepie, shin, stathx, Steve Lira, Tumnus, voltaicwaffles, VS4GdqaYdYYrmBIMj1ab, zenith
Erath__TX, Arctic Tern, Armadillo, Chicago Geographer, chirpn, dfshapir, FlyingBro, jaydoo909, Jet, jogwi, mobambachloride, oracle-of-naivete, Popeetoes, stathx, Tumnus, voltaicwaffles, VS4GdqaYdYYrmBIMj1ab, zenith
Eastland__TX, Arctic Tern, Armadillo, Chicago Geographer, dfshapir, jaydoo909, Jet, jogwi, mobambachloride, oracle-of-naivete, Popeetoes, stathx, Tumnus, voltaicwaffles, VS4GdqaYdYYrmBIMj1ab, zenith
Callahan__TX, Arctic Tern, Armadillo, Chicago Geographer, dfshapir, jaydoo909, Jet, jogwi, mobambachloride, oracle-of-naivete, Popeetoes, stathx, Tumnus, voltaicwaffles, VS4GdqaYdYYrmBIMj1ab, zenith
Taylor__TX, Arctic Tern, Armadillo, Chicago Geographer, chirpn, dfshapir, fladnag, FlyingBro, GeoGamr🇺🇦, jaydoo909, Jet, jogwi, mobambachloride, OKobern, oracle-of-naivete, Popeetoes, stathx, The Texan, Tumnus, voltaicwaffles, VS4GdqaYdYYrmBIMj1ab, zenith
Nolan__TX, Arctic Tern, Armadillo, Chicago Geographer, chirpn, dfshapir, fladnag, FlyingBro, GeoGamr🇺🇦, jaydoo909, jogwi, mobambachloride, OKobern, oracle-of-naivete, Popeetoes, stathx, Steve Lira, The Texan, Tumnus, voltaicwaffles, VS4GdqaYdYYrmBIMj1ab, zenith
Mitchell__TX, Arctic Tern, Armadillo, Chicago Geographer, chirpn, dfshapir, FlyingBro, GeoGamr🇺🇦, jaydoo909, Jet, jogwi, mobambachloride, OKobern, oracle-of-naivete, Popeetoes, stathx, Steve Lira, The Texan, Tumnus, voltaicwaffles, VS4GdqaYdYYrmBIMj1ab
Howard__TX, Arctic Tern, Armadillo, Chicago Geographer, chirpn, dfshapir, FlyingBro, jaydoo909, Jet, jogwi, mobambachloride, OKobern, Popeetoes, stathx, Steve Lira, The Texan, Tumnus, VS4GdqaYdYYrmBIMj1ab, zenith
Borden__TX, Arctic Tern, jaydoo909, Jet, Popeetoes, stathx, voltaicwaffles, VS4GdqaYdYYrmBIMj1ab
Dawson__TX, Arctic Tern, chirpn, FlyingBro, jaydoo909, Popeetoes, stathx, voltaicwaffles
Gaines__TX, Arctic Tern, jaydoo909, OKobern, Popeetoes, stathx, TommyTheMet, voltaicwaffles, VS4GdqaYdYYrmBIMj1ab, zenith
Lea__NM, Arctic Tern, chirpn, dfshapir, FlyingBro, jaydoo909, OKobern, oracle-of-naivete, Popeetoes, stathx, The Texan, TommyTheMet, Tumnus, voltaicwaffles, VS4GdqaYdYYrmBIMj1ab
Eddy__NM, Arctic Tern, Bvarium, Cascadia, Chicago Geographer, chirpn, dfshapir, FlyingBro, gurf, jaydoo909, jogwi, MKA, OKobern, oracle-of-naivete, Popeetoes, qazplm500, Radians, stathx, The Texan, TommyTheMet, Tumnus, user1115, voltaicwaffles, VS4GdqaYdYYrmBIMj1ab
Culberson__TX, Arctic Tern, Armadillo, Bvarium, Cascadia, Chicago Geographer, chirpn, DasSchnootz, dfshapir, FlyingBro, GeoGamr🇺🇦, gurf, jaydoo909, Jet, jogwi, MKA, mobambachloride, OceanMan, oracle-of-naivete, Popeetoes, qazplm500, Radians, stathx, The Texan, TommyTheMet, Tumnus, user1115, voltaicwaffles
Hudspeth__TX, Arctic Tern, Armadillo, Bvarium, Cascadia, Chicago Geographer, chirpn, DasSchnootz, dfshapir, FlyingBro, GeoGamr🇺🇦, gurf, jaydoo909, Jet, mobambachloride, OceanMan, Popeetoes, qazplm500, stathx, Tumnus, voltaicwaffles
El_Paso__TX, Arctic Tern, Armadillo, Bvarium, Cascadia, Chicago Geographer, chirpn, DasSchnootz, dfshapir, FlyingBro, GeoGamr🇺🇦, gurf, jaydoo909, Jet, mobambachloride, OceanMan, Popeetoes, qazplm500, stathx, Tumnus, voltaicwaffles, zenith
Otero__NM, Arctic Tern, Bvarium, Cascadia, chirpn, DasSchnootz, dfshapir, FlyingBro, GeoGamr🇺🇦, gurf, jaydoo909, jogwi, Kiribati, MKA, OKobern, oracle-of-naivete, Popeetoes, qazplm500, stathx, user1115, zenith
Lincoln__NM, Arctic Tern, Chicago Geographer, chirpn, dfshapir, FlyingBro, GeoGamr🇺🇦, gurf, jaydoo909, jogwi, MKA, OKobern, oracle-of-naivete, Popeetoes, qazplm500, stathx, user1115, zenith
Johnson__TN, Arctic Tern, Bvarium, chirpn, dfshapir, fladnag, kp, nuclear ocelot, OKobern, shin, stephner, stupiddrew9, user1115
Hampshire__WV, Arctic Tern, Bvarium, chirpn, dfshapir, nuclear ocelot, oracle-of-naivete, Patxepi, phosphophyllite, sagittarius998, shin, TommyTheMet, voltaicwaffles
Morgan__WV, Arctic Tern, Bvarium, chirpn, dfshapir, Jet, Jo™, kp, mobambachloride, nuclear ocelot, oracle-of-naivete, Patxepi, phosphophyllite, sagittarius998, sheepie, shin, voltaicwaffles
Fayette__PA, Arctic Tern, Chicago Geographer, DasSchnootz, dfshapir, JayVerti, Jo™, kp, mobambachloride, Norton, nuclear ocelot, Patxepi, phosphophyllite, sagittarius998, sheepie, shin, stathx, Steve Lira, Urbanindy, voltaicwaffles, zenith
Armstrong__PA, Arctic Tern, Bvarium, dfshapir, JayVerti, mobambachloride, nuclear ocelot, phosphophyllite, Popeetoes, sagittarius998, sheepie, stathx
Monroe__MI, Arctic Tern, Cedar, DasSchnootz, dfshapir, hateornges, ineedaface, Ivan, jaydoo909, JayVerti, jogwi, kp, mobambachloride, Patxepi, Popeetoes, Radians, sagittarius998, shin, stathx, stephner, stupiddrew9, Urbanindy, user1115, voltaicwaffles, VS4GdqaYdYYrmBIMj1ab, zenith
Washtenaw__MI, Arctic Tern, Cedar, Chicago Geographer, DasSchnootz, dfshapir, flaber, Flame, hateornges, ineedaface, Ivan, jogwi, kp, mobambachloride, OKobern, Paris_Labrador, Patxepi, Popeetoes, Radians, Sean30303, shin, stathx, Steve Lira, stupiddrew9, The Texan, UCLA_Jesus, Urbanindy, user1115, voltaicwaffles, zenith
Oakland__MI, Arctic Tern, Cedar, DasSchnootz, dfshapir, flaber, hateornges, mobambachloride, OKobern, Paris_Labrador, sagittarius998, shin, stathx, The Texan, Urbanindy
Forest__PA, Arctic Tern, dfshapir, JayVerti, mobambachloride, nuclear ocelot, sagittarius998, sheepie, stathx
Elk__PA, Arctic Tern, Bvarium, dfshapir, JayVerti, mobambachloride, nuclear ocelot, Patxepi, phosphophyllite, sagittarius998, sheepie, stathx
McKean__PA, Arctic Tern, dfshapir, JayVerti, mobambachloride, nuclear ocelot, Patxepi, phosphophyllite, sagittarius998, sheepie, stathx
Wyoming__NY, Arctic Tern, arija, Chicago Geographer, dfshapir, JayVerti, nuclear ocelot, phosphophyllite, qazplm500, sagittarius998, sheepie, stathx, Urbanindy, VS4GdqaYdYYrmBIMj1ab
Crawford__PA, Arctic Tern, dfshapir, JayVerti, jogwi, mobambachloride, Norton, nuclear ocelot, oracle-of-naivete, Patxepi, phosphophyllite, sagittarius998, sheepie, stathx, user1115, voltaicwaffles, VS4GdqaYdYYrmBIMj1ab
Susquehanna__PA, Arctic Tern, bam, dfshapir, ineedaface, JayVerti, Norton, nuclear ocelot, oracle-of-naivete, Patxepi, phosphophyllite, Popeetoes, sagittarius998, sheepie, shin, stathx, TheScooterBuskie, TommyTheMet, voltaicwaffles, VS4GdqaYdYYrmBIMj1ab
New_London__CT, Arctic Tern, arija, Chicago Geographer, DasSchnootz, dfshapir, FlyingBro, hateornges, ineedaface, jogwi, mobambachloride, Norton, OceanMan, oracle-of-naivete, Pencil Vulture, Piglee, Popeetoes, Radians, sagittarius998, shin, stathx, TommyTheMet, train, UCLA_Jesus
Barnstable__MA, Arctic Tern, Armadillo, Chicago Geographer, chirpn, crownedkinggame, dfshapir, EnzoDragon1, ineedaface, JayVerti, jogwi, Knight, MKA, nuclear ocelot, oracle-of-naivete, Patxepi, Piglee, Radians, sagittarius998, sheepie, shin, stathx, stephner, TheScooterBuskie, TommyTheMet, train, Tumnus, wyatt
Tolland__CT, Arctic Tern, Armadillo, AyjAy011, dfshapir, GeoGamr🇺🇦, ineedaface, oracle-of-naivete, Piglee, Radians, sagittarius998, shin, stathx, TommyTheMet
Windham__CT, Arctic Tern, AyjAy011, dfshapir, ineedaface, oracle-of-naivete, Piglee, Radians, sagittarius998, shin, stathx
Hancock__ME, Arctic Tern, arija, Bvarium, Chicago Geographer, chirpn, crownedkinggame, dfshapir, EJ'sEmpire, EnzoDragon1, flaber, ineedaface, JayVerti, Kai, lostmyballs, MKA, nuclear ocelot, OceanMan, OKobern, oracle-of-naivete, Patxepi, Piglee, Radians, sagittarius998, sheepie, shin, stathx, Steve Lira, TheScooterBuskie, TommyTheMet, Tumnus, Urbanindy, user1115, voltaicwaffles
Penobscot__ME, Arctic Tern, arija, Bvarium, Chicago Geographer, chirpn, crownedkinggame, De Martian, dfshapir, EnzoDragon1, flaber, ineedaface, JayVerti, Kai, Knight, lostmyballs, MKA, mobambachloride, nuclear ocelot, OceanMan, OKobern, Patxepi, Piglee, Radians, sagittarius998, Sean30303, sheepie, shin, stathx, Steve Lira, TheScooterBuskie, TommyTheMet, Tumnus, user1115, voltaicwaffles
Somerset__ME, Arctic Tern, Chicago Geographer, chirpn, crownedkinggame, De Martian, dfshapir, EnzoDragon1, flaber, ineedaface, JayVerti, Kai, Knight, lostmyballs, MKA, mobambachloride, nuclear ocelot, OceanMan, OKobern, Patxepi, Piglee, Radians, sagittarius998, Sean30303, sheepie, shin, stathx, Steve Lira, TheScooterBuskie, TommyTheMet, Tumnus, user1115
Waldo__ME, Arctic Tern, arija, Chicago Geographer, chirpn, crownedkinggame, De Martian, dfshapir, EnzoDragon1, ineedaface, JayVerti, Kai, lostmyballs, MKA, nuclear ocelot, OceanMan, OKobern, oracle-of-naivete, Patxepi, Piglee, Radians, sagittarius998, Sean30303, sheepie, shin, stathx, Steve Lira, TheScooterBuskie, TommyTheMet, Tumnus, Urbanindy, user1115, voltaicwaffles
Kennebec__ME, Arctic Tern, arija, Chicago Geographer, chirpn, crownedkinggame, De Martian, dfshapir, EnzoDragon1, flaber, ineedaface, JayVerti, Knight, lostmyballs, MKA, mobambachloride, nuclear ocelot, OceanMan, OKobern, oracle-of-naivete, Patxepi, Piglee, Radians, sagittarius998, Sean30303, sheepie, shin, stathx, stephner, Steve Lira, TheScooterBuskie, TommyTheMet, Tumnus, user1115, voltaicwaffles, wyatt
Sagadahoc__ME, Arctic Tern, arija, Chicago Geographer, chirpn, dfshapir, EnzoDragon1, flaber, ineedaface, JayVerti, Kai, Knight, lostmyballs, MKA, mobambachloride, nuclear ocelot, OceanMan, OKobern, oracle-of-naivete, Paris_Labrador, Patxepi, Piglee, Radians, sagittarius998, Sean30303, sheepie, shin, stathx, stephner, Steve Lira, TheScooterBuskie, TommyTheMet, Tumnus, Urbanindy, user1115, voltaicwaffles, wyatt
Essex__VT, Arctic Tern, arija, bam, Chicago Geographer, chirpn, De Martian, dfshapir, EnzoDragon1, ineedaface, JayVerti, Knight, OKobern, phosphophyllite, Radians, sagittarius998, shin, Tumnus
Coos__NH, Arctic Tern, arija, bam, Chicago Geographer, chirpn, De Martian, dfshapir, EnzoDragon1, flaber, ineedaface, JayVerti, Kai, Knight, MKA, nuclear ocelot, OceanMan, OKobern, oracle-of-naivete, Piglee, Popeetoes, Radians, sagittarius998, sheepie, shin, stephner, TommyTheMet, Tumnus, user1115, voltaicwaffles
Oxford__ME, Arctic Tern, arija, bam, Chicago Geographer, DasSchnootz, De Martian, dfshapir, EnzoDragon1, ineedaface, Ivan, JayVerti, Knight, lostmyballs, MKA, nuclear ocelot, OceanMan, OKobern, oracle-of-naivete, Popeetoes, Radians, sagittarius998, sheepie, shin, stathx, stephner, TommyTheMet, Tumnus, user1115, wyatt
Franklin__ME, Arctic Tern, De Martian, dfshapir, EnzoDragon1, ineedaface, JayVerti, Knight, MKA, mobambachloride, nuclear ocelot, Radians, sagittarius998, shin, stathx, stephner, TommyTheMet, Tumnus, user1115, wyatt
Androscoggin__ME, Arctic Tern, Chicago Geographer, chirpn, crownedkinggame, De Martian, dfshapir, EnzoDragon1, ineedaface, JayVerti, Knight, MKA, mobambachloride, nuclear ocelot, OceanMan, OKobern, oracle-of-naivete, Piglee, Radians, sagittarius998, Sean30303, sheepie, shin, stathx, stephner, Steve Lira, TheScooterBuskie, Tumnus, user1115, voltaicwaffles, wyatt
Jefferson__WV, Arctic Tern, Armadillo, bam, Bvarium, chirpn, crownedkinggame, dfshapir, EnzoDragon1, flaber, ineedaface, Jet, Jo™, kp, mobambachloride, nuclear ocelot, oracle-of-naivete, Patxepi, phosphophyllite, Radians, Radu, sagittarius998, sheepie, shin, Steve Lira, Urbanindy, voltaicwaffles
Dona_Ana__NM, Arctic Tern, Armadillo, Bvarium, Cascadia, chirpn, DasSchnootz, dfshapir, Diamond Armor Steve, FlyingBro, GeoGamr🇺🇦, gurf, jaydoo909, Jet, Kiribati, mobambachloride, OceanMan, OKobern, oracle-of-naivete, Popeetoes, qazplm500, stathx, Tumnus, voltaicwaffles, zenith
Greenbrier__WV, Arctic Tern, Bvarium, chirpn, crownedkinggame, dfshapir, Diamond Armor Steve, fbmdf1821, flaber, Jet, jogwi, lostmyballs, nuclear ocelot, Paris_Labrador, Patxepi, phosphophyllite, sagittarius998, shin, Steve Lira, stupiddrew9, Urbanindy, voltaicwaffles, zenith
Alleghany__VA, Arctic Tern, Bvarium, chirpn, crownedkinggame, dfshapir, Diamond Armor Steve, fbmdf1821, flaber, Jet, jogwi, lostmyballs, nuclear ocelot, Paris_Labrador, Patxepi, sagittarius998, shin, Steve Lira, Urbanindy, voltaicwaffles, zenith
Covington__VA, Arctic Tern, Bvarium, chirpn, crownedkinggame, dfshapir, Diamond Armor Steve, fbmdf1821, flaber, Jet, jogwi, lostmyballs, nuclear ocelot, Paris_Labrador, Patxepi, sagittarius998, shin, Urbanindy, voltaicwaffles
Charlottesville__VA, Arctic Tern, chirpn, De Martian, dfshapir, Diamond Armor Steve, fbmdf1821, flaber, FlyingBro, jogwi, kp, lostmyballs, mobambachloride, nuclear ocelot, Paris_Labrador, Patxepi, Popeetoes, sagittarius998, sheepie, shin, Steve Lira, stupiddrew9, Urbanindy, voltaicwaffles
Indiana__PA, Arctic Tern, Bvarium, dfshapir, EnzoDragon1, hateornges, JayVerti, mobambachloride, nuclear ocelot, Popeetoes, Radians, sagittarius998, sheepie, stathx, Tumnus
Cambria__PA, Arctic Tern, dfshapir, EnzoDragon1, hateornges, ineedaface, Jo™, mobambachloride, nuclear ocelot, Popeetoes, Radians, sagittarius998, Tumnus
Blair__PA, Arctic Tern, dfshapir, EnzoDragon1, hateornges, ineedaface, Jo™, kp, mobambachloride, nuclear ocelot, Patxepi, phosphophyllite, Popeetoes, Radians, sagittarius998, shin, Tumnus, zenith
Jefferson__NY, Arctic Tern, dfshapir, Ivan, JayVerti, jogwi, nuclear ocelot, OceanMan, Piglee, Radu, sagittarius998, shin, TheScooterBuskie, TommyTheMet, VS4GdqaYdYYrmBIMj1ab
Burke__GA, Arctic Tern, mobambachloride, nuclear ocelot, Radu, shin, stathx
Jefferson__GA, Arctic Tern, Armadillo, mobambachloride, nuclear ocelot, Radu, shin
Edgefield__SC, Arctic Tern, chirpn, mobambachloride, muskox, nuclear ocelot, Radu, shin
Saluda__SC, Arctic Tern, chirpn, kp, muskox, nuclear ocelot, Radu, shin
Newberry__SC, Arctic Tern, Cascadia, Chicago Geographer, chirpn, dfshapir, fladnag, Jet, jogwi, kp, lostmyballs, MKA, mobambachloride, muskox, Norton, nuclear ocelot, Radu, shin, soup, stupiddrew9, Tumnus, Urbanindy
Union__SC, Arctic Tern, Jet, muskox, nuclear ocelot, shin, soup, user1115
Grays_Harbor__WA, Arctic Tern, arija, Bvarium, Cascadia, chirpn, dfshapir, gurf, lostmyballs, MKA, mobambachloride, nuclear ocelot, OceanMan, OKobern, Pencil Vulture, Pendulous, Radians, Sean30303, shin, The Texan, TheScooterBuskie, Tumnus, wyatt
Kitsap__WA, Arctic Tern, Ava, bam, Bvarium, Cascadia, gurf, MKA, nuclear ocelot, OKobern, oracle-of-naivete, Paris_Labrador, Pencil Vulture, Pendulous, qazplm500, Radians, Sean30303, shin, stathx, sunnysideup, The Texan, Tumnus, VS4GdqaYdYYrmBIMj1ab
Snohomish__WA, Arctic Tern, arija, bam, Banana Peel Seal, Bvarium, Cascadia, Chicago Geographer, chirpn, chupoxag, dfshapir, EJ'sEmpire, fladnag, FlyingBro, GeoGamr🇺🇦, gurf, hateornges, Jet, jogwi, MKA, mobambachloride, muskox, Norton, nuclear ocelot, OKobern, Paris_Labrador, Pencil Vulture, phosphophyllite, qazplm500, Radians, Sean30303, shin, stathx, sunnysideup, The Texan, TheScooterBuskie
Skagit__WA, Arctic Tern, arija, bam, Banana Peel Seal, Bvarium, Cascadia, Chicago Geographer, chirpn, chupoxag, dfshapir, EJ'sEmpire, FlyingBro, GeoGamr🇺🇦, gurf, hateornges, Jet, jogwi, MKA, mobambachloride, muskox, nuclear ocelot, OKobern, Pencil Vulture, qazplm500, Radians, shin, stathx, sunnysideup, The Texan, TheScooterBuskie
Whatcom__WA, Arctic Tern, arija, bam, Banana Peel Seal, Bvarium, Cascadia, Chicago Geographer, chirpn, dfshapir, EJ'sEmpire, FlyingBro, GeoGamr🇺🇦, gurf, hateornges, Jet, MKA, mobambachloride, muskox, nuclear ocelot, OKobern, Pencil Vulture, qazplm500, Radians, shin, stathx, sunnysideup, The Texan, TheScooterBuskie
Chelan__WA, Arctic Tern, arija, Cascadia, chirpn, dfshapir, fladnag, gurf, MKA, nuclear ocelot, OKobern, Pencil Vulture, qazplm500, Radians, shin, stathx, sunnysideup
Staunton__VA, Arctic Tern, Armadillo, Ava, chirpn, dfshapir, Diamond Armor Steve, flaber, FlyingBro, jogwi, Knight, kp, mobambachloride, nuclear ocelot, Paris_Labrador, Patxepi, phosphophyllite, Radians, Radu, sagittarius998, shin, Steve Lira, stupiddrew9, TommyTheMet, Tumnus, Urbanindy, voltaicwaffles, zenith
Radford__VA, Arctic Tern, Armadillo, chirpn, dfshapir, flaber, FlyingBro, GeoGamr🇺🇦, kp, mobambachloride, nuclear ocelot, Patxepi, Radu, sagittarius998, shin, stupiddrew9, TommyTheMet, voltaicwaffles, zenith
Clarke__VA, Arctic Tern, bam, dfshapir, Diamond Armor Steve, flaber, Jet, Jo™, kp, mobambachloride, nuclear ocelot, oracle-of-naivete, Patxepi, phosphophyllite, Radians, sagittarius998, shin, voltaicwaffles
Mineral__WV, Arctic Tern, Bvarium, chirpn, dfshapir, Jet, Jo™, nuclear ocelot, oracle-of-naivete, phosphophyllite, sagittarius998, shin, voltaicwaffles
Gila__AZ, Arctic Tern, bam, chirpn, dfshapir, GeoGamr🇺🇦, gurf, jaydoo909, phosphophyllite, qazplm500, sheepie, shin, stephner, Tumnus, WizardGrape, zenith
Pinal__AZ, Arctic Tern, Armadillo, bam, Bvarium, Cascadia, corndog, dfshapir, Diamond Armor Steve, EJ'sEmpire, FlyingBro, GeoGamr🇺🇦, gurf, jaydoo909, Jet, jogwi, MKA, OceanMan, oracle-of-naivete, Pencil Vulture, phosphophyllite, qazplm500, sheepie, shin, stephner, Tumnus, voltaicwaffles, WizardGrape, zenith
Graham__AZ, Arctic Tern, bam, dfshapir, gurf, phosphophyllite, qazplm500, sheepie, shin
Cochise__AZ, Arctic Tern, Armadillo, bam, Bvarium, chirpn, dfshapir, Diamond Armor Steve, EJ'sEmpire, FlyingBro, GeoGamr🇺🇦, gurf, jaydoo909, Jet, OceanMan, oracle-of-naivete, phosphophyllite, qazplm500, sheepie, shin, Tumnus, UCLA_Jesus, voltaicwaffles, zenith
Pima__AZ, Arctic Tern, Armadillo, bam, Bvarium, Cascadia, chirpn, dfshapir, Diamond Armor Steve, EJ'sEmpire, FlyingBro, GeoGamr🇺🇦, georoulette, gurf, jaydoo909, Jet, jogwi, MKA, OceanMan, oracle-of-naivete, phosphophyllite, qazplm500, sheepie, shin, stephner, Steve Lira, Tumnus, UCLA_Jesus, voltaicwaffles, WizardGrape, zenith
Walker__GA, Arctic Tern, Armadillo, dfshapir, EnzoDragon1, fladnag, Jet, mobambachloride, Norton, nuclear ocelot, Radu, shin, stupiddrew9, VS4GdqaYdYYrmBIMj1ab
DeKalb__AL, Arctic Tern, crownedkinggame, dfshapir, EnzoDragon1, fladnag, FlyingBro, GeoGamr🇺🇦, jaydoo909, Jet, jogwi, KlutchEZ, kp, muskox, Norton, Radu, sagittarius998, shin, stupiddrew9, zenith
Etowah__AL, Arctic Tern, crownedkinggame, dfshapir, fladnag, FlyingBro, GeoGamr🇺🇦, jaydoo909, Jet, jogwi, KlutchEZ, kp, mobambachloride, Norton, sagittarius998, shin, stupiddrew9
Calhoun__AL, Arctic Tern, Cascadia, Chicago Geographer, chirpn, dfshapir, GeoGamr🇺🇦, Jet, jogwi, KlutchEZ, mobambachloride, muskox, OKobern, Radu, shin, stupiddrew9, Tumnus, voltaicwaffles, zenith
Coosa__AL, Arctic Tern, Chicago Geographer, GeoGamr🇺🇦, jogwi, KlutchEZ, shin, stupiddrew9
Elmore__AL, Arctic Tern, Chicago Geographer, crownedkinggame, dfshapir, GeoGamr🇺🇦, hateornges, IGotSap, jogwi, Kai, KlutchEZ, kp, mobambachloride, OKobern, shin, stupiddrew9, zenith
Dallas__AL, Arctic Tern, Armadillo, Chicago Geographer, dfshapir, GeoGamr🇺🇦, jogwi, KlutchEZ, shin, stathx, stupiddrew9
Perry__AL, Arctic Tern, Armadillo, dfshapir, GeoGamr🇺🇦, jogwi, KlutchEZ, shin, stathx, stupiddrew9
Bibb__AL, Arctic Tern, dfshapir, GeoGamr🇺🇦, jogwi, KlutchEZ, shin, stupiddrew9
Tuscaloosa__AL, Arctic Tern, Cascadia, chirpn, dfshapir, EnzoDragon1, fladnag, FlyingBro, GeoGamr🇺🇦, jaydoo909, Jet, jogwi, KlutchEZ, kp, mobambachloride, Norton, sagittarius998, shin, stupiddrew9, Urbanindy, voltaicwaffles, zenith
Taylor__WV, Arctic Tern, dfshapir, jogwi, mobambachloride, nuclear ocelot, phosphophyllite, shin
Barbour__WV, Arctic Tern, dfshapir, jogwi, mobambachloride, nuclear ocelot, phosphophyllite, sagittarius998, shin
Upshur__WV, Arctic Tern, dfshapir, jogwi, mobambachloride, nuclear ocelot, phosphophyllite, sagittarius998, shin
Clay__WV, Arctic Tern, dfshapir, flaber, jogwi, kp, mobambachloride, muskox, nuclear ocelot, phosphophyllite, sagittarius998, shin, soup, zenith
Kanawha__WV, Arctic Tern, Armadillo, Bvarium, Chicago Geographer, chirpn, corndog, crownedkinggame, dfshapir, Diamond Armor Steve, fbmdf1821, flaber, fladnag, hateornges, Jet, jogwi, kp, mobambachloride, muskox, nuclear ocelot, OKobern, Paris_Labrador, Patxepi, Pendulous, phosphophyllite, sagittarius998, Sean30303, sheepie, shin, soup, stathx, Steve Lira, Urbanindy, voltaicwaffles, zenith
Roane__WV, Arctic Tern, dfshapir, flaber, jogwi, kp, mobambachloride, nuclear ocelot, phosphophyllite, sagittarius998, soup, stathx, zenith
Calhoun__WV, Arctic Tern, dfshapir, jogwi, nuclear ocelot, phosphophyllite, stathx
Ritchie__WV, Arctic Tern, dfshapir, jogwi, nuclear ocelot, oracle-of-naivete, phosphophyllite, stathx
Pleasants__WV, Arctic Tern, DasSchnootz, dfshapir, nuclear ocelot, phosphophyllite, stathx, zenith
Tyler__WV, Arctic Tern, dfshapir, jogwi, nuclear ocelot, phosphophyllite, stathx, zenith
Wetzel__WV, Arctic Tern, dfshapir, jogwi, nuclear ocelot, phosphophyllite, stathx, zenith
Marshall__WV, Arctic Tern, Ava, DasSchnootz, dfshapir, jogwi, nuclear ocelot, phosphophyllite, Popeetoes, sagittarius998, stathx, zenith
Medina__OH, Arctic Tern, Armadillo, Chicago Geographer, DasSchnootz, dfshapir, EnzoDragon1, fladnag, Flame, hateornges, Ivan, JayVerti, Jet, Kai, mobambachloride, OceanMan, OKobern, oracle-of-naivete, phosphophyllite, Popeetoes, Radians, sagittarius998, stathx, stephner, TommyTheMet, Tumnus, Urbanindy, zenith
Perry__OH, Arctic Tern, dfshapir, phosphophyllite, Radians, stathx
Hocking__OH, Arctic Tern, dfshapir, hateornges, jogwi, muskox, Sean30303, stathx, Urbanindy, voltaicwaffles
Ross__OH, Arctic Tern, Armadillo, Bvarium, corndog, DasSchnootz, dfshapir, fladnag, hateornges, jogwi, oracle-of-naivete, Paris_Labrador, Pendulous, phosphophyllite, Sean30303, stathx, Steve Lira, stupiddrew9, voltaicwaffles
Champaign__OH, Arctic Tern, Chicago Geographer, dfshapir, stathx
Logan__OH, Arctic Tern, Cedar, Chicago Geographer, dfshapir, jaydoo909, kp, Paris_Labrador, phosphophyllite, sagittarius998, stathx, Steve Lira
Auglaize__OH, Arctic Tern, Armadillo, Cedar, dfshapir, hateornges, jaydoo909, kp, mobambachloride, Paris_Labrador, phosphophyllite, Radians, sagittarius998, shin, stathx, Steve Lira, stupiddrew9, voltaicwaffles
Hardin__OH, Arctic Tern, Cedar, dfshapir, hateornges, jaydoo909, kp, mobambachloride, stathx
Allen__OH, Arctic Tern, Armadillo, Cedar, Chicago Geographer, dfshapir, Flame, hateornges, jaydoo909, kp, mobambachloride, OKobern, Paris_Labrador, phosphophyllite, Radians, shin, stathx, Steve Lira, stupiddrew9, user1115, voltaicwaffles
Tuscarawas__OH, Arctic Tern, dfshapir, fladnag, Ivan, mobambachloride, phosphophyllite, Popeetoes, sagittarius998, stathx, voltaicwaffles, zenith
Harrison__OH, Arctic Tern, dfshapir, mobambachloride, phosphophyllite, sagittarius998, stathx, zenith
Jefferson__OH, Arctic Tern, Ava, Cedar, dfshapir, EnzoDragon1, mobambachloride, OKobern, phosphophyllite, sagittarius998, Sean30303, stathx, zenith
Brooke__WV, Arctic Tern, Ava, Cedar, dfshapir, EnzoDragon1, Jo™, mobambachloride, nuclear ocelot, phosphophyllite, sagittarius998, Sean30303, stathx, zenith
Delaware__OH, Arctic Tern, Armadillo, Cedar, dfshapir, EnzoDragon1, fbmdf1821, fladnag, Flame, hateornges, Ivan, Jet, Kai, mobambachloride, OKobern, oracle-of-naivete, phosphophyllite, Popeetoes, Radians, sagittarius998, stathx, stephner, stupiddrew9, TommyTheMet, Tumnus, Urbanindy, user1115, voltaicwaffles, zenith
Morrow__OH, Arctic Tern, Armadillo, dfshapir, EnzoDragon1, fladnag, hateornges, Ivan, Jet, jogwi, Kai, mobambachloride, OKobern, oracle-of-naivete, phosphophyllite, Popeetoes, Radians, stathx, stephner, TommyTheMet, Tumnus, Urbanindy, user1115, zenith
Knox__OH, Arctic Tern, dfshapir, jogwi, mobambachloride, oracle-of-naivete, stathx, user1115, zenith
Holmes__OH, Arctic Tern, dfshapir, Popeetoes, stathx, zenith
Coshocton__OH, Arctic Tern, dfshapir, mobambachloride, Popeetoes, stathx, zenith
Keweenaw__MI, Arctic Tern, Bradinator, Bvarium, Cedar, kp, Norton, Patxepi, qazplm500, sheepie, stathx, Tumnus, WizardGrape
Cheboygan__MI, Arctic Tern, AyjAy011, Bean, Bvarium, Cedar, Chicago Geographer, flaber, jogwi, kp, Norton, OceanMan, Patxepi, qazplm500, sagittarius998, Sean30303, sheepie, shin, stathx, stephner, stupiddrew9, The Texan, Urbanindy, voltaicwaffles
Emmet__MI, Arctic Tern, AyjAy011, Bean, Bvarium, Cedar, Chicago Geographer, flaber, jogwi, kp, Norton, OceanMan, Paris_Labrador, Patxepi, qazplm500, sagittarius998, Sean30303, sheepie, shin, stathx, stephner, Steve Lira, stupiddrew9, Urbanindy, voltaicwaffles
Marquette__MI, Arctic Tern, Cedar, Chicago Geographer, corndog, DasSchnootz, De Martian, jogwi, kp, OceanMan, Patxepi, qazplm500, sagittarius998, Sean30303, sheepie, stathx, Tumnus, Urbanindy, WizardGrape
Tucker__WV, Arctic Tern, Ava, chirpn, dfshapir, jogwi, nuclear ocelot, Patxepi, phosphophyllite, sagittarius998, shin, voltaicwaffles
Randolph__WV, Arctic Tern, chirpn, dfshapir, jogwi, mobambachloride, nuclear ocelot, Patxepi, phosphophyllite, sagittarius998, shin, voltaicwaffles
Pendleton__WV, Arctic Tern, Ava, dfshapir, jogwi, mobambachloride, nuclear ocelot, Patxepi, phosphophyllite, sagittarius998, shin, TommyTheMet, voltaicwaffles
Pocahontas__WV, Arctic Tern, chirpn, crownedkinggame, dfshapir, jogwi, nuclear ocelot, Patxepi, phosphophyllite, sagittarius998, shin, TommyTheMet
Webster__WV, Arctic Tern, dfshapir, jogwi, nuclear ocelot, phosphophyllite, shin
Hendry__FL, Arctic Tern, Ava, chirpn, DasSchnootz, dfshapir, Diamond Armor Steve, MKA, nuclear ocelot, shin, stupiddrew9
Okeechobee__FL, Arctic Tern, Ava, Diamond Armor Steve, EJ'sEmpire, Flame, hateornges, JayVerti, jogwi, MKA, nuclear ocelot, Radu, sagittarius998, shin, soup, stephner, stupiddrew9, UCLA_Jesus
Dorchester__MD, Arctic Tern, Bvarium, dfshapir, EnzoDragon1, flaber, JayVerti, Jo™, mobambachloride, nuclear ocelot, oracle-of-naivete, phosphophyllite, sagittarius998, shin, stathx, stephner
Rockdale__GA, Arctic Tern, Ava, Cascadia, crownedkinggame, dfshapir, fladnag, FlyingBro, GeoGamr🇺🇦, JayVerti, Jet, jogwi, Jo™, kp, MKA, mobambachloride, nuclear ocelot, Pencil Vulture, Radu, shin, soup, stathx, stupiddrew9, TommyTheMet, Urbanindy, voltaicwaffles
Newton__GA, Arctic Tern, Ava, Cascadia, crownedkinggame, dfshapir, FlyingBro, GeoGamr🇺🇦, JayVerti, Jet, jogwi, Jo™, kp, MKA, mobambachloride, nuclear ocelot, Pencil Vulture, Radu, shin, soup, stathx, stupiddrew9, TommyTheMet, Urbanindy, voltaicwaffles
Morgan__GA, Arctic Tern, Ava, Cascadia, crownedkinggame, dfshapir, FlyingBro, GeoGamr🇺🇦, JayVerti, Jet, jogwi, Jo™, kp, MKA, mobambachloride, nuclear ocelot, Pencil Vulture, Radu, shin, soup, stupiddrew9, TommyTheMet, voltaicwaffles
Walton__GA, Arctic Tern, Ava, Cascadia, dfshapir, FlyingBro, JayVerti, Jet, jogwi, Jo™, kp, MKA, mobambachloride, nuclear ocelot, Pencil Vulture, Radu, shin, soup, stathx, stupiddrew9, voltaicwaffles
Greene__GA, Arctic Tern, Ava, Cascadia, crownedkinggame, dfshapir, FlyingBro, GeoGamr🇺🇦, JayVerti, Jet, jogwi, Jo™, kp, MKA, mobambachloride, nuclear ocelot, Pencil Vulture, Radu, shin, soup, stupiddrew9, TommyTheMet, voltaicwaffles
Taliaferro__GA, Arctic Tern, Ava, Cascadia, crownedkinggame, dfshapir, FlyingBro, GeoGamr🇺🇦, JayVerti, Jet, jogwi, Jo™, kp, mobambachloride, nuclear ocelot, Pencil Vulture, Radu, shin, soup, stupiddrew9, TommyTheMet, voltaicwaffles
Warren__GA, Arctic Tern, Ava, Cascadia, crownedkinggame, dfshapir, FlyingBro, GeoGamr🇺🇦, JayVerti, Jet, jogwi, Jo™, kp, mobambachloride, nuclear ocelot, Pencil Vulture, Radu, shin, soup, stupiddrew9, TommyTheMet, voltaicwaffles
McDuffie__GA, Arctic Tern, Ava, Cascadia, crownedkinggame, dfshapir, FlyingBro, GeoGamr🇺🇦, JayVerti, Jet, jogwi, Jo™, kp, mobambachloride, muskox, nuclear ocelot, Pencil Vulture, Radu, shin, soup, stupiddrew9, TommyTheMet, voltaicwaffles
Columbia__GA, Arctic Tern, Ava, Cascadia, chirpn, crownedkinggame, dfshapir, FlyingBro, GeoGamr🇺🇦, JayVerti, Jet, jogwi, Jo™, kp, mobambachloride, muskox, nuclear ocelot, Pencil Vulture, Radu, shin, soup, stupiddrew9, TommyTheMet, voltaicwaffles
Barnwell__SC, Arctic Tern, Ava, dfshapir, JayVerti, kp, mobambachloride, muskox, nuclear ocelot, Pencil Vulture, Radu, shin, stupiddrew9, voltaicwaffles
Allendale__SC, Arctic Tern, Ava, JayVerti, kp, muskox, nuclear ocelot, oracle-of-naivete, Pencil Vulture, Radu, shin, soup, stupiddrew9, voltaicwaffles
Hampton__SC, Arctic Tern, arija, Ava, Bubba, Bvarium, chirpn, crownedkinggame, dfshapir, Diamond Armor Steve, Dragonfire, EnzoDragon1, fladnag, Flame, JayVerti, Jet, jogwi, kp, muskox, nuclear ocelot, OceanMan, oracle-of-naivete, Patxepi, Pencil Vulture, Piglee, Radu, sagittarius998, shin, soup, stephner, stupiddrew9, TheScooterBuskie, voltaicwaffles, zenith
Jasper__SC, Arctic Tern, arija, Armadillo, Ava, Bubba, Bvarium, Cascadia, Chicago Geographer, chirpn, crownedkinggame, dfshapir, Diamond Armor Steve, Dragonfire, EnzoDragon1, fladnag, Flame, FlyingBro, GeoGamr🇺🇦, JayVerti, Jet, jogwi, KlutchEZ, kp, Littleduck, mobambachloride, muskox, Norton, nuclear ocelot, OceanMan, oracle-of-naivete, Patxepi, Pencil Vulture, Piglee, Popeetoes, Radians, Radu, sagittarius998, shin, soup, stephner, Steve Lira, stupiddrew9, The Texan, TheScooterBuskie, TommyTheMet, Tumnus, Urbanindy, voltaicwaffles, zenith
Beaufort__SC, Arctic Tern, arija, Armadillo, Ava, Bvarium, Cascadia, Chicago Geographer, chirpn, dfshapir, Dragonfire, FlyingBro, GeoGamr🇺🇦, JayVerti, Jet, Littleduck, mobambachloride, muskox, Norton, nuclear ocelot, Pencil Vulture, Radians, Radu, sheepie, shin, stephner, stupiddrew9, The Texan, TommyTheMet, Tumnus, Urbanindy, user1115, voltaicwaffles
Chatham__GA, Arctic Tern, arija, Armadillo, Ava, Bubba, Bvarium, Chicago Geographer, chirpn, crownedkinggame, dfshapir, Diamond Armor Steve, Dragonfire, EnzoDragon1, fladnag, Flame, FlyingBro, GeoGamr🇺🇦, IGotSap, JayVerti, Jet, jogwi, Jo™, KlutchEZ, kp, Littleduck, MKA, mobambachloride, muskox, Norton, nuclear ocelot, OceanMan, OKobern, oracle-of-naivete, Patxepi, Pencil Vulture, Piglee, Popeetoes, Radians, Radu, sagittarius998, shin, soup, stathx, stephner, Steve Lira, stupiddrew9, The Texan, TheScooterBuskie, TommyTheMet, Tumnus, Urbanindy, voltaicwaffles, zenith
Effingham__GA, Arctic Tern, arija, Armadillo, Ava, Bubba, chirpn, crownedkinggame, Diamond Armor Steve, EnzoDragon1, fladnag, FlyingBro, GeoGamr🇺🇦, IGotSap, JayVerti, Jet, Jo™, Littleduck, MKA, mobambachloride, muskox, nuclear ocelot, OKobern, Pencil Vulture, Piglee, Popeetoes, Radu, sagittarius998, shin, soup, stathx, stupiddrew9, The Texan, Tumnus, Urbanindy, voltaicwaffles
Colleton__SC, Arctic Tern, arija, Armadillo, Ava, Bubba, Bvarium, Cascadia, Chicago Geographer, chirpn, crownedkinggame, dfshapir, Diamond Armor Steve, Dragonfire, EnzoDragon1, fladnag, Flame, FlyingBro, Jet, jogwi, KlutchEZ, mobambachloride, muskox, Norton, nuclear ocelot, OceanMan, oracle-of-naivete, Patxepi, Piglee, Radians, Radu, sagittarius998, sheepie, shin, soup, stephner, stupiddrew9, TheScooterBuskie, TommyTheMet, Tumnus, Urbanindy, user1115, voltaicwaffles, zenith
Charleston__SC, Arctic Tern, arija, Armadillo, Cascadia, Chicago Geographer, chirpn, crownedkinggame, De Martian, dfshapir, Diamond Armor Steve, flaber, FlyingBro, Jet, KlutchEZ, kp, MKA, mobambachloride, muskox, Norton, nuclear ocelot, Radians, Radu, sheepie, shin, soup, stathx, stephner, Steve Lira, stupiddrew9, TommyTheMet, Tumnus, Urbanindy, user1115, voltaicwaffles
Carroll__OH, Arctic Tern, dfshapir, stathx, zenith
Island__WA, Arctic Tern, bam, Bvarium, Cascadia, chirpn, dfshapir, gurf, MKA, nuclear ocelot, OKobern, Paris_Labrador, Pencil Vulture, Radians, shin, stathx
Flagler__FL, arija, Ava, Bubba, chirpn, crownedkinggame, dfshapir, Diamond Armor Steve, EnzoDragon1, fladnag, Flame, GeoGamr🇺🇦, IGotSap, jaydoo909, Jet, jogwi, Kai, kp, MKA, muskox, Norton, nuclear ocelot, OceanMan, OKobern, oracle-of-naivete, Patxepi, Radu, sagittarius998, shin, soup, Steve Lira, stupiddrew9, TheScooterBuskie, TommyTheMet, voltaicwaffles, zenith
St__Johns__FL, arija, Ava, Bubba, chirpn, crownedkinggame, dfshapir, Diamond Armor Steve, EnzoDragon1, fladnag, Flame, GeoGamr🇺🇦, IGotSap, jaydoo909, Jet, jogwi, Kai, kp, MKA, mobambachloride, muskox, Norton, nuclear ocelot, OceanMan, OKobern, oracle-of-naivete, Patxepi, Radians, Radu, sagittarius998, shin, soup, Steve Lira, stupiddrew9, TheScooterBuskie, TommyTheMet, voltaicwaffles, zenith
Duval__FL, arija, Armadillo, Ava, Bubba, chirpn, crownedkinggame, De Martian, dfshapir, Diamond Armor Steve, EnzoDragon1, fladnag, Flame, GeoGamr🇺🇦, IGotSap, Ivan, jaydoo909, Jet, jogwi, Kai, kp, MKA, mobambachloride, muskox, Norton, nuclear ocelot, OceanMan, OKobern, oracle-of-naivete, Patxepi, Piglee, Popeetoes, Radians, Radu, sagittarius998, shin, soup, stathx, stephner, Steve Lira, stupiddrew9, TheScooterBuskie, TommyTheMet, voltaicwaffles, zenith
Nassau__FL, arija, Armadillo, Ava, Bubba, chirpn, crownedkinggame, dfshapir, Diamond Armor Steve, EnzoDragon1, fladnag, Flame, GeoGamr🇺🇦, IGotSap, Ivan, jaydoo909, Jet, jogwi, Kai, kp, MKA, mobambachloride, muskox, Norton, nuclear ocelot, OceanMan, OKobern, oracle-of-naivete, Patxepi, Piglee, Popeetoes, Radians, Radu, sagittarius998, shin, soup, stathx, stephner, Steve Lira, stupiddrew9, TheScooterBuskie, TommyTheMet, voltaicwaffles, zenith
Clay__FL, arija, Ava, chirpn, fladnag, kp, MKA, nuclear ocelot, Radians, Radu, shin, stathx, stephner, stupiddrew9, voltaicwaffles, zenith
Putnam__FL, arija, Ava, MKA, Norton, nuclear ocelot, Radians, shin, stathx, voltaicwaffles, zenith
Seminole__FL, arija, Ava, Bubba, chirpn, crownedkinggame, dfshapir, Diamond Armor Steve, EJ'sEmpire, EnzoDragon1, fladnag, Flame, hateornges, IGotSap, jaydoo909, Jet, MKA, muskox, Norton, nuclear ocelot, OKobern, oracle-of-naivete, Patxepi, sagittarius998, shin, soup, Steve Lira, stupiddrew9, TheScooterBuskie, TommyTheMet, voltaicwaffles, zenith
Citrus__FL, arija, Ava, De Martian, dfshapir, MKA, mobambachloride, muskox, nuclear ocelot, Radu, shin, Steve Lira, voltaicwaffles
Hernando__FL, arija, Ava, De Martian, dfshapir, fladnag, Flame, GeoGamr🇺🇦, hateornges, IGotSap, Ivan, jogwi, kp, MKA, mobambachloride, Norton, nuclear ocelot, OceanMan, oracle-of-naivete, Paris_Labrador, Radu, Sean30303, shin, stephner, Steve Lira, stupiddrew9, voltaicwaffles
Pasco__FL, arija, Ava, De Martian, dfshapir, fladnag, Flame, GeoGamr🇺🇦, hateornges, IGotSap, Ivan, jogwi, kp, MKA, mobambachloride, Norton, nuclear ocelot, OceanMan, oracle-of-naivete, Paris_Labrador, Radu, Sean30303, shin, stephner, Steve Lira, stupiddrew9, voltaicwaffles
Hardee__FL, arija, Ava, Diamond Armor Steve, MKA, nuclear ocelot, shin, stupiddrew9
DeSoto__FL, arija, Ava, Diamond Armor Steve, GeoGamr🇺🇦, MKA, nuclear ocelot, OceanMan, oracle-of-naivete, Paris_Labrador, shin, stupiddrew9
Highlands__FL, arija, Ava, chirpn, dfshapir, Diamond Armor Steve, MKA, nuclear ocelot, shin, stupiddrew9
Levy__FL, arija, Ava, Jet, kp, MKA, mobambachloride, nuclear ocelot, Radu, shin
Dixie__FL, arija, Ava, MKA, mobambachloride, nuclear ocelot, Radu, shin
Taylor__FL, arija, Ava, MKA, mobambachloride, nuclear ocelot, Radu, shin
Wakulla__FL, arija, Ava, Kiribati, nuclear ocelot, Radu, shin
Leon__FL, arija, Armadillo, Ava, dfshapir, GeoGamr🇺🇦, IGotSap, jaydoo909, Jet, jogwi, Kiribati, KlutchEZ, MKA, mobambachloride, nuclear ocelot, OceanMan, OKobern, oracle-of-naivete, Piglee, Popeetoes, Radians, Radu, Sean30303, shin, stupiddrew9, The Texan, zenith
Jefferson__FL, arija, Armadillo, Ava, dfshapir, GeoGamr🇺🇦, IGotSap, jaydoo909, Jet, jogwi, KlutchEZ, MKA, mobambachloride, nuclear ocelot, OceanMan, OKobern, Piglee, Popeetoes, Radians, Radu, Sean30303, shin, stupiddrew9, The Texan, zenith
Gilchrist__FL, arija, Ava, MKA, nuclear ocelot, Radu, shin, stathx
Madison__FL, arija, Armadillo, Ava, dfshapir, GeoGamr🇺🇦, IGotSap, jaydoo909, Jet, jogwi, KlutchEZ, MKA, nuclear ocelot, OceanMan, OKobern, Piglee, Popeetoes, Radians, Radu, Sean30303, shin, stathx, stupiddrew9, The Texan, zenith
Baker__FL, arija, Armadillo, Ava, IGotSap, jaydoo909, Kai, kp, mobambachloride, Norton, nuclear ocelot, OKobern, Piglee, Popeetoes, Radu, shin, stathx, voltaicwaffles, zenith
Charlton__GA, arija, Ava, dfshapir, nuclear ocelot, Radu, shin, stathx, voltaicwaffles
Ware__GA, arija, Ava, nuclear ocelot, oracle-of-naivete, Radu, shin, stathx
Clinch__GA, arija, Ava, nuclear ocelot, oracle-of-naivete, shin, stathx
Camden__GA, arija, Armadillo, Ava, Bubba, chirpn, crownedkinggame, dfshapir, Diamond Armor Steve, EnzoDragon1, fladnag, Flame, GeoGamr🇺🇦, IGotSap, Ivan, Jet, jogwi, kp, mobambachloride, muskox, nuclear ocelot, OceanMan, OKobern, oracle-of-naivete, Patxepi, Piglee, Popeetoes, Radians, Radu, sagittarius998, shin, soup, stathx, stephner, Steve Lira, stupiddrew9, TheScooterBuskie, TommyTheMet, voltaicwaffles, zenith
Glynn__GA, arija, Armadillo, Ava, Bubba, chirpn, crownedkinggame, dfshapir, Diamond Armor Steve, EnzoDragon1, fladnag, Flame, GeoGamr🇺🇦, IGotSap, Ivan, Jet, jogwi, kp, mobambachloride, muskox, nuclear ocelot, OceanMan, OKobern, oracle-of-naivete, Patxepi, Piglee, Popeetoes, Radians, Radu, sagittarius998, shin, soup, stathx, stephner, Steve Lira, stupiddrew9, TheScooterBuskie, TommyTheMet, Urbanindy, voltaicwaffles, zenith
McIntosh__GA, arija, Armadillo, Ava, Bubba, chirpn, crownedkinggame, dfshapir, Diamond Armor Steve, EnzoDragon1, fladnag, Flame, GeoGamr🇺🇦, IGotSap, Jet, jogwi, kp, mobambachloride, muskox, nuclear ocelot, OceanMan, OKobern, oracle-of-naivete, Patxepi, Piglee, Popeetoes, Radians, Radu, sagittarius998, shin, soup, stathx, stephner, Steve Lira, stupiddrew9, TheScooterBuskie, TommyTheMet, Urbanindy, voltaicwaffles, zenith
Liberty__GA, arija, Armadillo, Ava, Bubba, chirpn, crownedkinggame, dfshapir, Diamond Armor Steve, EnzoDragon1, fladnag, Flame, GeoGamr🇺🇦, IGotSap, Jet, jogwi, kp, mobambachloride, muskox, nuclear ocelot, OceanMan, OKobern, oracle-of-naivete, Patxepi, Piglee, Popeetoes, Radians, Radu, sagittarius998, shin, soup, stathx, stephner, Steve Lira, stupiddrew9, TheScooterBuskie, TommyTheMet, Urbanindy, voltaicwaffles, zenith
Bryan__GA, arija, Armadillo, Ava, Bubba, chirpn, crownedkinggame, dfshapir, Diamond Armor Steve, EnzoDragon1, fladnag, Flame, FlyingBro, GeoGamr🇺🇦, IGotSap, JayVerti, Jet, jogwi, Jo™, KlutchEZ, kp, Littleduck, MKA, mobambachloride, muskox, nuclear ocelot, OceanMan, OKobern, oracle-of-naivete, Patxepi, Pencil Vulture, Piglee, Popeetoes, Radians, Radu, sagittarius998, shin, soup, stathx, stephner, Steve Lira, stupiddrew9, The Texan, TheScooterBuskie, TommyTheMet, Tumnus, Urbanindy, voltaicwaffles, zenith
Manatee__FL, arija, Ava, Cedar, DasSchnootz, De Martian, dfshapir, Diamond Armor Steve, Geo, GeoGamr🇺🇦, jogwi, Kiribati, kp, MKA, Norton, nuclear ocelot, OceanMan, OKobern, oracle-of-naivete, Paris_Labrador, Patxepi, shin, soup, stupiddrew9, Urbanindy, voltaicwaffles
Dorchester__SC, arija, Ava, Bubba, Bvarium, Cascadia, Chicago Geographer, chirpn, crownedkinggame, dfshapir, Diamond Armor Steve, Dragonfire, EnzoDragon1, flaber, fladnag, Flame, FlyingBro, Jet, jogwi, kp, MKA, muskox, Norton, nuclear ocelot, OceanMan, oracle-of-naivete, Patxepi, Piglee, Radians, Radu, sagittarius998, shin, soup, stephner, Steve Lira, stupiddrew9, TheScooterBuskie, TommyTheMet, Urbanindy, user1115, voltaicwaffles, zenith
Orangeburg__SC, arija, Ava, Bubba, Bvarium, Cascadia, Chicago Geographer, chirpn, crownedkinggame, dfshapir, Diamond Armor Steve, Dragonfire, EnzoDragon1, flaber, fladnag, Flame, FlyingBro, Jet, jogwi, kp, MKA, mobambachloride, muskox, Norton, nuclear ocelot, OceanMan, oracle-of-naivete, Patxepi, Piglee, Radians, Radu, sagittarius998, shin, soup, stephner, Steve Lira, stupiddrew9, TheScooterBuskie, TommyTheMet, Urbanindy, user1115, voltaicwaffles, zenith
Clarendon__SC, arija, Ava, Bubba, chirpn, crownedkinggame, dfshapir, Diamond Armor Steve, Dragonfire, EnzoDragon1, flaber, Flame, Jet, mobambachloride, muskox, nuclear ocelot, OceanMan, oracle-of-naivete, Patxepi, Piglee, Radians, sagittarius998, shin, soup, stephner, TheScooterBuskie, TommyTheMet, voltaicwaffles
Sumter__SC, arija, Ava, Bubba, chirpn, crownedkinggame, dfshapir, Diamond Armor Steve, Dragonfire, EnzoDragon1, flaber, Flame, Jet, mobambachloride, muskox, nuclear ocelot, OceanMan, oracle-of-naivete, Patxepi, Piglee, Radians, Radu, sagittarius998, shin, soup, stephner, TheScooterBuskie, TommyTheMet, user1115, voltaicwaffles
Florence__SC, arija, Armadillo, Ava, Bubba, Cascadia, chirpn, crownedkinggame, dfshapir, Diamond Armor Steve, Dragonfire, EnzoDragon1, flaber, Flame, Jet, jogwi, mobambachloride, muskox, nuclear ocelot, OceanMan, oracle-of-naivete, Patxepi, Piglee, Radu, sagittarius998, shin, soup, stephner, TheScooterBuskie, TommyTheMet, Tumnus, user1115, voltaicwaffles
Dillon__SC, arija, Armadillo, Ava, Bubba, chirpn, crownedkinggame, dfshapir, Diamond Armor Steve, Dragonfire, EnzoDragon1, flaber, Flame, Jet, jogwi, Jo™, mobambachloride, muskox, nuclear ocelot, OceanMan, oracle-of-naivete, Patxepi, Piglee, Radu, sagittarius998, shin, soup, stephner, Steve Lira, TheScooterBuskie, TommyTheMet, user1115, voltaicwaffles
Cumberland__NC, arija, Armadillo, Ava, Bubba, chirpn, crownedkinggame, dfshapir, Diamond Armor Steve, Dragonfire, EnzoDragon1, flaber, Flame, Jet, Jo™, mobambachloride, muskox, nuclear ocelot, OceanMan, oracle-of-naivete, Patxepi, Piglee, Popeetoes, sagittarius998, shin, soup, stephner, TheScooterBuskie, TommyTheMet, user1115, voltaicwaffles, wyatt
Harnett__NC, arija, Ava, Bubba, chirpn, crownedkinggame, dfshapir, Diamond Armor Steve, Dragonfire, EnzoDragon1, flaber, Flame, Jet, Jo™, mobambachloride, muskox, nuclear ocelot, OceanMan, oracle-of-naivete, Patxepi, Piglee, Popeetoes, sagittarius998, shin, soup, stephner, TheScooterBuskie, TommyTheMet, user1115, voltaicwaffles, wyatt
Isle_of_Wight__VA, arija, dfshapir, Diamond Armor Steve, EJ'sEmpire, ineedaface, Jo™, muskox, nuclear ocelot, shin
Newport_News__VA, arija, chirpn, dfshapir, Diamond Armor Steve, EJ'sEmpire, EnzoDragon1, fbmdf1821, flaber, ineedaface, Jet, mobambachloride, muskox, nuclear ocelot, OceanMan, oracle-of-naivete, Paris_Labrador, Patxepi, Popeetoes, sagittarius998, sheepie, shin, soup, Steve Lira, stupiddrew9
Hampton__VA, arija, chirpn, dfshapir, Diamond Armor Steve, EJ'sEmpire, EnzoDragon1, flaber, ineedaface, Jet, mobambachloride, muskox, nuclear ocelot, OceanMan, oracle-of-naivete, Paris_Labrador, Patxepi, Popeetoes, sagittarius998, sheepie, shin, soup, Steve Lira, stupiddrew9
York__VA, arija, chirpn, crownedkinggame, dfshapir, Diamond Armor Steve, EJ'sEmpire, EnzoDragon1, fbmdf1821, flaber, ineedaface, Jet, mobambachloride, muskox, nuclear ocelot, OceanMan, oracle-of-naivete, Paris_Labrador, Patxepi, Popeetoes, sagittarius998, sheepie, shin, soup, Steve Lira, stupiddrew9, user1115
James_City__VA, arija, chirpn, crownedkinggame, dfshapir, Diamond Armor Steve, EJ'sEmpire, EnzoDragon1, fbmdf1821, flaber, ineedaface, Jet, mobambachloride, muskox, nuclear ocelot, OceanMan, oracle-of-naivete, Paris_Labrador, Patxepi, Popeetoes, sagittarius998, sheepie, shin, soup, Steve Lira, stupiddrew9, user1115
Williamsburg__VA, arija, crownedkinggame, dfshapir, Diamond Armor Steve, EJ'sEmpire, EnzoDragon1, fbmdf1821, flaber, ineedaface, Jet, muskox, nuclear ocelot, oracle-of-naivete, Patxepi, Popeetoes, sagittarius998, sheepie, shin, soup, Steve Lira
New_Kent__VA, arija, chirpn, crownedkinggame, dfshapir, Diamond Armor Steve, EJ'sEmpire, EnzoDragon1, fbmdf1821, flaber, Jet, mobambachloride, muskox, nuclear ocelot, OceanMan, oracle-of-naivete, Paris_Labrador, Patxepi, Popeetoes, sagittarius998, sheepie, shin, Steve Lira, stupiddrew9, user1115
Bristol__RI, arija, AyjAy011, bam, Chicago Geographer, dfshapir, EnzoDragon1, hateornges, JayVerti, OKobern, oracle-of-naivete, sagittarius998, shin, stathx, TheScooterBuskie, Tumnus, wyatt, zenith
Lincoln__ME, arija, Chicago Geographer, chirpn, dfshapir, EnzoDragon1, ineedaface, JayVerti, Kai, Knight, lostmyballs, nuclear ocelot, OKobern, oracle-of-naivete, Paris_Labrador, Patxepi, Piglee, Radians, sagittarius998, sheepie, shin, stathx, stephner, Steve Lira, Tumnus, Urbanindy, user1115
Knox__ME, arija, chirpn, dfshapir, EnzoDragon1, ineedaface, JayVerti, Kai, Knight, lostmyballs, nuclear ocelot, oracle-of-naivete, Patxepi, Piglee, Radians, sagittarius998, sheepie, shin, stathx, stephner, Steve Lira, Tumnus, Urbanindy, user1115
Washington__ME, arija, Bvarium, Chicago Geographer, chirpn, dfshapir, EnzoDragon1, ineedaface, JayVerti, nuclear ocelot, OceanMan, Piglee, Radians, sagittarius998, shin, stathx, Steve Lira, Tumnus, user1115
Aroostook__ME, arija, Chicago Geographer, dfshapir, EnzoDragon1, ineedaface, JayVerti, nuclear ocelot, Piglee, Radians, sagittarius998, shin, stathx, Tumnus, user1115
Grand_Isle__VT, arija, bam, DasSchnootz, De Martian, dfshapir, EnzoDragon1, JayVerti, OceanMan, oracle-of-naivete, Piglee, Radians, sagittarius998, shin, train, Tumnus
Orleans__VT, arija, bam, chirpn, dfshapir, EJ'sEmpire, EnzoDragon1, JayVerti, Knight, OKobern, oracle-of-naivete, Piglee, Radians, sagittarius998, shin, stephner, train, Tumnus
Caledonia__VT, arija, bam, Chicago Geographer, chirpn, De Martian, dfshapir, EJ'sEmpire, EnzoDragon1, ineedaface, JayVerti, Knight, lostmyballs, OceanMan, OKobern, oracle-of-naivete, phosphophyllite, Piglee, Popeetoes, Radians, sagittarius998, sheepie, shin, stephner, TommyTheMet, Tumnus
Addison__VT, arija, De Martian, dfshapir, EnzoDragon1, JayVerti, Knight, mobambachloride, OKobern, oracle-of-naivete, Piglee, Popeetoes, Radians, sagittarius998, shin, TheScooterBuskie, TommyTheMet, train, Tumnus, user1115, wyatt
Lamoille__VT, arija, chirpn, De Martian, dfshapir, EnzoDragon1, ineedaface, JayVerti, Knight, OKobern, oracle-of-naivete, Radians, sagittarius998, shin, Steve Lira, train, Tumnus
Carroll__NH, arija, bam, Chicago Geographer, DasSchnootz, dfshapir, EnzoDragon1, flaber, ineedaface, Ivan, JayVerti, Kai, Knight, lostmyballs, MKA, nuclear ocelot, Popeetoes, Radians, sagittarius998, shin, stephner, TommyTheMet, Tumnus, voltaicwaffles, wyatt
Wayne__NY, arija, Banana Peel Seal, Chicago Geographer, dfshapir, ineedaface, JayVerti, jogwi, nuclear ocelot, OceanMan, Popeetoes, sagittarius998, Sean30303, sheepie, stathx, TommyTheMet, train
Franklin__NY, arija, JayVerti, nuclear ocelot, OceanMan, Patxepi, sagittarius998, shin, train
Hamilton__NY, arija, dfshapir, JayVerti, jogwi, nuclear ocelot, oracle-of-naivete, Patxepi, sagittarius998, shin, TommyTheMet, train
Marlboro__SC, arija, Armadillo, Ava, Bubba, chirpn, crownedkinggame, dfshapir, Dragonfire, EnzoDragon1, flaber, Flame, Jet, jogwi, Jo™, mobambachloride, muskox, nuclear ocelot, OceanMan, oracle-of-naivete, Piglee, Radu, sagittarius998, shin, soup, TheScooterBuskie, TommyTheMet, user1115, voltaicwaffles
Rockingham__NC, arija, Ava, chirpn, crownedkinggame, dfshapir, Diamond Armor Steve, Jet, jogwi, mobambachloride, muskox, nuclear ocelot, OceanMan, Patxepi, shin, soup, user1115, voltaicwaffles, zenith
Henry__VA, arija, Ava, chirpn, crownedkinggame, dfshapir, Diamond Armor Steve, mobambachloride, muskox, nuclear ocelot, OceanMan, shin, stupiddrew9, voltaicwaffles, zenith
Bedford_Co___VA, arija, Cascadia, chirpn, crownedkinggame, De Martian, dfshapir, Diamond Armor Steve, flaber, FlyingBro, Jet, jogwi, nuclear ocelot, Patxepi, phosphophyllite, sagittarius998, shin, soup, stephner, user1115
Craig__VA, arija, crownedkinggame, dfshapir, nuclear ocelot, shin, zenith
Monroe__WV, arija, chirpn, crownedkinggame, dfshapir, nuclear ocelot, phosphophyllite, shin, stupiddrew9, Urbanindy, zenith
Pacific__WA, arija, Cascadia, chirpn, dfshapir, gurf, lostmyballs, MKA, mobambachloride, nuclear ocelot, OceanMan, OKobern, Pencil Vulture, Pendulous, Radians, Sean30303, sheepie, shin, sunnysideup, The Texan, TheScooterBuskie, Tumnus, wyatt
Deschutes__OR, arija, Bvarium, Cascadia, chirpn, De Martian, gurf, jogwi, Kai, OceanMan, OKobern, Pencil Vulture, sunnysideup, Tumnus, wyatt
Jefferson__OR, arija, Bvarium, Cascadia, chirpn, gurf, OKobern, Pencil Vulture, sunnysideup, Tumnus, wyatt
Okanogan__WA, arija, Cascadia, chirpn, gurf, MKA, nuclear ocelot, Pencil Vulture, Radians, shin, stathx
Douglas__WA, arija, dfshapir, fladnag, gurf, MKA, nuclear ocelot, OKobern, Pencil Vulture, Radians, shin, stathx, sunnysideup
Grant__WA, arija, dfshapir, fladnag, gurf, MKA, nuclear ocelot, OceanMan, OKobern, Pencil Vulture, Radians, sheepie, shin, stathx, sunnysideup, TheScooterBuskie, Tumnus, zenith
Bonner__ID, arija, Cascadia, dfshapir, fladnag, gurf, jogwi, Kai, MKA, OceanMan, OKobern, Pencil Vulture, Radians, shin, stathx, Steve Lira, Tumnus, Urbanindy, voltaicwaffles
Boundary__ID, arija, Cascadia, dfshapir, fladnag, gurf, jogwi, Kai, MKA, OceanMan, OKobern, Pencil Vulture, Radians, shin, stathx, Tumnus, Urbanindy, voltaicwaffles
Goshen__WY, arija, dfshapir, EnzoDragon1, jogwi, muskox, OceanMan, OKobern, oracle-of-naivete, Radians, sheepie, shin, stathx, user1115, zenith
Morrill__NE, arija, dfshapir, GeoGamr🇺🇦, gurf, jogwi, Jo™, OceanMan, OKobern, Patxepi, Radians, sheepie, stathx, user1115, zenith
Box_Butte__NE, arija, GeoGamr🇺🇦, gurf, Jo™, OceanMan, OKobern, oracle-of-naivete, Patxepi, Radians, sheepie, stathx, user1115, zenith
Dawes__NE, arija, GeoGamr🇺🇦, gurf, OceanMan, OKobern, oracle-of-naivete, Radians, sheepie, stathx, user1115, zenith
Sioux__NE, arija, dfshapir, EnzoDragon1, gurf, jogwi, OceanMan, OKobern, oracle-of-naivete, Radians, sheepie, stathx, zenith
Chattooga__GA, Armadillo, dfshapir, fladnag, Jet, KlutchEZ, muskox, nuclear ocelot, Radu, shin, stathx, stupiddrew9, zenith
Floyd__GA, Armadillo, fladnag, Jet, jogwi, KlutchEZ, mobambachloride, muskox, nuclear ocelot, Radu, shin, stathx, stupiddrew9, zenith
Polk__GA, Armadillo, GeoGamr🇺🇦, Jet, nuclear ocelot, Radu, shin, stathx
Haralson__GA, Armadillo, Cascadia, chirpn, GeoGamr🇺🇦, Jet, jogwi, KlutchEZ, mobambachloride, muskox, nuclear ocelot, OKobern, Radu, shin, stathx, Tumnus, voltaicwaffles, zenith
Carroll__GA, Armadillo, Cascadia, chirpn, GeoGamr🇺🇦, Jet, jogwi, KlutchEZ, mobambachloride, muskox, nuclear ocelot, OKobern, Radu, shin, stathx, Tumnus, voltaicwaffles, zenith
Troup__GA, Armadillo, crownedkinggame, FlyingBro, hateornges, Jet, jogwi, MKA, mobambachloride, nuclear ocelot, OKobern, phosphophyllite, Radu, sagittarius998, sheepie, shin, stathx, stupiddrew9, voltaicwaffles
Harris__GA, Armadillo, crownedkinggame, FlyingBro, hateornges, Jet, jogwi, MKA, mobambachloride, nuclear ocelot, OKobern, phosphophyllite, Radu, sagittarius998, sheepie, shin, stathx, stupiddrew9, voltaicwaffles
Muscogee__GA, Armadillo, crownedkinggame, GeoGamr🇺🇦, hateornges, Jet, KlutchEZ, mobambachloride, nuclear ocelot, OKobern, Radu, shin, stathx, stupiddrew9, zenith
Stewart__GA, Armadillo, Ava, GeoGamr🇺🇦, Jet, mobambachloride, nuclear ocelot, Radu, shin, stathx, stupiddrew9, zenith
Webster__GA, Armadillo, Ava, GeoGamr🇺🇦, Jet, nuclear ocelot, Radu, shin, stathx, stupiddrew9, zenith
Talbot__GA, Armadillo, Jet, KlutchEZ, mobambachloride, nuclear ocelot, OKobern, shin, stathx
Marion__GA, Armadillo, Ava, nuclear ocelot, shin, stathx, stupiddrew9
Sumter__GA, Armadillo, Ava, mobambachloride, nuclear ocelot, Radu, shin, stathx, stupiddrew9
Bleckley__GA, Armadillo, Ava, FlyingBro, GeoGamr🇺🇦, IGotSap, JayVerti, Jet, Jo™, KlutchEZ, Littleduck, MKA, nuclear ocelot, OKobern, Pencil Vulture, Popeetoes, Radu, shin, stathx, stupiddrew9, The Texan, Tumnus, Urbanindy
Pulaski__GA, Armadillo, Ava, nuclear ocelot, shin, stathx
Wilkinson__GA, Armadillo, Ava, Jo™, mobambachloride, nuclear ocelot, Radu, shin, stathx
Laurens__GA, Armadillo, Ava, FlyingBro, GeoGamr🇺🇦, IGotSap, JayVerti, Jet, Jo™, KlutchEZ, Littleduck, MKA, nuclear ocelot, OKobern, Pencil Vulture, Popeetoes, Radu, shin, stathx, stupiddrew9, The Texan, Tumnus, Urbanindy
Coweta__GA, Armadillo, crownedkinggame, FlyingBro, GeoGamr🇺🇦, hateornges, Jet, MKA, mobambachloride, nuclear ocelot, OKobern, phosphophyllite, Radu, sagittarius998, sheepie, shin, stathx, stupiddrew9, voltaicwaffles
Meriwether__GA, Armadillo, crownedkinggame, FlyingBro, hateornges, Jet, MKA, mobambachloride, nuclear ocelot, OKobern, phosphophyllite, Radu, sagittarius998, sheepie, shin, stathx, stupiddrew9, voltaicwaffles
Crawford__GA, Armadillo, Ava, AyjAy011, Chicago Geographer, Flame, hateornges, IGotSap, Jet, Kai, KlutchEZ, MKA, mobambachloride, muskox, Norton, nuclear ocelot, OKobern, oracle-of-naivete, Piglee, Popeetoes, Radu, Sean30303, shin, soup, stathx
Taylor__GA, Armadillo, Ava, Jet, KlutchEZ, mobambachloride, nuclear ocelot, OKobern, shin, stathx
Schley__GA, Armadillo, Ava, nuclear ocelot, Radu, shin, stathx, stupiddrew9
Macon__GA, Armadillo, Ava, mobambachloride, nuclear ocelot, Radu, shin, stathx, stupiddrew9
Jones__GA, Armadillo, Jo™, mobambachloride, nuclear ocelot, OKobern, Radu, shin, stathx, Urbanindy
Twiggs__GA, Armadillo, Ava, FlyingBro, GeoGamr🇺🇦, IGotSap, JayVerti, Jet, Jo™, KlutchEZ, Littleduck, MKA, mobambachloride, nuclear ocelot, OKobern, Pencil Vulture, Popeetoes, Radu, shin, stathx, stupiddrew9, The Texan, Tumnus, Urbanindy
Johnson__GA, Armadillo, Jo™, nuclear ocelot, Pencil Vulture, Radu, shin, stathx, stupiddrew9
Treutlen__GA, Armadillo, Ava, FlyingBro, GeoGamr🇺🇦, IGotSap, JayVerti, Jet, Jo™, KlutchEZ, Littleduck, MKA, nuclear ocelot, OKobern, Pencil Vulture, Popeetoes, Radu, shin, stathx, stupiddrew9, The Texan, Tumnus, Urbanindy
Emanuel__GA, Armadillo, Ava, FlyingBro, GeoGamr🇺🇦, IGotSap, JayVerti, Jet, Jo™, KlutchEZ, Littleduck, MKA, nuclear ocelot, OKobern, oracle-of-naivete, Pencil Vulture, Popeetoes, Radu, shin, stathx, stupiddrew9, The Texan, Tumnus, Urbanindy
Candler__GA, Armadillo, Ava, FlyingBro, GeoGamr🇺🇦, IGotSap, JayVerti, Jet, Jo™, KlutchEZ, Littleduck, MKA, nuclear ocelot, OKobern, Pencil Vulture, Popeetoes, Radu, shin, stathx, stupiddrew9, The Texan, Tumnus, Urbanindy
Bulloch__GA, Armadillo, Ava, FlyingBro, GeoGamr🇺🇦, IGotSap, JayVerti, Jet, Jo™, KlutchEZ, Littleduck, MKA, mobambachloride, nuclear ocelot, OKobern, oracle-of-naivete, Pencil Vulture, Popeetoes, Radu, shin, stathx, stupiddrew9, The Texan, Tumnus, Urbanindy
Worth__GA, Armadillo, Ava, GeoGamr🇺🇦, Kai, nuclear ocelot, Piglee, Radu, shin, stathx, stupiddrew9, zenith
Dougherty__GA, Armadillo, Ava, GeoGamr🇺🇦, Kai, mobambachloride, nuclear ocelot, Radu, shin, stathx, stupiddrew9, zenith
Baker__GA, Armadillo, Ava, nuclear ocelot, Radu, shin, stathx, stupiddrew9
Miller__GA, Armadillo, Ava, dfshapir, mobambachloride, nuclear ocelot, Radu, shin, stathx, stupiddrew9
Seminole__GA, Armadillo, Ava, dfshapir, jogwi, nuclear ocelot, Radu, shin, stathx, stupiddrew9
Lexington__VA, Armadillo, chirpn, dfshapir, mobambachloride, nuclear ocelot, oracle-of-naivete, shin, stupiddrew9, Tumnus, voltaicwaffles
Manassas__VA, Armadillo, chirpn, dfshapir, Diamond Armor Steve, Jo™, nuclear ocelot, Patxepi, phosphophyllite, sagittarius998, shin, stephner, Urbanindy, voltaicwaffles, zenith
Fairfax__VA, Armadillo, bam, Bvarium, chirpn, dfshapir, Diamond Armor Steve, flaber, FlyingBro, GeoGamr🇺🇦, Ivan, Jo™, mobambachloride, Norton, nuclear ocelot, oracle-of-naivete, Patxepi, phosphophyllite, Radians, sagittarius998, shin, voltaicwaffles, zenith
Falls_Church__VA, Armadillo, bam, dfshapir, Diamond Armor Steve, flaber, GeoGamr🇺🇦, Ivan, Jo™, Norton, nuclear ocelot, OceanMan, Patxepi, phosphophyllite, Radians, sagittarius998, shin, voltaicwaffles, wyatt
Hopewell__VA, Armadillo, Bubba, chirpn, crownedkinggame, dfshapir, Diamond Armor Steve, flaber, Jet, Jo™, shin, voltaicwaffles
St_Mary_s__MD, Armadillo, Bvarium, dfshapir, flaber, mobambachloride, nuclear ocelot, oracle-of-naivete, sagittarius998, shin
Charles__MD, Armadillo, Bubba, Bvarium, crownedkinggame, dfshapir, Diamond Armor Steve, flaber, mobambachloride, muskox, nuclear ocelot, oracle-of-naivete, sagittarius998, shin, user1115, voltaicwaffles
Fremont__WY, Armadillo, DasSchnootz, gurf, jogwi, OceanMan, OKobern, Pencil Vulture, Radians, sheepie, stathx, Steve Lira, wyatt
Defiance__OH, Armadillo, dfshapir, hateornges, jaydoo909, JayVerti, Jet, mobambachloride, Norton, Paris_Labrador, shin, stathx, stephner, stupiddrew9, TommyTheMet, Urbanindy
Henry__OH, Armadillo, dfshapir, hateornges, jaydoo909, JayVerti, Jet, mobambachloride, Norton, Paris_Labrador, phosphophyllite, sagittarius998, shin, stathx, stephner, stupiddrew9, TommyTheMet, Urbanindy
Butler__OH, Armadillo, DasSchnootz, De Martian, dfshapir, hateornges, Ivan, jaydoo909, kp, mobambachloride, Norton, oracle-of-naivete, Paris_Labrador, Radians, stathx, Steve Lira, stupiddrew9, Urbanindy, voltaicwaffles, zenith
Shelby__OH, Armadillo, Chicago Geographer, dfshapir, hateornges, jaydoo909, kp, mobambachloride, Paris_Labrador, Radians, shin, stathx, stupiddrew9, voltaicwaffles
Miami__OH, Armadillo, Chicago Geographer, dfshapir, hateornges, Ivan, jaydoo909, Kai, kp, mobambachloride, Paris_Labrador, Radians, shin, stathx, stupiddrew9, voltaicwaffles
Clermont__OH, Armadillo, dfshapir, Diamond Armor Steve, Ivan, jogwi, kp, stathx, voltaicwaffles, zenith
Jackson__OH, Armadillo, Bvarium, corndog, dfshapir, Diamond Armor Steve, hateornges, jogwi, oracle-of-naivete, Paris_Labrador, Pendulous, Sean30303, stathx, Steve Lira, voltaicwaffles, zenith
Gallia__OH, Armadillo, Bvarium, corndog, dfshapir, Diamond Armor Steve, hateornges, jogwi, Paris_Labrador, Pendulous, phosphophyllite, Sean30303, stathx, Steve Lira, voltaicwaffles
Knox__IL, Armadillo, AyjAy011, Banana Peel Seal, Bradinator, Bvarium, Cedar, Chicago Geographer, dfshapir, fladnag, Flame, jogwi, kp, mobambachloride, Norton, nuclear ocelot, Sean30303, sheepie, shin, Steve Lira, stupiddrew9, The Texan, Urbanindy, voltaicwaffles, zenith
Peoria__IL, Armadillo, AyjAy011, Bradinator, Bvarium, Chicago Geographer, dfshapir, Ivan, jogwi, kp, mobambachloride, nuclear ocelot, Pendulous, Sean30303, shin, The Texan, Urbanindy, voltaicwaffles, zenith
Tazewell__IL, Armadillo, AyjAy011, Bradinator, Bvarium, Chicago Geographer, dfshapir, Ivan, jogwi, kp, mobambachloride, nuclear ocelot, Pendulous, Sean30303, shin, The Texan, Urbanindy, voltaicwaffles, zenith
Kent__MI, Armadillo, AyjAy011, Bean, Bvarium, Cedar, Chicago Geographer, gurf, hateornges, ineedaface, lostmyballs, mobambachloride, Norton, Paris_Labrador, Pendulous, sheepie, shin, stathx, Steve Lira, The Texan, Urbanindy, voltaicwaffles, zenith
Ionia__MI, Armadillo, AyjAy011, Bean, Cedar, hateornges, ineedaface, shin, stathx, voltaicwaffles, zenith
Ingham__MI, Armadillo, AyjAy011, Bean, Cedar, flaber, hateornges, ineedaface, Kai, mobambachloride, Paris_Labrador, shin, stathx, Steve Lira, stupiddrew9, Urbanindy, voltaicwaffles, zenith
Lenawee__MI, Armadillo, dfshapir, hateornges, JayVerti, mobambachloride, Paris_Labrador, phosphophyllite, shin, stathx, stephner, zenith
Jackson__MI, Armadillo, Cedar, Chicago Geographer, DasSchnootz, dfshapir, Flame, hateornges, Ivan, Paris_Labrador, Sean30303, shin, stathx, Steve Lira, stupiddrew9, The Texan, Urbanindy, user1115, zenith
Sumner__KS, Armadillo, Cascadia, dfshapir, EJ'sEmpire, Geo, IGotSap, jaydoo909, Jet, Kai, kp, lostmyballs, MKA, muskox, OKobern, sheepie, stathx, Steve Lira, The Texan, TommyTheMet, Tumnus, voltaicwaffles, zenith
Sedgwick__KS, Armadillo, Cascadia, dfshapir, EJ'sEmpire, Geo, IGotSap, Jet, jogwi, Kai, kp, lostmyballs, muskox, OceanMan, OKobern, Popeetoes, sheepie, stathx, Steve Lira, The Texan, TommyTheMet, Tumnus, voltaicwaffles, zenith
Butler__KS, Armadillo, dfshapir, EJ'sEmpire, Geo, IGotSap, jogwi, kp, muskox, OceanMan, OKobern, Popeetoes, sheepie, stathx, Steve Lira, The Texan, TommyTheMet, Tumnus, voltaicwaffles, zenith
Lyon__KS, Armadillo, dfshapir, EJ'sEmpire, Geo, IGotSap, kp, Norton, OceanMan, OKobern, Popeetoes, sheepie, stathx, Steve Lira, The Texan, TommyTheMet, Tumnus, voltaicwaffles, zenith
Chase__KS, Armadillo, dfshapir, EJ'sEmpire, Geo, IGotSap, kp, Norton, OKobern, Popeetoes, sheepie, stathx, Steve Lira, The Texan, TommyTheMet, Tumnus, voltaicwaffles, zenith
Osage__KS, Armadillo, dfshapir, EJ'sEmpire, Geo, kp, Norton, OceanMan, OKobern, Popeetoes, sheepie, stathx, Steve Lira, The Texan, TommyTheMet, Tumnus, voltaicwaffles, zenith
De_Baca__NM, Armadillo, chirpn, FlyingBro, GeoGamr🇺🇦, jaydoo909, oracle-of-naivete, Popeetoes, stathx, The Texan, user1115, VS4GdqaYdYYrmBIMj1ab
Curry__NM, Armadillo, chirpn, FlyingBro, GeoGamr🇺🇦, jaydoo909, muskox, OKobern, Popeetoes, stathx, The Texan, VS4GdqaYdYYrmBIMj1ab, zenith
Roosevelt__NM, Armadillo, chirpn, FlyingBro, GeoGamr🇺🇦, jaydoo909, muskox, OKobern, Popeetoes, stathx, The Texan, zenith
Hidalgo__NM, Armadillo, bam, chirpn, dfshapir, Diamond Armor Steve, FlyingBro, GeoGamr🇺🇦, gurf, jaydoo909, Jet, OceanMan, oracle-of-naivete, Popeetoes, qazplm500, stathx, Tumnus, voltaicwaffles, zenith
Grant__NM, Armadillo, bam, chirpn, dfshapir, Diamond Armor Steve, FlyingBro, GeoGamr🇺🇦, gurf, jaydoo909, Jet, Kiribati, OceanMan, OKobern, oracle-of-naivete, phosphophyllite, Popeetoes, qazplm500, sheepie, shin, stathx, Tumnus, voltaicwaffles, zenith
Luna__NM, Armadillo, chirpn, dfshapir, Diamond Armor Steve, FlyingBro, GeoGamr🇺🇦, gurf, jaydoo909, Jet, Kiribati, OceanMan, OKobern, oracle-of-naivete, Popeetoes, qazplm500, stathx, Tumnus, voltaicwaffles, zenith
Mason__WV, Armadillo, Bvarium, corndog, dfshapir, Diamond Armor Steve, hateornges, jogwi, nuclear ocelot, Paris_Labrador, Pendulous, phosphophyllite, Sean30303, stathx, Steve Lira, voltaicwaffles
Putnam__WV, Armadillo, Bvarium, Chicago Geographer, chirpn, corndog, dfshapir, Diamond Armor Steve, fbmdf1821, flaber, hateornges, Jet, jogwi, kp, mobambachloride, muskox, nuclear ocelot, OKobern, Paris_Labrador, Patxepi, Pendulous, phosphophyllite, Sean30303, sheepie, stathx, Steve Lira, Urbanindy, voltaicwaffles, zenith
Harrison__MS, Armadillo, Ava, Chicago Geographer, chupoxag, crownedkinggame, FlyingBro, hateornges, IGotSap, jaydoo909, Jet, jogwi, MKA, mobambachloride, OceanMan, OKobern, oracle-of-naivete, phosphophyllite, Popeetoes, Radians, sagittarius998, Sean30303, shin, stathx, stupiddrew9, The Texan, TommyTheMet, Tumnus, voltaicwaffles, VS4GdqaYdYYrmBIMj1ab, zenith
Hancock__MS, Armadillo, Ava, Chicago Geographer, chupoxag, crownedkinggame, FlyingBro, hateornges, IGotSap, jaydoo909, Jet, jogwi, MKA, mobambachloride, OceanMan, OKobern, oracle-of-naivete, phosphophyllite, Popeetoes, Radians, sagittarius998, Sean30303, shin, stathx, stupiddrew9, The Texan, TommyTheMet, Tumnus, voltaicwaffles, VS4GdqaYdYYrmBIMj1ab, zenith
Jackson__MS, Armadillo, Ava, Chicago Geographer, chupoxag, crownedkinggame, FlyingBro, hateornges, IGotSap, jaydoo909, Jet, jogwi, MKA, mobambachloride, OceanMan, OKobern, oracle-of-naivete, phosphophyllite, Popeetoes, Radians, sagittarius998, Sean30303, shin, stathx, stupiddrew9, The Texan, TommyTheMet, Tumnus, voltaicwaffles, VS4GdqaYdYYrmBIMj1ab, zenith
Warren__MS, Armadillo, Ava, Cascadia, Chicago Geographer, chirpn, chupoxag, dfshapir, EnzoDragon1, GeoGamr🇺🇦, jaydoo909, Jet, jogwi, mobambachloride, OKobern, Sean30303, sheepie, shin, Steve Lira, stupiddrew9, The Texan, voltaicwaffles, zenith
Scott__MS, Armadillo, Cascadia, Chicago Geographer, chirpn, EnzoDragon1, GeoGamr🇺🇦, jaydoo909, Jet, jogwi, shin, stupiddrew9, voltaicwaffles, zenith
Lauderdale__MS, Armadillo, Cascadia, Chicago Geographer, chirpn, dfshapir, EnzoDragon1, fladnag, FlyingBro, GeoGamr🇺🇦, jaydoo909, Jet, jogwi, KlutchEZ, kp, mobambachloride, Norton, sagittarius998, shin, stupiddrew9, Urbanindy, voltaicwaffles, zenith
Newton__MS, Armadillo, Cascadia, Chicago Geographer, chirpn, dfshapir, EnzoDragon1, GeoGamr🇺🇦, jaydoo909, Jet, jogwi, shin, voltaicwaffles, zenith
Love__OK, Armadillo, Ava, dfshapir, EJ'sEmpire, Flame, FlyingBro, Geo, IGotSap, jaydoo909, Jet, Kai, kp, muskox, OKobern, sagittarius998, sheepie, shin, stathx, Steve Lira, stupiddrew9, The Texan, Tumnus, voltaicwaffles, VS4GdqaYdYYrmBIMj1ab, zenith
Carter__OK, Armadillo, Ava, dfshapir, EJ'sEmpire, Flame, FlyingBro, Geo, IGotSap, jaydoo909, Jet, Kai, kp, MKA, muskox, OKobern, sheepie, shin, stathx, Steve Lira, stupiddrew9, The Texan, Tumnus, voltaicwaffles, VS4GdqaYdYYrmBIMj1ab, zenith
Murray__OK, Armadillo, Ava, dfshapir, EJ'sEmpire, Flame, FlyingBro, Geo, IGotSap, jaydoo909, Jet, Kai, kp, MKA, muskox, OKobern, sheepie, shin, stathx, Steve Lira, stupiddrew9, The Texan, Tumnus, voltaicwaffles, VS4GdqaYdYYrmBIMj1ab, zenith
Garvin__OK, Armadillo, Ava, dfshapir, EJ'sEmpire, Flame, FlyingBro, Geo, IGotSap, jaydoo909, Jet, Kai, kp, MKA, muskox, OKobern, sheepie, shin, stathx, Steve Lira, The Texan, Tumnus, voltaicwaffles, VS4GdqaYdYYrmBIMj1ab, zenith
Cleveland__OK, Armadillo, Chicago Geographer, dfshapir, EJ'sEmpire, Flame, FlyingBro, Geo, IGotSap, jaydoo909, Jet, Kai, kp, MKA, mobambachloride, muskox, OKobern, oracle-of-naivete, sheepie, shin, stathx, Steve Lira, The Texan, Tumnus, voltaicwaffles, VS4GdqaYdYYrmBIMj1ab, zenith
McClain__OK, Armadillo, dfshapir, EJ'sEmpire, Flame, FlyingBro, Geo, IGotSap, jaydoo909, Jet, Kai, kp, MKA, mobambachloride, muskox, OKobern, oracle-of-naivete, sheepie, shin, stathx, Steve Lira, The Texan, Tumnus, voltaicwaffles, VS4GdqaYdYYrmBIMj1ab, zenith
Logan__OK, Armadillo, dfshapir, EJ'sEmpire, Geo, IGotSap, jaydoo909, Jet, kp, MKA, mobambachloride, muskox, OKobern, Pendulous, sheepie, shin, stathx, Steve Lira, The Texan, TommyTheMet, Tumnus, voltaicwaffles, zenith
Kay__OK, Armadillo, Cascadia, dfshapir, EJ'sEmpire, Geo, IGotSap, jaydoo909, Jet, kp, MKA, muskox, OKobern, Pendulous, sheepie, shin, stathx, Steve Lira, The Texan, TommyTheMet, Tumnus, voltaicwaffles, zenith
Noble__OK, Armadillo, Cascadia, dfshapir, EJ'sEmpire, Geo, IGotSap, jaydoo909, Jet, Kai, kp, MKA, muskox, OKobern, Pendulous, sheepie, shin, stathx, Steve Lira, The Texan, TommyTheMet, Tumnus, voltaicwaffles, zenith
Payne__OK, Armadillo, dfshapir, EJ'sEmpire, Geo, IGotSap, jaydoo909, Jet, Kai, kp, MKA, mobambachloride, muskox, OKobern, Pendulous, sheepie, shin, stathx, Steve Lira, The Texan, TommyTheMet, Tumnus, voltaicwaffles, zenith
Lincoln__OK, Armadillo, Chicago Geographer, dfshapir, Flame, FlyingBro, IGotSap, jaydoo909, Kai, kp, muskox, OKobern, oracle-of-naivete, phosphophyllite, sheepie, shin, stathx, Steve Lira, Tumnus, VS4GdqaYdYYrmBIMj1ab, zenith
Tulsa__OK, Armadillo, Cascadia, Chicago Geographer, dfshapir, Flame, FlyingBro, IGotSap, jaydoo909, Jet, jogwi, Kai, kp, mobambachloride, muskox, OKobern, oracle-of-naivete, phosphophyllite, sheepie, shin, stathx, Steve Lira, Tumnus, VS4GdqaYdYYrmBIMj1ab, zenith
Creek__OK, Armadillo, Chicago Geographer, dfshapir, Flame, FlyingBro, jaydoo909, Kai, kp, muskox, OKobern, oracle-of-naivete, phosphophyllite, sheepie, shin, stathx, Steve Lira, Tumnus, VS4GdqaYdYYrmBIMj1ab, zenith
Rogers__OK, Armadillo, Chicago Geographer, dfshapir, Flame, FlyingBro, IGotSap, jaydoo909, Jet, jogwi, Kai, kp, mobambachloride, muskox, OKobern, oracle-of-naivete, phosphophyllite, sheepie, shin, stathx, Steve Lira, Tumnus, VS4GdqaYdYYrmBIMj1ab, zenith
Pike__AR, Armadillo, KlutchEZ, OKobern, Popeetoes, shin, Steve Lira, stupiddrew9, The Texan
Santa_Rosa__FL, Armadillo, Ava, GeoGamr🇺🇦, IGotSap, jaydoo909, Jet, jogwi, KlutchEZ, MKA, mobambachloride, nuclear ocelot, OceanMan, OKobern, oracle-of-naivete, Piglee, Popeetoes, Radians, Sean30303, sheepie, shin, stathx, stupiddrew9, The Texan, zenith
Holmes__FL, Armadillo, Ava, GeoGamr🇺🇦, hateornges, IGotSap, jaydoo909, Jet, jogwi, MKA, mobambachloride, nuclear ocelot, OceanMan, OKobern, Piglee, Popeetoes, Radians, Sean30303, shin, stathx, stupiddrew9, The Texan, zenith
Washington__FL, Armadillo, Ava, GeoGamr🇺🇦, hateornges, IGotSap, jaydoo909, Jet, jogwi, kp, MKA, mobambachloride, nuclear ocelot, OceanMan, OKobern, oracle-of-naivete, Piglee, Popeetoes, Radians, Sean30303, shin, stathx, stupiddrew9, The Texan, zenith
Jackson__FL, Armadillo, Ava, GeoGamr🇺🇦, hateornges, IGotSap, jaydoo909, Jet, jogwi, KlutchEZ, kp, MKA, mobambachloride, nuclear ocelot, OceanMan, OKobern, Piglee, Popeetoes, Radians, Sean30303, shin, stathx, stupiddrew9, The Texan, zenith
Gadsden__FL, Armadillo, Ava, dfshapir, GeoGamr🇺🇦, IGotSap, jaydoo909, Jet, jogwi, KlutchEZ, MKA, mobambachloride, nuclear ocelot, OceanMan, OKobern, Piglee, Popeetoes, Radians, Radu, Sean30303, shin, stupiddrew9, The Texan, zenith
Lee__AL, Armadillo, crownedkinggame, dfshapir, FlyingBro, GeoGamr🇺🇦, Jet, jogwi, KlutchEZ, MKA, mobambachloride, phosphophyllite, sagittarius998, sheepie, shin, stupiddrew9, voltaicwaffles, zenith
Russell__AL, Armadillo, GeoGamr🇺🇦, hateornges, Jet, jogwi, mobambachloride, OKobern, Radu, shin, stathx, stupiddrew9, zenith
Macon__AL, Armadillo, crownedkinggame, dfshapir, FlyingBro, GeoGamr🇺🇦, Jet, jogwi, KlutchEZ, mobambachloride, phosphophyllite, sagittarius998, sheepie, shin, stupiddrew9, voltaicwaffles, zenith
Escambia__AL, Armadillo, Ava, Chicago Geographer, crownedkinggame, FlyingBro, GeoGamr🇺🇦, hateornges, Jet, jogwi, KlutchEZ, mobambachloride, phosphophyllite, sagittarius998, sheepie, shin, stathx, stupiddrew9, voltaicwaffles
Baldwin__AL, Armadillo, Ava, Chicago Geographer, chupoxag, crownedkinggame, FlyingBro, GeoGamr🇺🇦, hateornges, IGotSap, jaydoo909, Jet, jogwi, KlutchEZ, MKA, mobambachloride, OceanMan, OKobern, oracle-of-naivete, phosphophyllite, Popeetoes, Radians, sagittarius998, Sean30303, sheepie, shin, stathx, stupiddrew9, The Texan, Tumnus, voltaicwaffles, VS4GdqaYdYYrmBIMj1ab, zenith
Mobile__AL, Armadillo, Ava, Chicago Geographer, chupoxag, crownedkinggame, FlyingBro, GeoGamr🇺🇦, hateornges, IGotSap, jaydoo909, Jet, jogwi, KlutchEZ, MKA, mobambachloride, OceanMan, OKobern, oracle-of-naivete, phosphophyllite, Popeetoes, Radians, sagittarius998, Sean30303, sheepie, shin, stathx, Steve Lira, stupiddrew9, The Texan, TommyTheMet, Tumnus, voltaicwaffles, VS4GdqaYdYYrmBIMj1ab, zenith
Sumter__AL, Armadillo, Cascadia, Chicago Geographer, chirpn, dfshapir, EnzoDragon1, fladnag, FlyingBro, GeoGamr🇺🇦, jaydoo909, Jet, jogwi, KlutchEZ, kp, mobambachloride, Norton, sagittarius998, shin, stathx, stupiddrew9, Urbanindy, voltaicwaffles, zenith
Marengo__AL, Armadillo, Chicago Geographer, dfshapir, GeoGamr🇺🇦, jogwi, shin, stathx, stupiddrew9
Boone__KY, Armadillo, Cascadia, Chicago Geographer, corndog, dfshapir, Diamond Armor Steve, EnzoDragon1, fbmdf1821, hateornges, jaydoo909, Jet, jogwi, kp, Littleduck, lostmyballs, mobambachloride, Norton, OKobern, oracle-of-naivete, phosphophyllite, Popeetoes, Radians, sheepie, shin, stathx, Steve Lira, stupiddrew9, Urbanindy, voltaicwaffles, zenith
Campbell__KY, Armadillo, chirpn, dfshapir, fbmdf1821, hateornges, jogwi, kp, Littleduck, Popeetoes, sheepie, shin, stathx, Steve Lira, Urbanindy, voltaicwaffles, zenith
Gallatin__KY, Armadillo, dfshapir, Diamond Armor Steve, EnzoDragon1, fbmdf1821, hateornges, jaydoo909, Jet, jogwi, kp, Littleduck, mobambachloride, OKobern, phosphophyllite, Radians, shin, stathx, zenith
Carroll__KY, Armadillo, dfshapir, Diamond Armor Steve, EnzoDragon1, fbmdf1821, hateornges, jaydoo909, Jet, jogwi, kp, Littleduck, mobambachloride, OKobern, phosphophyllite, Radians, shin, stathx, Urbanindy, zenith
Trimble__KY, Armadillo, dfshapir, Diamond Armor Steve, EnzoDragon1, fbmdf1821, jaydoo909, Jet, jogwi, kp, Littleduck, mobambachloride, OKobern, phosphophyllite, Radians, shin, stathx, stupiddrew9, Urbanindy, zenith
Oldham__KY, Armadillo, dfshapir, Diamond Armor Steve, EnzoDragon1, fbmdf1821, hateornges, jaydoo909, Jet, jogwi, kp, Littleduck, mobambachloride, OKobern, phosphophyllite, Radians, shin, stathx, stupiddrew9, zenith
Berkeley__SC, Armadillo, Cascadia, chirpn, crownedkinggame, dfshapir, Diamond Armor Steve, flaber, FlyingBro, Jet, kp, MKA, mobambachloride, muskox, nuclear ocelot, OceanMan, Radians, Radu, shin, soup, Steve Lira, TommyTheMet, Urbanindy, user1115, voltaicwaffles
Darlington__SC, Armadillo, Ava, Bubba, chirpn, crownedkinggame, dfshapir, Dragonfire, EnzoDragon1, Flame, Jet, jogwi, Jo™, mobambachloride, muskox, nuclear ocelot, OceanMan, oracle-of-naivete, Piglee, Radu, sagittarius998, shin, soup, TommyTheMet, Tumnus, user1115, voltaicwaffles
Lee__SC, Armadillo, Cascadia, crownedkinggame, jogwi, Jo™, mobambachloride, muskox, nuclear ocelot, oracle-of-naivete, Radu, shin, Tumnus, voltaicwaffles
Kershaw__SC, Armadillo, Cascadia, crownedkinggame, Jet, jogwi, Jo™, mobambachloride, muskox, nuclear ocelot, Radians, shin, soup, Tumnus, user1115, voltaicwaffles
Webster__LA, Armadillo, Ava, chirpn, EnzoDragon1, GeoGamr🇺🇦, jaydoo909, Jet, Norton, OKobern, Sean30303, shin, stupiddrew9, The Texan, voltaicwaffles, zenith
Bossier__LA, Armadillo, Ava, chirpn, dfshapir, EnzoDragon1, GeoGamr🇺🇦, jaydoo909, Jet, jogwi, Kai, lostmyballs, muskox, Norton, OKobern, Sean30303, shin, Steve Lira, stupiddrew9, The Texan, voltaicwaffles, zenith
Caddo__LA, Armadillo, Ava, AyjAy011, chirpn, dfshapir, EnzoDragon1, GeoGamr🇺🇦, jaydoo909, Jet, jogwi, Kai, lostmyballs, muskox, Norton, OKobern, Pencil Vulture, Sean30303, sheepie, shin, Steve Lira, stupiddrew9, The Texan, voltaicwaffles, VS4GdqaYdYYrmBIMj1ab, zenith
De_Soto__LA, Armadillo, Ava, jaydoo909, Kai, muskox, OKobern, Popeetoes, Radians, shin, stupiddrew9, VS4GdqaYdYYrmBIMj1ab, zenith
Natchitoches__LA, Armadillo, Ava, jaydoo909, Jet, Kai, muskox, OKobern, shin, stupiddrew9, VS4GdqaYdYYrmBIMj1ab, zenith
Bienville__LA, Armadillo, Ava, Chicago Geographer, chirpn, EnzoDragon1, GeoGamr🇺🇦, jaydoo909, Jet, jogwi, OKobern, Sean30303, shin, stupiddrew9, The Texan, voltaicwaffles, zenith
Lincoln__LA, Armadillo, Ava, Chicago Geographer, chirpn, chupoxag, EnzoDragon1, GeoGamr🇺🇦, jaydoo909, Jet, jogwi, mobambachloride, OKobern, Sean30303, shin, stupiddrew9, The Texan, voltaicwaffles, zenith
Ouachita__LA, Armadillo, Ava, Cascadia, Chicago Geographer, chirpn, chupoxag, EnzoDragon1, GeoGamr🇺🇦, jaydoo909, Jet, jogwi, mobambachloride, OKobern, Sean30303, shin, stupiddrew9, The Texan, voltaicwaffles, zenith
Richland__LA, Armadillo, Ava, Cascadia, Chicago Geographer, chirpn, chupoxag, dfshapir, EnzoDragon1, GeoGamr🇺🇦, jaydoo909, Jet, jogwi, Kai, mobambachloride, OKobern, Sean30303, sheepie, shin, stupiddrew9, The Texan, voltaicwaffles, zenith
Madison__LA, Armadillo, Ava, Cascadia, Chicago Geographer, chirpn, chupoxag, EnzoDragon1, GeoGamr🇺🇦, jaydoo909, Jet, jogwi, mobambachloride, OKobern, Sean30303, sheepie, shin, stupiddrew9, The Texan, voltaicwaffles, zenith
Rapides__LA, Armadillo, Ava, jaydoo909, Jet, Kai, mobambachloride, OKobern, shin, stupiddrew9, VS4GdqaYdYYrmBIMj1ab, zenith
Avoyelles__LA, Armadillo, Ava, jaydoo909, Kai, mobambachloride, OKobern, shin, stupiddrew9, VS4GdqaYdYYrmBIMj1ab, zenith
St__Landry__LA, Armadillo, Ava, jaydoo909, Jet, Kai, mobambachloride, OKobern, Sean30303, shin, stupiddrew9, VS4GdqaYdYYrmBIMj1ab, zenith
Evangeline__LA, Armadillo, Ava, jaydoo909, Kai, OKobern, shin, stupiddrew9, VS4GdqaYdYYrmBIMj1ab, zenith
Calcasieu__LA, Armadillo, Ava, De Martian, fladnag, FlyingBro, hateornges, jaydoo909, Jet, KlutchEZ, MKA, muskox, Norton, OceanMan, oracle-of-naivete, Pendulous, Popeetoes, Radians, shin, stathx, Steve Lira, The Texan, voltaicwaffles, VS4GdqaYdYYrmBIMj1ab, zenith
Jefferson_Davis__LA, Armadillo, Ava, De Martian, fladnag, FlyingBro, hateornges, jaydoo909, Jet, KlutchEZ, MKA, Norton, OceanMan, oracle-of-naivete, Pendulous, Popeetoes, Radians, shin, Steve Lira, The Texan, voltaicwaffles, VS4GdqaYdYYrmBIMj1ab
Acadia__LA, Armadillo, Ava, De Martian, fladnag, FlyingBro, hateornges, jaydoo909, Jet, KlutchEZ, MKA, Norton, OceanMan, oracle-of-naivete, Pendulous, Popeetoes, Radians, shin, Steve Lira, The Texan, voltaicwaffles, VS4GdqaYdYYrmBIMj1ab
Lafayette__LA, Armadillo, Ava, De Martian, fladnag, FlyingBro, hateornges, jaydoo909, Jet, Kai, KlutchEZ, MKA, Norton, OceanMan, oracle-of-naivete, Pendulous, Popeetoes, Radians, Sean30303, shin, Steve Lira, stupiddrew9, The Texan, voltaicwaffles, VS4GdqaYdYYrmBIMj1ab, zenith
St__Martin__LA, Armadillo, Ava, De Martian, fladnag, FlyingBro, hateornges, jaydoo909, Jet, Kai, KlutchEZ, MKA, Norton, OceanMan, oracle-of-naivete, Pendulous, Popeetoes, Radians, Sean30303, shin, Steve Lira, stupiddrew9, The Texan, voltaicwaffles, VS4GdqaYdYYrmBIMj1ab, zenith
East_Baton_Rouge__LA, Armadillo, Ava, DasSchnootz, De Martian, dfshapir, Diamond Armor Steve, fladnag, FlyingBro, GeoGamr🇺🇦, hateornges, jaydoo909, Jet, jogwi, Kai, KlutchEZ, MKA, mobambachloride, Norton, OceanMan, OKobern, Pendulous, Popeetoes, Radians, Sean30303, shin, Steve Lira, stupiddrew9, The Texan, Tumnus, voltaicwaffles, VS4GdqaYdYYrmBIMj1ab, zenith
West_Baton_Rouge__LA, Armadillo, Ava, DasSchnootz, De Martian, fladnag, FlyingBro, hateornges, jaydoo909, Jet, KlutchEZ, MKA, mobambachloride, Norton, OceanMan, OKobern, Pendulous, Popeetoes, Radians, Sean30303, shin, Steve Lira, stupiddrew9, The Texan, voltaicwaffles, VS4GdqaYdYYrmBIMj1ab, zenith
St__Tammany__LA, Armadillo, Ava, Chicago Geographer, chupoxag, crownedkinggame, DasSchnootz, fladnag, FlyingBro, GeoGamr🇺🇦, hateornges, IGotSap, jaydoo909, Jet, jogwi, KlutchEZ, kp, MKA, mobambachloride, Norton, OceanMan, OKobern, oracle-of-naivete, Pendulous, phosphophyllite, Popeetoes, Radians, sagittarius998, Sean30303, shin, stathx, Steve Lira, stupiddrew9, The Texan, TommyTheMet, Tumnus, Urbanindy, voltaicwaffles, VS4GdqaYdYYrmBIMj1ab, zenith
Tangipahoa__LA, Armadillo, Ava, Chicago Geographer, chupoxag, DasSchnootz, fladnag, FlyingBro, GeoGamr🇺🇦, hateornges, IGotSap, jaydoo909, Jet, jogwi, KlutchEZ, MKA, mobambachloride, Norton, OKobern, Pendulous, Sean30303, shin, stupiddrew9, The Texan, Tumnus, voltaicwaffles
Livingston__LA, Armadillo, Ava, DasSchnootz, fladnag, FlyingBro, GeoGamr🇺🇦, hateornges, jaydoo909, Jet, jogwi, KlutchEZ, MKA, mobambachloride, Norton, OKobern, Sean30303, shin, stupiddrew9, The Texan, Tumnus, voltaicwaffles
Iberville__LA, Armadillo, Ava, DasSchnootz, De Martian, fladnag, FlyingBro, hateornges, jaydoo909, Jet, KlutchEZ, MKA, Norton, OceanMan, Pendulous, Popeetoes, Radians, Sean30303, shin, Steve Lira, stupiddrew9, The Texan, voltaicwaffles, VS4GdqaYdYYrmBIMj1ab, zenith
Ascension__LA, Armadillo, DasSchnootz, De Martian, Diamond Armor Steve, FlyingBro, jaydoo909, Jet, Kai, mobambachloride, OceanMan, OKobern, Pendulous, Popeetoes, Radians, shin, Steve Lira, Tumnus, VS4GdqaYdYYrmBIMj1ab, zenith
St__John_the_Baptist__LA, Armadillo, Chicago Geographer, DasSchnootz, De Martian, Diamond Armor Steve, FlyingBro, jaydoo909, Jet, Kai, mobambachloride, OceanMan, OKobern, oracle-of-naivete, Pendulous, Popeetoes, Radians, shin, Steve Lira, stupiddrew9, VS4GdqaYdYYrmBIMj1ab, zenith
St__James__LA, Armadillo, DasSchnootz, De Martian, Diamond Armor Steve, FlyingBro, jaydoo909, Jet, Kai, mobambachloride, OceanMan, OKobern, oracle-of-naivete, Pendulous, Popeetoes, Radians, shin, Steve Lira, VS4GdqaYdYYrmBIMj1ab, zenith
St__Charles__LA, Armadillo, Ava, Chicago Geographer, DasSchnootz, De Martian, Diamond Armor Steve, FlyingBro, jaydoo909, Jet, Kai, KlutchEZ, mobambachloride, OceanMan, OKobern, oracle-of-naivete, Pendulous, Popeetoes, Radians, shin, Steve Lira, VS4GdqaYdYYrmBIMj1ab, zenith
Jeff_Davis__TX, Armadillo, Cascadia, Chicago Geographer, chirpn, dfshapir, FlyingBro, GeoGamr🇺🇦, gurf, jaydoo909, Jet, jogwi, mobambachloride, OceanMan, OKobern, oracle-of-naivete, Popeetoes, qazplm500, stathx, Steve Lira, The Texan, Tumnus, VS4GdqaYdYYrmBIMj1ab
Reeves__TX, Armadillo, Chicago Geographer, DasSchnootz, dfshapir, FlyingBro, GeoGamr🇺🇦, gurf, jaydoo909, Jet, MKA, mobambachloride, OceanMan, OKobern, Popeetoes, qazplm500, Radians, stathx, Steve Lira, The Texan, TommyTheMet, Tumnus, VS4GdqaYdYYrmBIMj1ab
Pecos__TX, Armadillo, chirpn, DasSchnootz, dfshapir, FlyingBro, GeoGamr🇺🇦, gurf, jaydoo909, Jet, jogwi, MKA, OceanMan, OKobern, oracle-of-naivete, Popeetoes, Radians, stathx, Steve Lira, The Texan, Tumnus, VS4GdqaYdYYrmBIMj1ab
Crockett__TX, Armadillo, chirpn, DasSchnootz, dfshapir, FlyingBro, GeoGamr🇺🇦, jaydoo909, Jet, jogwi, MKA, muskox, OceanMan, Popeetoes, Radians, stathx, The Texan, Tumnus
Sutton__TX, Armadillo, chirpn, DasSchnootz, FlyingBro, GeoGamr🇺🇦, jaydoo909, Jet, jogwi, MKA, muskox, OceanMan, OKobern, Popeetoes, Radians, stathx, Tumnus
Kimble__TX, Armadillo, chirpn, DasSchnootz, FlyingBro, GeoGamr🇺🇦, jaydoo909, Jet, jogwi, MKA, muskox, OceanMan, OKobern, Popeetoes, Radians, stathx, Tumnus
Ward__TX, Armadillo, Chicago Geographer, dfshapir, jaydoo909, Jet, mobambachloride, OKobern, Popeetoes, stathx, Steve Lira, TommyTheMet
Crane__TX, Armadillo, Chicago Geographer, dfshapir, jaydoo909, Jet, mobambachloride, OKobern, Popeetoes, stathx, Steve Lira, TommyTheMet
Ector__TX, Armadillo, Chicago Geographer, dfshapir, jaydoo909, Jet, mobambachloride, OKobern, Popeetoes, stathx, Steve Lira, TommyTheMet, zenith
Midland__TX, Armadillo, Chicago Geographer, dfshapir, jaydoo909, Jet, jogwi, mobambachloride, OKobern, Popeetoes, stathx, Steve Lira, zenith
Martin__TX, Armadillo, Chicago Geographer, chirpn, dfshapir, FlyingBro, jaydoo909, Jet, jogwi, mobambachloride, OKobern, Popeetoes, stathx, Steve Lira, The Texan, Tumnus, zenith
Scurry__TX, Armadillo, chirpn, fladnag, FlyingBro, GeoGamr🇺🇦, jaydoo909, Jet, OKobern, oracle-of-naivete, Popeetoes, stathx, The Texan, voltaicwaffles, VS4GdqaYdYYrmBIMj1ab
Garza__TX, Armadillo, chirpn, fladnag, FlyingBro, GeoGamr🇺🇦, jaydoo909, Jet, oracle-of-naivete, Popeetoes, stathx, The Texan, zenith
Lynn__TX, Armadillo, chirpn, fladnag, FlyingBro, GeoGamr🇺🇦, jaydoo909, Jet, oracle-of-naivete, Popeetoes, stathx, The Texan, VS4GdqaYdYYrmBIMj1ab, zenith
Lubbock__TX, Armadillo, chirpn, fladnag, FlyingBro, GeoGamr🇺🇦, jaydoo909, Jet, OKobern, oracle-of-naivete, Popeetoes, stathx, Steve Lira, The Texan, TommyTheMet, VS4GdqaYdYYrmBIMj1ab, zenith
Hockley__TX, Armadillo, chirpn, GeoGamr🇺🇦, jaydoo909, Jet, OKobern, oracle-of-naivete, Popeetoes, stathx, The Texan, TommyTheMet, VS4GdqaYdYYrmBIMj1ab, zenith
Bailey__TX, Armadillo, chirpn, FlyingBro, GeoGamr🇺🇦, jaydoo909, muskox, Popeetoes, stathx, The Texan, VS4GdqaYdYYrmBIMj1ab
Lamb__TX, Armadillo, chirpn, FlyingBro, GeoGamr🇺🇦, jaydoo909, Jet, muskox, Popeetoes, stathx, The Texan, VS4GdqaYdYYrmBIMj1ab
Parmer__TX, Armadillo, chirpn, FlyingBro, GeoGamr🇺🇦, jaydoo909, muskox, OKobern, Popeetoes, stathx, The Texan, VS4GdqaYdYYrmBIMj1ab, zenith
Coleman__TX, Armadillo, chirpn, dfshapir, GeoGamr🇺🇦, jaydoo909, Jet, Popeetoes, stathx, The Texan
Brown__TX, Armadillo, chirpn, dfshapir, GeoGamr🇺🇦, jaydoo909, Jet, Popeetoes, stathx, The Texan, zenith
Mills__TX, Armadillo, chirpn, dfshapir, GeoGamr🇺🇦, jaydoo909, Jet, Popeetoes, stathx, The Texan
McCulloch__TX, Armadillo, jaydoo909, Jet, Popeetoes, Radians, stathx, The Texan
Mason__TX, Armadillo, chirpn, DasSchnootz, fladnag, jaydoo909, Jet, muskox, Popeetoes, Radians, stathx, The Texan
Gillespie__TX, Armadillo, chirpn, fladnag, FlyingBro, GeoGamr🇺🇦, gurf, jaydoo909, Jet, jogwi, Kai, MKA, muskox, OceanMan, OKobern, Popeetoes, Radians, sheepie, stathx, Steve Lira, The Texan, Tumnus, VS4GdqaYdYYrmBIMj1ab
Kendall__TX, Armadillo, Ava, chirpn, FlyingBro, gurf, jaydoo909, Jet, jogwi, MKA, muskox, OceanMan, OKobern, phosphophyllite, Popeetoes, Radians, sheepie, shin, stathx, Steve Lira, The Texan, Tumnus, zenith
Blanco__TX, Armadillo, chirpn, fladnag, FlyingBro, GeoGamr🇺🇦, gurf, jaydoo909, Jet, jogwi, muskox, OKobern, Popeetoes, sheepie, stathx, Steve Lira, The Texan, voltaicwaffles, VS4GdqaYdYYrmBIMj1ab, zenith
Lampasas__TX, Armadillo, chirpn, DasSchnootz, dfshapir, FlyingBro, jaydoo909, Jet, OKobern, Popeetoes, Radians, stathx, The Texan, voltaicwaffles, VS4GdqaYdYYrmBIMj1ab, zenith
Burnet__TX, Armadillo, chirpn, DasSchnootz, FlyingBro, Geo, gurf, jaydoo909, Jet, Kai, OKobern, Popeetoes, Radians, stathx, The Texan, voltaicwaffles, VS4GdqaYdYYrmBIMj1ab, zenith
Johnson__TX, Armadillo, Ava, AyjAy011, chirpn, dfshapir, FlyingBro, GeoGamr🇺🇦, jaydoo909, Jet, jogwi, Kai, kp, muskox, OKobern, Pencil Vulture, Popeetoes, Radu, sagittarius998, sheepie, shin, stathx, Steve Lira, stupiddrew9, The Texan, Tumnus, voltaicwaffles, VS4GdqaYdYYrmBIMj1ab, zenith
Cooke__TX, Armadillo, Ava, dfshapir, EJ'sEmpire, Flame, FlyingBro, Geo, IGotSap, jaydoo909, Jet, Kai, kp, muskox, OKobern, Popeetoes, sagittarius998, sheepie, shin, stathx, Steve Lira, stupiddrew9, The Texan, Tumnus, voltaicwaffles, VS4GdqaYdYYrmBIMj1ab, zenith
Denton__TX, Armadillo, Ava, AyjAy011, Chicago Geographer, corndog, dfshapir, EJ'sEmpire, flaber, Flame, FlyingBro, Geo, IGotSap, jaydoo909, Jet, jogwi, Kai, kp, mobambachloride, muskox, OKobern, Patxepi, Pencil Vulture, Popeetoes, Radians, Radu, sagittarius998, sheepie, shin, stathx, Steve Lira, stupiddrew9, The Texan, TheScooterBuskie, Tumnus, voltaicwaffles, VS4GdqaYdYYrmBIMj1ab, zenith
Jim_Wells__TX, Armadillo, Ava, AyjAy011, Chicago Geographer, chirpn, FlyingBro, gurf, jaydoo909, JayVerti, muskox, Pencil Vulture, phosphophyllite, Popeetoes, sheepie, shin, stathx, stupiddrew9, VS4GdqaYdYYrmBIMj1ab
Brooks__TX, Armadillo, Ava, AyjAy011, Chicago Geographer, chirpn, FlyingBro, gurf, jaydoo909, JayVerti, muskox, Pencil Vulture, phosphophyllite, Popeetoes, sheepie, shin, stathx, stupiddrew9, VS4GdqaYdYYrmBIMj1ab
Hidalgo__TX, Armadillo, Ava, AyjAy011, Chicago Geographer, chirpn, FlyingBro, gurf, jaydoo909, JayVerti, muskox, Pencil Vulture, phosphophyllite, Popeetoes, sheepie, shin, stathx, stupiddrew9
Starr__TX, Armadillo, Ava, AyjAy011, Chicago Geographer, chirpn, FlyingBro, gurf, jaydoo909, JayVerti, muskox, Pencil Vulture, phosphophyllite, Popeetoes, sheepie, shin, stathx, stupiddrew9
Refugio__TX, Armadillo, Ava, AyjAy011, Chicago Geographer, chirpn, FlyingBro, gurf, jaydoo909, JayVerti, Jet, muskox, OKobern, Pencil Vulture, phosphophyllite, Popeetoes, Radians, sheepie, shin, stathx, stupiddrew9, The Texan, TheScooterBuskie, zenith
Aransas__TX, Armadillo, Ava, AyjAy011, Chicago Geographer, chirpn, FlyingBro, gurf, jaydoo909, JayVerti, Jet, muskox, OKobern, Pencil Vulture, phosphophyllite, Popeetoes, Radians, sheepie, shin, stathx, stupiddrew9, The Texan, zenith
Jackson__TX, Armadillo, Ava, chirpn, FlyingBro, jaydoo909, Jet, OKobern, Popeetoes, Radians, shin, stathx, TheScooterBuskie
Victoria__TX, Armadillo, Ava, chirpn, FlyingBro, jaydoo909, Jet, OKobern, Popeetoes, Radians, shin, stathx, The Texan, TheScooterBuskie, zenith
Wharton__TX, Armadillo, Ava, chirpn, FlyingBro, jaydoo909, Jet, oracle-of-naivete, Popeetoes, Radians, shin, stathx, TheScooterBuskie
Fort_Bend__TX, Armadillo, Ava, chirpn, Flame, FlyingBro, jaydoo909, Jet, KlutchEZ, MKA, OceanMan, OKobern, oracle-of-naivete, Pencil Vulture, Popeetoes, Radians, shin, stathx, Steve Lira, TheScooterBuskie, Tumnus, VS4GdqaYdYYrmBIMj1ab, zenith
Montgomery__TX, Armadillo, Ava, dfshapir, Flame, FlyingBro, hateornges, jaydoo909, Jet, Kai, KlutchEZ, muskox, OKobern, Pendulous, Popeetoes, Radians, shin, stathx, TheScooterBuskie, Tumnus, VS4GdqaYdYYrmBIMj1ab, zenith
Polk__TX, Armadillo, Ava, Flame, hateornges, jaydoo909, Jet, muskox, Pendulous, Popeetoes, Radians, shin, stathx
San_Jacinto__TX, Armadillo, Ava, dfshapir, Flame, hateornges, jaydoo909, Jet, muskox, Pendulous, Popeetoes, Radians, shin, stathx, VS4GdqaYdYYrmBIMj1ab
Liberty__TX, Armadillo, Ava, chirpn, dfshapir, Flame, hateornges, jaydoo909, Jet, MKA, muskox, Norton, oracle-of-naivete, Pendulous, Popeetoes, Radians, shin, stathx, VS4GdqaYdYYrmBIMj1ab
Chambers__TX, Armadillo, Ava, chirpn, De Martian, fladnag, FlyingBro, hateornges, jaydoo909, Jet, KlutchEZ, MKA, muskox, OceanMan, Pendulous, Popeetoes, Radians, shin, stathx, Steve Lira, stupiddrew9, The Texan, voltaicwaffles, zenith
Jefferson__TX, Armadillo, Ava, chirpn, De Martian, fladnag, FlyingBro, hateornges, jaydoo909, Jet, KlutchEZ, MKA, muskox, Norton, OceanMan, oracle-of-naivete, Pendulous, Popeetoes, Radians, shin, stathx, Steve Lira, stupiddrew9, The Texan, voltaicwaffles, VS4GdqaYdYYrmBIMj1ab, zenith
Orange__TX, Armadillo, Ava, chirpn, De Martian, fladnag, FlyingBro, hateornges, jaydoo909, Jet, KlutchEZ, MKA, muskox, Norton, OceanMan, oracle-of-naivete, Pendulous, Popeetoes, Radians, shin, stathx, Steve Lira, The Texan, voltaicwaffles, VS4GdqaYdYYrmBIMj1ab, zenith
Angelina__TX, Armadillo, Ava, chirpn, Flame, GeoGamr🇺🇦, hateornges, jaydoo909, Jet, muskox, Pendulous, Popeetoes, Radians, shin, stathx
Nacogdoches__TX, Armadillo, Ava, chirpn, Flame, GeoGamr🇺🇦, hateornges, jaydoo909, Jet, muskox, Pendulous, Popeetoes, shin, stathx
Panola__TX, Armadillo, Ava, chirpn, Flame, GeoGamr🇺🇦, hateornges, jaydoo909, Jet, lostmyballs, muskox, Pendulous, Popeetoes, Radians, shin, stathx, The Texan
Rusk__TX, Armadillo, Ava, chirpn, Flame, GeoGamr🇺🇦, hateornges, jaydoo909, Jet, lostmyballs, muskox, Pendulous, Popeetoes, shin, stathx, The Texan
Cass__TX, Armadillo, Ava, AyjAy011, chirpn, Flame, hateornges, jaydoo909, Jet, muskox, OKobern, Pencil Vulture, Pendulous, Popeetoes, Radians, sagittarius998, Sean30303, sheepie, shin, stathx, Steve Lira, zenith
Van_Zandt__TX, Armadillo, Ava, chirpn, dfshapir, jaydoo909, Jet, jogwi, muskox, OKobern, phosphophyllite, Popeetoes, Radians, sagittarius998, shin, stathx, stupiddrew9, Tumnus, voltaicwaffles, VS4GdqaYdYYrmBIMj1ab, zenith
Smith__TX, Armadillo, Ava, chirpn, dfshapir, FlyingBro, jaydoo909, Jet, jogwi, muskox, OKobern, phosphophyllite, Popeetoes, Radians, sagittarius998, shin, stathx, stupiddrew9, The Texan, Tumnus, voltaicwaffles, VS4GdqaYdYYrmBIMj1ab, zenith
Harrison__TX, Armadillo, Ava, chirpn, dfshapir, Flame, hateornges, jaydoo909, Jet, jogwi, lostmyballs, OKobern, Pendulous, Popeetoes, Radians, sagittarius998, shin, stathx, Steve Lira, stupiddrew9, The Texan, voltaicwaffles, VS4GdqaYdYYrmBIMj1ab, zenith
Hale__AL, Armadillo, dfshapir, GeoGamr🇺🇦, jogwi, shin, stathx, stupiddrew9
Hillsdale__MI, Armadillo, Cedar, JayVerti, Paris_Labrador, shin, stathx, stephner, zenith
Horry__SC, Armadillo, Bubba, Cascadia, chirpn, crownedkinggame, Diamond Armor Steve, Geo, mobambachloride, muskox, nuclear ocelot, oracle-of-naivete, Patxepi, Popeetoes, shin, soup, stathx, stephner, Steve Lira, TommyTheMet, Tumnus, user1115
Georgetown__SC, Armadillo, Bubba, Cascadia, chirpn, crownedkinggame, mobambachloride, muskox, nuclear ocelot, Patxepi, shin, stathx, TommyTheMet, user1115
Kerr__TX, Ava, chirpn, FlyingBro, gurf, jaydoo909, Jet, jogwi, MKA, muskox, OceanMan, OKobern, Popeetoes, Radians, sheepie, stathx, Steve Lira, The Texan, Tumnus, VS4GdqaYdYYrmBIMj1ab
Val_Verde__TX, Ava, AyjAy011, Chicago Geographer, chirpn, FlyingBro, gurf, jaydoo909, JayVerti, Jet, muskox, OKobern, oracle-of-naivete, Pencil Vulture, phosphophyllite, Popeetoes, Radians, sheepie, shin, stathx, stupiddrew9, VS4GdqaYdYYrmBIMj1ab
Edwards__TX, Ava, AyjAy011, Chicago Geographer, chirpn, FlyingBro, gurf, jaydoo909, JayVerti, Jet, muskox, Pencil Vulture, phosphophyllite, Popeetoes, sheepie, shin, stathx, stupiddrew9
Real__TX, Ava, AyjAy011, Chicago Geographer, chirpn, FlyingBro, gurf, jaydoo909, JayVerti, Jet, muskox, Pencil Vulture, phosphophyllite, Popeetoes, sheepie, shin, stathx, stupiddrew9, The Texan
Bandera__TX, Ava, AyjAy011, Chicago Geographer, chirpn, FlyingBro, gurf, jaydoo909, JayVerti, Jet, muskox, Pencil Vulture, phosphophyllite, Popeetoes, Radians, sheepie, shin, stathx, stupiddrew9, The Texan, VS4GdqaYdYYrmBIMj1ab
Medina__TX, Ava, AyjAy011, Chicago Geographer, chirpn, FlyingBro, gurf, jaydoo909, JayVerti, Jet, muskox, OKobern, oracle-of-naivete, Pencil Vulture, phosphophyllite, Popeetoes, Radians, sheepie, shin, stathx, stupiddrew9, voltaicwaffles, VS4GdqaYdYYrmBIMj1ab
Uvalde__TX, Ava, AyjAy011, Chicago Geographer, chirpn, FlyingBro, gurf, jaydoo909, JayVerti, Jet, muskox, OKobern, oracle-of-naivete, Pencil Vulture, phosphophyllite, Popeetoes, Radians, sheepie, shin, stathx, stupiddrew9
Kinney__TX, Ava, AyjAy011, Chicago Geographer, chirpn, FlyingBro, gurf, jaydoo909, JayVerti, Jet, muskox, OKobern, oracle-of-naivete, Pencil Vulture, phosphophyllite, Popeetoes, Radians, sheepie, shin, stathx, stupiddrew9, VS4GdqaYdYYrmBIMj1ab
Maverick__TX, Ava, AyjAy011, Chicago Geographer, FlyingBro, gurf, jaydoo909, JayVerti, Jet, muskox, Pencil Vulture, phosphophyllite, Popeetoes, sheepie, shin, stathx, stupiddrew9, VS4GdqaYdYYrmBIMj1ab
Dimmit__TX, Ava, AyjAy011, Chicago Geographer, FlyingBro, gurf, jaydoo909, JayVerti, Jet, muskox, Pencil Vulture, phosphophyllite, Popeetoes, sheepie, shin, stathx, stupiddrew9, VS4GdqaYdYYrmBIMj1ab
Zavala__TX, Ava, AyjAy011, Chicago Geographer, FlyingBro, gurf, jaydoo909, JayVerti, Jet, muskox, Pencil Vulture, phosphophyllite, Popeetoes, sheepie, shin, stathx, stupiddrew9
La_Salle__TX, Ava, AyjAy011, Chicago Geographer, chirpn, FlyingBro, gurf, jaydoo909, JayVerti, Jet, muskox, Pencil Vulture, phosphophyllite, Popeetoes, sheepie, shin, stathx, stupiddrew9, VS4GdqaYdYYrmBIMj1ab
Frio__TX, Ava, AyjAy011, Chicago Geographer, chirpn, FlyingBro, gurf, jaydoo909, JayVerti, Jet, muskox, Pencil Vulture, phosphophyllite, Popeetoes, sheepie, shin, stathx, stupiddrew9, VS4GdqaYdYYrmBIMj1ab
McMullen__TX, Ava, AyjAy011, Chicago Geographer, chirpn, FlyingBro, gurf, jaydoo909, JayVerti, Jet, muskox, Pencil Vulture, phosphophyllite, Popeetoes, sheepie, shin, stathx, stupiddrew9, VS4GdqaYdYYrmBIMj1ab
Duval__TX, Ava, AyjAy011, Chicago Geographer, chirpn, FlyingBro, gurf, jaydoo909, JayVerti, muskox, Pencil Vulture, phosphophyllite, Popeetoes, sheepie, shin, stathx, stupiddrew9
Jim_Hogg__TX, Ava, AyjAy011, Chicago Geographer, chirpn, FlyingBro, gurf, jaydoo909, JayVerti, muskox, Pencil Vulture, phosphophyllite, Popeetoes, sheepie, shin, stathx, stupiddrew9, VS4GdqaYdYYrmBIMj1ab
Webb__TX, Ava, AyjAy011, Chicago Geographer, chirpn, FlyingBro, gurf, jaydoo909, JayVerti, muskox, Pencil Vulture, phosphophyllite, Popeetoes, sheepie, shin, stathx, stupiddrew9, VS4GdqaYdYYrmBIMj1ab
Zapata__TX, Ava, AyjAy011, Chicago Geographer, chirpn, FlyingBro, gurf, jaydoo909, JayVerti, muskox, Pencil Vulture, phosphophyllite, Popeetoes, sheepie, shin, stathx, stupiddrew9, VS4GdqaYdYYrmBIMj1ab
Goliad__TX, Ava, AyjAy011, Chicago Geographer, chirpn, FlyingBro, gurf, jaydoo909, JayVerti, Jet, muskox, Pencil Vulture, phosphophyllite, Popeetoes, sheepie, shin, stathx, stupiddrew9, The Texan
Bradford__FL, Ava, fladnag, kp, nuclear ocelot, Radians, Radu, shin, stathx, stephner, stupiddrew9, zenith
Union__FL, Ava, dfshapir, Flame, nuclear ocelot, Radians, Radu, shin, stathx
Lafayette__FL, Ava, MKA, nuclear ocelot, Radu, shin, stathx
Glades__FL, Ava, chirpn, dfshapir, Diamond Armor Steve, MKA, nuclear ocelot, shin, stupiddrew9
Charlotte__FL, Ava, chirpn, DasSchnootz, De Martian, Diamond Armor Steve, GeoGamr🇺🇦, jogwi, MKA, Norton, nuclear ocelot, OceanMan, oracle-of-naivete, Paris_Labrador, Patxepi, shin, stupiddrew9
Evans__GA, Ava, Jo™, nuclear ocelot, oracle-of-naivete, shin, stathx
Tattnall__GA, Ava, Jo™, nuclear ocelot, oracle-of-naivete, shin, stathx
Toombs__GA, Ava, Jo™, nuclear ocelot, shin, stathx
Montgomery__GA, Ava, Jo™, nuclear ocelot, Radu, shin, stathx
Brantley__GA, Ava, dfshapir, nuclear ocelot, shin, stathx, voltaicwaffles
Appling__GA, Ava, nuclear ocelot, Radu, shin, stathx
Jeff_Davis__GA, Ava, nuclear ocelot, Radu, shin, stathx
Wheeler__GA, Ava, nuclear ocelot, Radu, shin, stathx
Telfair__GA, Ava, nuclear ocelot, Radu, shin, stathx
Dodge__GA, Ava, nuclear ocelot, Radu, shin, stathx, The Texan
Wilcox__GA, Ava, nuclear ocelot, shin, stathx
Ben_Hill__GA, Ava, nuclear ocelot, shin, stathx
Irwin__GA, Ava, nuclear ocelot, shin, stathx
Berrien__GA, Ava, nuclear ocelot, shin, stathx
Long__GA, Ava, dfshapir, nuclear ocelot, oracle-of-naivete, shin, stathx, voltaicwaffles
Wayne__GA, Ava, dfshapir, nuclear ocelot, oracle-of-naivete, Radu, shin, stathx, voltaicwaffles
Pierce__GA, Ava, nuclear ocelot, oracle-of-naivete, shin, stathx
Bacon__GA, Ava, nuclear ocelot, Radu, shin, stathx
Coffee__GA, Ava, nuclear ocelot, shin, stathx
Atkinson__GA, Ava, nuclear ocelot, shin, stathx
Lanier__GA, Ava, nuclear ocelot, oracle-of-naivete, shin, stathx
Echols__GA, Ava, nuclear ocelot, shin, stathx, zenith
Sarasota__FL, Ava, Cedar, DasSchnootz, De Martian, dfshapir, Diamond Armor Steve, GeoGamr🇺🇦, jogwi, MKA, Norton, nuclear ocelot, OceanMan, oracle-of-naivete, Paris_Labrador, Patxepi, shin, stupiddrew9, voltaicwaffles
Screven__GA, Ava, Jo™, nuclear ocelot, oracle-of-naivete, shin, stathx
Allen__LA, Ava, Jet, shin
Beauregard__LA, Ava, Jet, muskox, shin, zenith
Vernon__LA, Ava, Jet, shin, zenith
Sabine__LA, Ava, jaydoo909, Jet, muskox, shin, zenith
Gregg__TX, Ava, chirpn, dfshapir, jaydoo909, Jet, jogwi, muskox, OKobern, Popeetoes, sagittarius998, shin, stathx, stupiddrew9, The Texan, voltaicwaffles, VS4GdqaYdYYrmBIMj1ab, zenith
Henderson__TX, Ava, chirpn, dfshapir, FlyingBro, jaydoo909, Jet, Kai, muskox, Popeetoes, shin, stathx, The Texan, Tumnus, VS4GdqaYdYYrmBIMj1ab
Choctaw__OK, Ava, muskox, OKobern, Radians, shin, stathx, Steve Lira, Tumnus, VS4GdqaYdYYrmBIMj1ab, zenith
Pushmataha__OK, Ava, muskox, OKobern, Radians, shin, stathx, Tumnus, VS4GdqaYdYYrmBIMj1ab, zenith
Coal__OK, Ava, IGotSap, mobambachloride, muskox, OKobern, shin, stathx, Tumnus, zenith
Pontotoc__OK, Ava, IGotSap, Jet, mobambachloride, muskox, OKobern, shin, stathx, Steve Lira, Tumnus, VS4GdqaYdYYrmBIMj1ab, zenith
Johnston__OK, Ava, IGotSap, mobambachloride, muskox, OKobern, shin, stathx, Steve Lira, VS4GdqaYdYYrmBIMj1ab, zenith
Marshall__OK, Ava, muskox, OKobern, sagittarius998, shin, stathx, Steve Lira, VS4GdqaYdYYrmBIMj1ab, zenith
Stephens__TX, Ava, AyjAy011, dfshapir, jaydoo909, muskox, Pencil Vulture, Popeetoes, sheepie, shin, stathx, VS4GdqaYdYYrmBIMj1ab, zenith
Shackelford__TX, Ava, AyjAy011, dfshapir, jaydoo909, muskox, Pencil Vulture, Popeetoes, sheepie, shin, stathx, VS4GdqaYdYYrmBIMj1ab
Throckmorton__TX, Ava, AyjAy011, dfshapir, jaydoo909, Jet, muskox, OKobern, Pencil Vulture, Popeetoes, sheepie, shin, stathx, zenith
Haskell__TX, Ava, AyjAy011, Chicago Geographer, jaydoo909, Jet, muskox, OKobern, Pencil Vulture, Popeetoes, Radians, sheepie, shin, stathx, Steve Lira, zenith
Stonewall__TX, Ava, AyjAy011, jaydoo909, Jet, muskox, Pencil Vulture, Popeetoes, sheepie, shin, stathx, zenith
Kent__TX, Ava, AyjAy011, jaydoo909, Jet, muskox, Pencil Vulture, Popeetoes, sheepie, shin, stathx, zenith
Dickens__TX, Ava, AyjAy011, jaydoo909, Jet, muskox, OKobern, Pencil Vulture, Popeetoes, sheepie, shin, stathx, TommyTheMet, zenith
King__TX, Ava, AyjAy011, dfshapir, jaydoo909, Jet, muskox, OKobern, Pencil Vulture, Popeetoes, sheepie, shin, stathx, TommyTheMet, zenith
Cottle__TX, Ava, AyjAy011, dfshapir, jaydoo909, Jet, muskox, OKobern, Pencil Vulture, Popeetoes, sheepie, shin, stathx, zenith
Foard__TX, Ava, AyjAy011, dfshapir, jaydoo909, Jet, muskox, OKobern, Pencil Vulture, Popeetoes, sheepie, shin, stathx, zenith
Knox__TX, Ava, AyjAy011, Chicago Geographer, dfshapir, jaydoo909, Jet, muskox, OKobern, Pencil Vulture, Popeetoes, sheepie, shin, stathx, Steve Lira, TommyTheMet, zenith
Baylor__TX, Ava, AyjAy011, Chicago Geographer, dfshapir, jaydoo909, Jet, muskox, OKobern, Pencil Vulture, Popeetoes, sheepie, shin, stathx, Steve Lira, TommyTheMet, zenith
Archer__TX, Ava, AyjAy011, Chicago Geographer, dfshapir, jaydoo909, Jet, muskox, OKobern, Pencil Vulture, Popeetoes, sheepie, shin, stathx, Steve Lira, TommyTheMet, voltaicwaffles, zenith
Young__TX, Ava, AyjAy011, dfshapir, jaydoo909, Jet, muskox, OKobern, Pencil Vulture, Popeetoes, sheepie, shin, stathx, zenith
Jack__TX, Ava, AyjAy011, dfshapir, jaydoo909, Jet, muskox, Pencil Vulture, Popeetoes, sheepie, shin, stathx, voltaicwaffles, zenith
Fannin__TX, Ava, AyjAy011, jaydoo909, Jet, jogwi, muskox, OKobern, Pencil Vulture, Popeetoes, sheepie, shin, stathx, Steve Lira, stupiddrew9, VS4GdqaYdYYrmBIMj1ab, zenith
Lamar__TX, Ava, AyjAy011, jaydoo909, Jet, jogwi, muskox, OKobern, Pencil Vulture, Popeetoes, Radians, sheepie, shin, stathx, Steve Lira, stupiddrew9, Tumnus, VS4GdqaYdYYrmBIMj1ab, zenith
Red_River__TX, Ava, AyjAy011, jaydoo909, Jet, jogwi, muskox, OKobern, Pencil Vulture, Popeetoes, sheepie, shin, stathx, Steve Lira, stupiddrew9, zenith
McCurtain__OK, Ava, AyjAy011, jaydoo909, Jet, muskox, OKobern, Pencil Vulture, sheepie, shin, stathx, Steve Lira, stupiddrew9, Tumnus, zenith
Little_River__AR, Ava, AyjAy011, chirpn, jaydoo909, Jet, KlutchEZ, muskox, OKobern, Pencil Vulture, Popeetoes, sheepie, shin, stathx, Tumnus, VS4GdqaYdYYrmBIMj1ab, zenith
Camp__TX, Ava, AyjAy011, EJ'sEmpire, jaydoo909, Jet, muskox, Pencil Vulture, Popeetoes, Radians, sheepie, shin, stathx
Delta__TX, Ava, AyjAy011, jaydoo909, Jet, muskox, OKobern, Pencil Vulture, Popeetoes, Radians, sheepie, shin, stathx, Tumnus, VS4GdqaYdYYrmBIMj1ab, zenith
Wise__TX, Ava, AyjAy011, Chicago Geographer, chirpn, dfshapir, GeoGamr🇺🇦, jaydoo909, Jet, jogwi, muskox, Pencil Vulture, Popeetoes, Radians, Radu, sheepie, shin, stathx, Steve Lira, Tumnus, VS4GdqaYdYYrmBIMj1ab, zenith
Hood__TX, Ava, AyjAy011, chirpn, dfshapir, jaydoo909, Jet, muskox, Pencil Vulture, Popeetoes, Radu, sheepie, shin, stathx, VS4GdqaYdYYrmBIMj1ab, zenith
Somervell__TX, Ava, AyjAy011, chirpn, dfshapir, FlyingBro, jaydoo909, Jet, muskox, Pencil Vulture, Popeetoes, Radu, sheepie, shin, stathx, The Texan, zenith
Rains__TX, Ava, jaydoo909, Jet, muskox, Popeetoes, Radians, shin, stathx
Wood__TX, Ava, jaydoo909, Jet, muskox, Popeetoes, Radians, sagittarius998, shin, stathx, Tumnus
Upshur__TX, Ava, jaydoo909, Jet, muskox, phosphophyllite, Popeetoes, Radians, sagittarius998, shin, stathx
Marion__TX, Ava, chirpn, dfshapir, Flame, hateornges, jaydoo909, Jet, Pendulous, Popeetoes, Radians, sagittarius998, shin, stathx, Steve Lira, The Texan, zenith
Forrest__MS, Ava, fladnag, FlyingBro, GeoGamr🇺🇦, jaydoo909, Jet, jogwi, KlutchEZ, kp, mobambachloride, Norton, OKobern, sagittarius998, sheepie, shin, stupiddrew9, Urbanindy
Perry__MS, Ava, jaydoo909, Jet, mobambachloride, OKobern, sheepie, shin
George__MS, Ava, jaydoo909, Jet, jogwi, mobambachloride, OKobern, sheepie, shin, stathx
Geneva__AL, Ava, GeoGamr🇺🇦, GeoGamr🇺🇦, hateornges, jogwi, OKobern, shin, stathx, stupiddrew9
Liberty__FL, Ava, nuclear ocelot, oracle-of-naivete, Radu, shin, stupiddrew9
Calhoun__FL, Ava, MKA, nuclear ocelot, oracle-of-naivete, Radu, shin, stupiddrew9
Gulf__FL, Ava, jogwi, nuclear ocelot, Radu, shin
Franklin__FL, Ava, nuclear ocelot, Radu, shin
Decatur__GA, Ava, dfshapir, jogwi, mobambachloride, nuclear ocelot, Radu, shin, stathx, stupiddrew9, zenith
Early__GA, Ava, dfshapir, Jet, jogwi, mobambachloride, nuclear ocelot, Radu, shin, stathx, stupiddrew9
Clay__GA, Ava, Jet, mobambachloride, nuclear ocelot, Radu, shin, stathx, stupiddrew9
Henry__AL, Ava, GeoGamr🇺🇦, hateornges, Jet, jogwi, shin, stathx, stupiddrew9
Houston__AL, Ava, dfshapir, GeoGamr🇺🇦, hateornges, IGotSap, jogwi, KlutchEZ, kp, shin, stathx, stupiddrew9
Dale__AL, Ava, dfshapir, GeoGamr🇺🇦, IGotSap, Jet, jogwi, KlutchEZ, kp, OKobern, shin, stathx, stupiddrew9
Coffee__AL, Ava, dfshapir, GeoGamr🇺🇦, hateornges, IGotSap, Jet, jogwi, KlutchEZ, kp, OKobern, shin, stathx, stupiddrew9
Pike__AL, Ava, dfshapir, GeoGamr🇺🇦, hateornges, IGotSap, jogwi, KlutchEZ, kp, OKobern, shin, stathx, stupiddrew9
Barbour__AL, Ava, GeoGamr🇺🇦, hateornges, Jet, jogwi, Kai, Radu, shin, stathx, stupiddrew9
Quitman__GA, Ava, GeoGamr🇺🇦, Jet, Kai, nuclear ocelot, Radu, shin, stathx, stupiddrew9
Randolph__GA, Ava, GeoGamr🇺🇦, Jet, Kai, mobambachloride, nuclear ocelot, Radu, shin, stathx, stupiddrew9
Calhoun__GA, Ava, Jet, nuclear ocelot, Radu, shin, stathx, stupiddrew9
Mitchell__GA, Ava, mobambachloride, nuclear ocelot, Radu, shin, stathx, stupiddrew9
Grady__GA, Ava, dfshapir, jogwi, mobambachloride, nuclear ocelot, oracle-of-naivete, Piglee, Radu, shin, stathx, stupiddrew9
Thomas__GA, Ava, Kiribati, mobambachloride, nuclear ocelot, oracle-of-naivete, Piglee, Radu, shin, stathx, stupiddrew9
Colquitt__GA, Ava, nuclear ocelot, Piglee, Radu, shin, stathx, stupiddrew9
Lee__GA, Ava, GeoGamr🇺🇦, Kai, mobambachloride, nuclear ocelot, Radu, shin, stathx, stupiddrew9, zenith
Terrell__GA, Ava, GeoGamr🇺🇦, Jet, Kai, nuclear ocelot, Radu, shin, stathx, stupiddrew9, zenith
Brooks__GA, Ava, mobambachloride, nuclear ocelot, oracle-of-naivete, Radu, shin, stathx, stupiddrew9
Terrebonne__LA, Ava, jaydoo909, Jet, Kai, KlutchEZ, oracle-of-naivete, shin
Lafourche__LA, Ava, jaydoo909, Jet, Kai, KlutchEZ, oracle-of-naivete, shin
Assumption__LA, Ava, jaydoo909, Jet, Kai, KlutchEZ, shin
St__Mary__LA, Ava, jaydoo909, Jet, Kai, KlutchEZ, oracle-of-naivete, Sean30303, shin
Iberia__LA, Ava, jaydoo909, Jet, Kai, KlutchEZ, oracle-of-naivete, Sean30303, shin
Vermilion__LA, Ava, Jet, shin, stupiddrew9
Cameron__LA, Ava, Jet, muskox, Radians, shin, stathx, stupiddrew9
Walker__TX, Ava, dfshapir, FlyingBro, jaydoo909, Jet, Kai, muskox, OKobern, Popeetoes, Radians, shin, stathx, The Texan, TheScooterBuskie, Tumnus, VS4GdqaYdYYrmBIMj1ab, zenith
Trinity__TX, Ava, jaydoo909, Jet, Kai, muskox, Popeetoes, Radians, shin, stathx
San_Augustine__TX, Ava, chirpn, jaydoo909, Jet, muskox, Popeetoes, Radians, shin, stathx
Sabine__TX, Ava, jaydoo909, Jet, muskox, Popeetoes, Radians, shin, stathx
Newton__TX, Ava, jaydoo909, Jet, muskox, Popeetoes, Radians, shin, stathx
Jasper__TX, Ava, chirpn, jaydoo909, Jet, muskox, Popeetoes, Radians, shin, stathx
Tyler__TX, Ava, chirpn, jaydoo909, Jet, muskox, Popeetoes, Radians, shin, stathx
Colorado__TX, Ava, chirpn, Flame, FlyingBro, jaydoo909, Jet, MKA, muskox, OceanMan, oracle-of-naivete, Pencil Vulture, Popeetoes, Radians, shin, stathx, Steve Lira, The Texan, Tumnus, VS4GdqaYdYYrmBIMj1ab
Lavaca__TX, Ava, chirpn, jaydoo909, Jet, OKobern, oracle-of-naivete, Popeetoes, shin, stathx
DeWitt__TX, Ava, chirpn, jaydoo909, Jet, OKobern, Popeetoes, shin, stathx, The Texan, zenith
Calhoun__TX, Ava, chirpn, FlyingBro, jaydoo909, Jet, OKobern, Popeetoes, Radians, shin, stathx
Matagorda__TX, Ava, jaydoo909, Jet, OKobern, Popeetoes, Radians, shin, stathx
Brazoria__TX, Ava, chirpn, FlyingBro, jaydoo909, Jet, OKobern, Popeetoes, Radians, shin, stathx
Hardin__TX, Ava, chirpn, jaydoo909, Jet, MKA, muskox, Popeetoes, Radians, shin, stathx, VS4GdqaYdYYrmBIMj1ab
Stephenson__IL, Ava, Bvarium, Chicago Geographer, DasSchnootz, De Martian, dfshapir, Ivan, nuclear ocelot, oracle-of-naivete, Pendulous, Sean30303, sheepie, shin, stathx
Honolulu__HI, Ava, Banana Peel Seal, Cascadia, De Martian, dfshapir, Diamond Armor Steve, FlyingBro, Geo, GeoGamr🇺🇦, lostmyballs, Norton, Patxepi, phosphophyllite, Popeetoes, Radians, Redoct878, shin, stathx, UCLA_Jesus
Pointe_Coupee__LA, Ava, jaydoo909, mobambachloride, OKobern, shin, VS4GdqaYdYYrmBIMj1ab
Montague__TX, Ava, chirpn, dfshapir, GeoGamr🇺🇦, jaydoo909, Jet, jogwi, muskox, Popeetoes, Radians, shin, stathx, Tumnus, VS4GdqaYdYYrmBIMj1ab, zenith
Clay__TX, Ava, dfshapir, GeoGamr🇺🇦, jaydoo909, Jet, jogwi, kp, muskox, OKobern, Popeetoes, Radians, shin, stathx, Steve Lira, Tumnus, VS4GdqaYdYYrmBIMj1ab, zenith
Wichita__TX, Ava, Chicago Geographer, dfshapir, GeoGamr🇺🇦, jaydoo909, Jet, jogwi, kp, muskox, OKobern, Popeetoes, Radians, shin, stathx, Steve Lira, TommyTheMet, Tumnus, voltaicwaffles, VS4GdqaYdYYrmBIMj1ab, zenith
Wilbarger__TX, Ava, dfshapir, GeoGamr🇺🇦, jaydoo909, Jet, jogwi, muskox, OKobern, Popeetoes, Radians, shin, stathx, Steve Lira, Tumnus, VS4GdqaYdYYrmBIMj1ab, zenith
Hardeman__TX, Ava, dfshapir, GeoGamr🇺🇦, jaydoo909, Jet, jogwi, muskox, OKobern, Popeetoes, shin, stathx, Steve Lira, Tumnus, VS4GdqaYdYYrmBIMj1ab, zenith
Childress__TX, Ava, dfshapir, GeoGamr🇺🇦, jaydoo909, Jet, jogwi, muskox, OKobern, Popeetoes, Radians, shin, stathx, Steve Lira, Tumnus, VS4GdqaYdYYrmBIMj1ab, zenith
Hall__TX, Ava, GeoGamr🇺🇦, jaydoo909, Jet, jogwi, muskox, OKobern, Popeetoes, Radians, shin, stathx, Steve Lira, Tumnus, VS4GdqaYdYYrmBIMj1ab, zenith
Armstrong__TX, Ava, GeoGamr🇺🇦, jaydoo909, Jet, muskox, Popeetoes, Radians, stathx, Steve Lira, The Texan, Tumnus, VS4GdqaYdYYrmBIMj1ab, zenith
Routt__CO, Ava, Bvarium, Cascadia, jogwi, Jo™, muskox, OKobern, Paris_Labrador, sheepie, shin, stathx
Lincoln__NV, Ava, De Martian, dfshapir, gurf, jogwi, stathx, zenith
Gooding__ID, Ava, Cascadia, De Martian, FlyingBro, gurf, jogwi, Kai, OceanMan, OKobern, Pencil Vulture, Radians, stathx, Steve Lira, Tumnus, zenith
Elmore__ID, Ava, Bvarium, Cascadia, De Martian, FlyingBro, gurf, jogwi, Kai, OceanMan, Pencil Vulture, Radians, stathx, Steve Lira, Tumnus, wyatt, zenith
Payette__ID, Ava, Cascadia, Chicago Geographer, De Martian, gurf, jogwi, Kai, MKA, OceanMan, Pencil Vulture, Radians, stathx, Tumnus, wyatt, zenith
Baker__OR, Ava, Cascadia, De Martian, gurf, jogwi, MKA, Pencil Vulture, shin, stathx, Tumnus, wyatt, zenith
Union__OR, Ava, Cascadia, De Martian, gurf, jogwi, MKA, Pencil Vulture, shin, stathx, Tumnus, zenith
Yakima__WA, Ava, Cascadia, De Martian, gurf, MKA, nuclear ocelot, OceanMan, Pencil Vulture, Radians, sheepie, shin, stathx, sunnysideup, zenith
Kittitas__WA, Ava, Cascadia, gurf, MKA, nuclear ocelot, OceanMan, OKobern, Pencil Vulture, Radians, sheepie, shin, stathx, sunnysideup, TheScooterBuskie, Tumnus, zenith
Highland__VA, Ava, dfshapir, jogwi, nuclear ocelot, Patxepi, phosphophyllite, sagittarius998, shin
Grant__WV, Ava, Bvarium, chirpn, dfshapir, jogwi, nuclear ocelot, oracle-of-naivete, Patxepi, phosphophyllite, sagittarius998, shin, voltaicwaffles
Simpson__MS, Ava, jaydoo909, OKobern, sheepie, shin
Covington__MS, Ava, jaydoo909, mobambachloride, OKobern, sheepie, shin
Greene__MS, Ava, jaydoo909, Jet, jogwi, mobambachloride, OKobern, sheepie, shin, zenith
Fayette__TX, Ava, Chicago Geographer, chirpn, Flame, FlyingBro, jaydoo909, JayVerti, Jet, Kai, MKA, muskox, Norton, OceanMan, OKobern, Pencil Vulture, Piglee, Popeetoes, Radians, shin, stathx, Steve Lira, The Texan, Tumnus, VS4GdqaYdYYrmBIMj1ab
Clearwater__MN, AyjAy011, Bradinator, corndog, jogwi, qazplm500, sheepie, stathx, WizardGrape
Rush__IN, AyjAy011, corndog, dfshapir, fbmdf1821, jogwi, lostmyballs, Paris_Labrador, Popeetoes, shin, stupiddrew9, Urbanindy, voltaicwaffles, zenith
Decatur__IN, AyjAy011, Chicago Geographer, corndog, dfshapir, fbmdf1821, jogwi, lostmyballs, Norton, Paris_Labrador, Popeetoes, shin, Steve Lira, stupiddrew9, Urbanindy, voltaicwaffles, zenith
Franklin__IN, AyjAy011, Chicago Geographer, corndog, dfshapir, fbmdf1821, jogwi, lostmyballs, Norton, Paris_Labrador, Popeetoes, shin, Steve Lira, stupiddrew9, Urbanindy, voltaicwaffles, zenith
Ripley__IN, AyjAy011, Chicago Geographer, dfshapir, fbmdf1821, jogwi, lostmyballs, Norton, Paris_Labrador, Popeetoes, shin, Steve Lira, stupiddrew9, Urbanindy, voltaicwaffles, zenith
Dearborn__IN, AyjAy011, Chicago Geographer, corndog, dfshapir, fbmdf1821, jogwi, kp, lostmyballs, Norton, oracle-of-naivete, Paris_Labrador, Popeetoes, shin, Steve Lira, stupiddrew9, Urbanindy, voltaicwaffles, zenith
Madison__IN, AyjAy011, Cedar, dfshapir, hateornges, jaydoo909, JayVerti, Jet, jogwi, kp, Norton, OKobern, Paris_Labrador, shin, stathx, stephner, Steve Lira, stupiddrew9, Urbanindy, voltaicwaffles
Delaware__IN, AyjAy011, Cedar, dfshapir, hateornges, jaydoo909, Jet, jogwi, kp, Norton, OKobern, Paris_Labrador, shin, stathx, Steve Lira, stupiddrew9, Urbanindy, voltaicwaffles
Grant__IN, AyjAy011, Cedar, dfshapir, hateornges, jaydoo909, JayVerti, Jet, jogwi, kp, Norton, OKobern, Paris_Labrador, shin, stathx, stephner, stupiddrew9, Urbanindy
Huntington__IN, AyjAy011, Cedar, dfshapir, hateornges, jaydoo909, JayVerti, Jet, jogwi, kp, Norton, OKobern, Paris_Labrador, shin, stathx, stephner, Steve Lira, stupiddrew9, TommyTheMet, Urbanindy, voltaicwaffles
Wells__IN, AyjAy011, Cedar, dfshapir, hateornges, jaydoo909, Jet, jogwi, OKobern, Paris_Labrador, shin, stathx, stupiddrew9, Urbanindy, voltaicwaffles
Owen__IN, AyjAy011, Bvarium, dfshapir, Littleduck, mobambachloride, Norton, shin, stupiddrew9, Urbanindy, WizardGrape
Hopkins__KY, AyjAy011, dfshapir, fladnag, jogwi, kp, shin, stupiddrew9, WizardGrape
Webster__KY, AyjAy011, dfshapir, fladnag, jogwi, kp, shin, stupiddrew9, WizardGrape
Henderson__KY, AyjAy011, dfshapir, fbmdf1821, fladnag, jogwi, kp, Littleduck, shin, stupiddrew9, voltaicwaffles, WizardGrape, zenith
Vanderburgh__IN, AyjAy011, Cascadia, dfshapir, EnzoDragon1, fbmdf1821, fladnag, Jet, jogwi, kp, Littleduck, Norton, OKobern, Paris_Labrador, shin, Steve Lira, stupiddrew9, Urbanindy, voltaicwaffles, WizardGrape, zenith
Warrick__IN, AyjAy011, Cascadia, dfshapir, EnzoDragon1, fbmdf1821, Jet, Littleduck, OKobern, Paris_Labrador, Sean30303, shin, Urbanindy, voltaicwaffles, zenith
Gibson__IN, AyjAy011, Cascadia, dfshapir, EnzoDragon1, fbmdf1821, Jet, jogwi, Littleduck, Norton, OKobern, sheepie, shin, stathx, Steve Lira, stupiddrew9, Urbanindy, voltaicwaffles, WizardGrape, zenith
Pike__IN, AyjAy011, dfshapir, jogwi, Littleduck, Norton, Paris_Labrador, Sean30303, sheepie, shin, Steve Lira, stupiddrew9, Urbanindy
Daviess__IN, AyjAy011, dfshapir, Jet, jogwi, Littleduck, Norton, Paris_Labrador, Sean30303, sheepie, shin, Steve Lira, stupiddrew9, Urbanindy
Greene__IN, AyjAy011, dfshapir, Jet, Littleduck, Norton, Paris_Labrador, Sean30303, shin, Steve Lira, stupiddrew9, Urbanindy
Monroe__IN, AyjAy011, Bvarium, Chicago Geographer, dfshapir, Ivan, Jet, Littleduck, mobambachloride, Norton, Paris_Labrador, Sean30303, shin, stephner, Steve Lira, stupiddrew9, The Texan, Urbanindy, voltaicwaffles, WizardGrape
Benton__IN, AyjAy011, Bvarium, Chicago Geographer, dfshapir, Flame, Norton, Pendulous, Sean30303, sheepie, shin, Urbanindy, voltaicwaffles
Parke__IN, AyjAy011, Chicago Geographer, dfshapir, Flame, Pendulous, shin, Steve Lira, stupiddrew9, Urbanindy, voltaicwaffles
Brown__IN, AyjAy011, Chicago Geographer, dfshapir, Littleduck, mobambachloride, Norton, shin, Steve Lira, stupiddrew9, Urbanindy, WizardGrape
Tipton__IN, AyjAy011, Chicago Geographer, DasSchnootz, dfshapir, JayVerti, lostmyballs, Norton, Paris_Labrador, shin, stathx, stephner, Steve Lira, Urbanindy, voltaicwaffles
Howard__IN, AyjAy011, Chicago Geographer, DasSchnootz, dfshapir, lostmyballs, Norton, Paris_Labrador, shin, Steve Lira, Urbanindy, voltaicwaffles
Cass__IN, AyjAy011, Chicago Geographer, dfshapir, jogwi, muskox, Norton, Sean30303, shin, Steve Lira, The Texan, TommyTheMet, Urbanindy, voltaicwaffles
Miami__IN, AyjAy011, Chicago Geographer, DasSchnootz, dfshapir, lostmyballs, Norton, Paris_Labrador, shin, Steve Lira, TommyTheMet, Urbanindy, voltaicwaffles
Fulton__IN, AyjAy011, Chicago Geographer, DasSchnootz, dfshapir, lostmyballs, Paris_Labrador, Sean30303, shin, Steve Lira, The Texan, Urbanindy
Starke__IN, AyjAy011, Chicago Geographer, DasSchnootz, dfshapir, Flame, JayVerti, jogwi, OceanMan, Paris_Labrador, sagittarius998, Sean30303, shin, stephner, Urbanindy, voltaicwaffles
Pulaski__IN, AyjAy011, Chicago Geographer, jogwi, Norton, Sean30303, shin, Steve Lira, Urbanindy
Carroll__IN, AyjAy011, Chicago Geographer, dfshapir, JayVerti, jogwi, muskox, Norton, shin, stephner, Steve Lira, The Texan, TommyTheMet, Urbanindy, voltaicwaffles
DeKalb__IN, AyjAy011, Banana Peel Seal, Cedar, dfshapir, hateornges, Ivan, JayVerti, jogwi, mobambachloride, Paris_Labrador, sagittarius998, Sean30303, shin, stathx, stephner, Steve Lira, stupiddrew9, TommyTheMet, train, Urbanindy, user1115, voltaicwaffles
Branch__MI, AyjAy011, Cedar, dfshapir, hateornges, Ivan, JayVerti, jogwi, mobambachloride, Paris_Labrador, shin, stathx, stephner, Steve Lira, stupiddrew9, Urbanindy, user1115
Gratiot__MI, AyjAy011, Bean, Cedar, flaber, jogwi, mobambachloride, Paris_Labrador, Pendulous, shin, stathx, stupiddrew9, Urbanindy
Isabella__MI, AyjAy011, Bean, Cedar, flaber, jogwi, mobambachloride, Paris_Labrador, Pendulous, sagittarius998, shin, stathx, stupiddrew9, Urbanindy
Clare__MI, AyjAy011, Bean, Cedar, Chicago Geographer, flaber, jogwi, Paris_Labrador, sagittarius998, shin, stathx, stupiddrew9, Urbanindy
Roscommon__MI, AyjAy011, Bean, Cedar, Chicago Geographer, flaber, jogwi, Norton, OceanMan, Paris_Labrador, Patxepi, shin, stathx, stupiddrew9, Urbanindy, voltaicwaffles
Crawford__MI, AyjAy011, Bean, Cedar, Chicago Geographer, flaber, jogwi, Norton, OceanMan, Paris_Labrador, Patxepi, shin, stathx, stupiddrew9, The Texan, Urbanindy, voltaicwaffles
Otsego__MI, AyjAy011, Bean, Bvarium, Cedar, Chicago Geographer, flaber, jogwi, Norton, OceanMan, Paris_Labrador, Patxepi, shin, stathx, stupiddrew9, The Texan, Urbanindy, voltaicwaffles
Traill__ND, AyjAy011, corndog, dfshapir, fladnag, jogwi, MKA, OKobern, qazplm500, Radians, Sean30303, sheepie, stathx, voltaicwaffles, WizardGrape
Grand_Forks__ND, AyjAy011, corndog, dfshapir, fladnag, MKA, OceanMan, OKobern, qazplm500, Radians, sheepie, stathx, voltaicwaffles, WizardGrape
Walsh__ND, AyjAy011, corndog, OceanMan, qazplm500, Radians, sheepie, stathx, WizardGrape
Pembina__ND, AyjAy011, OceanMan, qazplm500, Radians, sheepie, stathx, WizardGrape
Burnett__WI, AyjAy011, Bradinator, corndog, muskox, OKobern, qazplm500, Radians, sheepie, shin, WizardGrape
Brown__MN, AyjAy011, Bradinator, EJ'sEmpire, muskox, oracle-of-naivete, qazplm500, sheepie, shin, stathx, Steve Lira, WizardGrape
Emmet__IA, AyjAy011, Chicago Geographer, Radians, sheepie, zenith
Kossuth__IA, AyjAy011, muskox, Radians, sheepie, shin, zenith
Winnebago__IA, AyjAy011, muskox, qazplm500, Radians, sheepie, shin
Beltrami__MN, AyjAy011, Bradinator, corndog, jogwi, qazplm500, sheepie, stathx, WizardGrape
Cass__MN, AyjAy011, Bradinator, corndog, jogwi, qazplm500, sheepie, stathx, WizardGrape
Kandiyohi__MN, AyjAy011, Bradinator, dfshapir, EJ'sEmpire, OceanMan, qazplm500, sheepie, shin, stathx, WizardGrape
Chippewa__MN, AyjAy011, dfshapir, EJ'sEmpire, qazplm500, sheepie, stathx, WizardGrape
Lac_qui_Parle__MN, AyjAy011, Bradinator, dfshapir, EJ'sEmpire, qazplm500, sheepie, stathx, WizardGrape
Yellow_Medicine__MN, AyjAy011, dfshapir, EJ'sEmpire, qazplm500, sheepie, stathx, WizardGrape
Renville__MN, AyjAy011, EJ'sEmpire, qazplm500, sheepie, stathx, voltaicwaffles, WizardGrape
McLeod__MN, AyjAy011, chupoxag, corndog, EJ'sEmpire, muskox, oracle-of-naivete, qazplm500, sheepie, shin, stathx, voltaicwaffles, WizardGrape
Oglala_Lakota__SD, AyjAy011, corndog, dfshapir, Flame, jogwi, Patxepi, Radians, sheepie, stathx, user1115
Haakon__SD, AyjAy011, Bvarium, DasSchnootz, dfshapir, EJ'sEmpire, OceanMan, Radians, sheepie, stathx, TommyTheMet, user1115, WizardGrape
Stanley__SD, AyjAy011, Bvarium, DasSchnootz, dfshapir, EJ'sEmpire, OceanMan, Radians, Sean30303, sheepie, stathx, TommyTheMet, WizardGrape
Hughes__SD, AyjAy011, dfshapir, EJ'sEmpire, OceanMan, Radians, Sean30303, sheepie, stathx, TommyTheMet, WizardGrape
Swift__MN, AyjAy011, Bradinator, dfshapir, OceanMan, qazplm500, sheepie, shin, stathx, WizardGrape
Pope__MN, AyjAy011, corndog, DasSchnootz, dfshapir, qazplm500, sheepie, shin, WizardGrape
Stevens__MN, AyjAy011, qazplm500, sheepie, shin, WizardGrape
Big_Stone__MN, AyjAy011, Bradinator, dfshapir, OceanMan, qazplm500, sheepie, stathx, WizardGrape
Traverse__MN, AyjAy011, qazplm500, sheepie, shin, stathx, WizardGrape, zenith
Grant__SD, AyjAy011, Bradinator, De Martian, dfshapir, EJ'sEmpire, OceanMan, qazplm500, Radians, sheepie, stathx, WizardGrape, zenith
Roberts__SD, AyjAy011, Bradinator, De Martian, dfshapir, EJ'sEmpire, OceanMan, qazplm500, Radians, sheepie, shin, stathx, WizardGrape, zenith
Richland__ND, AyjAy011, corndog, DasSchnootz, De Martian, EJ'sEmpire, qazplm500, Radians, sheepie, shin, stathx, WizardGrape, zenith
Itasca__MN, AyjAy011, Bradinator, corndog, jogwi, qazplm500, sheepie, stathx, WizardGrape
Sargent__ND, AyjAy011, OceanMan, Radians, sheepie, shin, stathx
Ransom__ND, AyjAy011, DasSchnootz, OceanMan, Radians, sheepie, shin, stathx, WizardGrape
LaMoure__ND, AyjAy011, DasSchnootz, Radians, sheepie, shin, stathx, WizardGrape
Dickey__ND, AyjAy011, Radians, sheepie, shin, stathx, zenith
Brown__SD, AyjAy011, dfshapir, EJ'sEmpire, OceanMan, Radians, sheepie, shin, stathx, WizardGrape, zenith
Marshall__SD, AyjAy011, EJ'sEmpire, OceanMan, Radians, sheepie, shin, stathx, WizardGrape
Redwood__MN, AyjAy011, EJ'sEmpire, oracle-of-naivete, qazplm500, sheepie, stathx, Steve Lira, voltaicwaffles, WizardGrape
Lyon__MN, AyjAy011, EJ'sEmpire, oracle-of-naivete, qazplm500, sheepie, stathx, Steve Lira, voltaicwaffles, WizardGrape
Lincoln__MN, AyjAy011, EJ'sEmpire, oracle-of-naivete, qazplm500, sheepie, stathx, Steve Lira, voltaicwaffles, WizardGrape
Deuel__SD, AyjAy011, De Martian, dfshapir, EJ'sEmpire, OceanMan, Radians, sheepie, stathx, WizardGrape, zenith
Brookings__SD, AyjAy011, Bvarium, De Martian, dfshapir, EJ'sEmpire, OceanMan, qazplm500, Radians, sheepie, stathx, Steve Lira, WizardGrape, zenith
Moody__SD, AyjAy011, Bvarium, De Martian, dfshapir, EJ'sEmpire, qazplm500, Radians, sheepie, stathx, WizardGrape, zenith
Pipestone__MN, AyjAy011, EJ'sEmpire, oracle-of-naivete, qazplm500, sheepie, stathx, voltaicwaffles, WizardGrape
Murray__MN, AyjAy011, qazplm500, sheepie, stathx, WizardGrape
Mahnomen__MN, AyjAy011, corndog, jogwi, qazplm500, sheepie, stathx, WizardGrape
Norman__MN, AyjAy011, jogwi, OceanMan, qazplm500, sheepie, stathx, WizardGrape
Polk__MN, AyjAy011, corndog, OceanMan, qazplm500, sheepie, stathx, WizardGrape
Red_Lake__MN, AyjAy011, OceanMan, qazplm500, sheepie, stathx
Pennington__MN, AyjAy011, OceanMan, qazplm500, sheepie, stathx
Marshall__MN, AyjAy011, OceanMan, qazplm500, sheepie, stathx
Kittson__MN, AyjAy011, qazplm500, sheepie, stathx
Roseau__MN, AyjAy011, OceanMan, qazplm500, sheepie
Lake_of_the_Woods__MN, AyjAy011, Bradinator, OceanMan, qazplm500, sheepie
Koochiching__MN, AyjAy011, Bradinator, corndog, dfshapir, OceanMan, qazplm500, sheepie
Lyon__IA, AyjAy011, Chicago Geographer, EJ'sEmpire, OceanMan, qazplm500, Radians, sheepie, stathx
Sioux__IA, AyjAy011, Bvarium, Cascadia, EJ'sEmpire, qazplm500, Radians, sheepie, Tumnus
O_Brien__IA, AyjAy011, Bvarium, Cascadia, Chicago Geographer, Radians, sheepie, Tumnus
Osceola__IA, AyjAy011, Bvarium, Cascadia, Chicago Geographer, De Martian, qazplm500, Radians, sheepie, stathx, Tumnus
Dickinson__IA, AyjAy011, Chicago Geographer, Radians, sheepie
Clay__IA, AyjAy011, Chicago Geographer, Radians, sheepie
Palo_Alto__IA, AyjAy011, Chicago Geographer, muskox, Radians, sheepie, shin, zenith
Imperial__CA, bam, De Martian, dfshapir, EJ'sEmpire, FlyingBro, GeoGamr🇺🇦, georoulette, gurf, Jo™, nuclear ocelot, OceanMan, oracle-of-naivete, Pencil Vulture, phosphophyllite, sheepie, shin, Tumnus, UCLA_Jesus
Yuma__AZ, bam, dfshapir, EJ'sEmpire, FlyingBro, GeoGamr🇺🇦, georoulette, gurf, Jo™, OceanMan, oracle-of-naivete, Pencil Vulture, phosphophyllite, sheepie, shin, Tumnus
Hoonah_Angoon__AK, bam, chirpn, Jet, MKA, OKobern, oracle-of-naivete, Paris_Labrador, Radians, stathx
Haines__AK, bam, chirpn, EJ'sEmpire, Jet, MKA, Paris_Labrador, Radians, Tumnus
Skagway__AK, bam, chirpn, EJ'sEmpire, gurf, Jet, MKA, Radians, The Texan, Tumnus
Petersburg__AK, bam, chirpn, Jet, MKA, OKobern, Paris_Labrador, Radians, stathx, The Texan
Wrangell__AK, bam, chirpn, Jet, MKA, OKobern, Paris_Labrador, Radians, stathx
Prince_of_Wales_Hyder__AK, bam, chirpn, Jet, MKA, OKobern, Paris_Labrador, Radians, stathx
San_Juan__WA, bam, Cascadia, chirpn, dfshapir, gurf, MKA, nuclear ocelot, OKobern, Pencil Vulture, Radians, shin, stathx, sunnysideup
Santa_Cruz__AZ, bam, Bvarium, chirpn, dfshapir, EJ'sEmpire, georoulette, gurf, phosphophyllite, sheepie, shin, Tumnus
Greenlee__AZ, bam, dfshapir, gurf, phosphophyllite, qazplm500, sheepie, shin, stathx
Catron__NM, bam, FlyingBro, gurf, MKA, phosphophyllite, Popeetoes, qazplm500, sheepie, shin, stathx
Culpeper__VA, bam, chirpn, dfshapir, Diamond Armor Steve, flaber, FlyingBro, jogwi, Jo™, kp, mobambachloride, nuclear ocelot, oracle-of-naivete, Patxepi, Popeetoes, sagittarius998, shin, stephner, Steve Lira, Urbanindy, voltaicwaffles
Yukon_Koyukuk__AK, Banana Peel Seal, De Martian, jogwi, lostmyballs, Radians
SE_Fairbanks__AK, Banana Peel Seal, chirpn, jogwi, Radians
Fairbanks_North_Star__AK, Banana Peel Seal, chirpn, De Martian, jogwi, lostmyballs, Radians
Yuma__CO, Banana Peel Seal, Chicago Geographer, dfshapir, fladnag, muskox, OKobern, stathx, Steve Lira, stupiddrew9, voltaicwaffles, zenith
Dundy__NE, Banana Peel Seal, Chicago Geographer, dfshapir, fladnag, OKobern, Radians, stathx, Steve Lira, stupiddrew9, voltaicwaffles, zenith
Hitchcock__NE, Banana Peel Seal, dfshapir, fladnag, OKobern, Radians, stathx, Steve Lira, stupiddrew9, voltaicwaffles, zenith
Red_Willow__NE, Banana Peel Seal, Bvarium, dfshapir, fladnag, OKobern, Radians, stathx, Steve Lira, stupiddrew9, voltaicwaffles, zenith
Furnas__NE, Banana Peel Seal, Bvarium, fladnag, OKobern, Radians, stathx, Steve Lira, stupiddrew9, voltaicwaffles, zenith
Harlan__NE, Banana Peel Seal, Bvarium, fladnag, OKobern, Radians, stathx, Steve Lira, stupiddrew9, voltaicwaffles, zenith
Phelps__NE, Banana Peel Seal, dfshapir, fladnag, OKobern, Radians, sheepie, stathx, Steve Lira, stupiddrew9, voltaicwaffles
Adams__NE, Banana Peel Seal, dfshapir, fladnag, jogwi, lostmyballs, Radians, stathx, Steve Lira, stupiddrew9, voltaicwaffles
Saline__NE, Banana Peel Seal, DasSchnootz, dfshapir, fladnag, Radians, stathx, Steve Lira, stupiddrew9, voltaicwaffles
Fillmore__NE, Banana Peel Seal, DasSchnootz, dfshapir, fladnag, kp, Radians, stathx, Steve Lira, stupiddrew9, Tumnus, voltaicwaffles, zenith
Clay__NE, Banana Peel Seal, dfshapir, fladnag, jogwi, Radians, stathx, Steve Lira, stupiddrew9, voltaicwaffles
Saunders__NE, Banana Peel Seal, dfshapir, fladnag, OKobern, Radians, Sean30303, sheepie, stathx, Steve Lira, stupiddrew9, Tumnus, voltaicwaffles
Montgomery__IA, Banana Peel Seal, dfshapir, fladnag, lostmyballs, mobambachloride, Radians, sheepie, stathx, Steve Lira, stupiddrew9, voltaicwaffles
Adams__IA, Banana Peel Seal, dfshapir, fladnag, lostmyballs, Radians, sheepie, stathx, Steve Lira, stupiddrew9, voltaicwaffles
Union__IA, Banana Peel Seal, dfshapir, fladnag, lostmyballs, Radians, sheepie, Steve Lira, stupiddrew9, voltaicwaffles
Lucas__IA, Banana Peel Seal, Chicago Geographer, fladnag, muskox, Radians, sheepie, shin, Steve Lira, stupiddrew9, voltaicwaffles
Monroe__IA, Banana Peel Seal, dfshapir, EnzoDragon1, fladnag, Radians, sheepie, Steve Lira, stupiddrew9, voltaicwaffles
Wapello__IA, Banana Peel Seal, dfshapir, fladnag, Radians, sheepie, Steve Lira, stupiddrew9, voltaicwaffles, WizardGrape, zenith
Jefferson__IA, Banana Peel Seal, dfshapir, fladnag, Radians, sheepie, Steve Lira, stupiddrew9, voltaicwaffles
Des_Moines__IA, Banana Peel Seal, dfshapir, fladnag, Radians, sheepie, shin, Steve Lira, stupiddrew9, voltaicwaffles
Henderson__IL, Banana Peel Seal, dfshapir, fladnag, Norton, nuclear ocelot, sheepie, shin, Steve Lira, stupiddrew9, voltaicwaffles
Warren__IL, Banana Peel Seal, Cedar, Chicago Geographer, dfshapir, fladnag, Norton, nuclear ocelot, Sean30303, sheepie, shin, Steve Lira, stupiddrew9, voltaicwaffles
Noble__IN, Banana Peel Seal, dfshapir, Ivan, Paris_Labrador, sagittarius998, Sean30303, shin, stathx, Steve Lira, TommyTheMet, train, Urbanindy, voltaicwaffles
Montcalm__MI, Bean, Bvarium, Cedar, Chicago Geographer, mobambachloride, Norton, Paris_Labrador, Pendulous, shin, stathx, Steve Lira, The Texan, Urbanindy
Antrim__MI, Bean, Bvarium, Cedar, Chicago Geographer, flaber, jogwi, Norton, Paris_Labrador, qazplm500, sagittarius998, Sean30303, shin, stathx, stephner, Steve Lira, The Texan, Urbanindy
Kalkaska__MI, Bean, Cedar, Chicago Geographer, Paris_Labrador, qazplm500, shin, stathx, Steve Lira, stupiddrew9, The Texan, Urbanindy
Grand_Traverse__MI, Bean, Bvarium, Cedar, Chicago Geographer, flaber, jogwi, Norton, Paris_Labrador, qazplm500, sagittarius998, Sean30303, shin, stathx, stephner, Steve Lira, stupiddrew9, The Texan, Urbanindy
Charlevoix__MI, Bean, Bvarium, Cedar, Chicago Geographer, jogwi, Norton, Paris_Labrador, qazplm500, sagittarius998, Sean30303, shin, stathx, stephner, Steve Lira, Urbanindy
Muskegon__MI, Bean, Cedar, Chicago Geographer, ineedaface, jogwi, Pendulous, qazplm500, Sean30303, shin, stathx, Steve Lira, The Texan, Urbanindy, voltaicwaffles
Ottawa__MI, Bean, Cedar, Chicago Geographer, gurf, ineedaface, Ivan, Jet, jogwi, lostmyballs, Norton, Paris_Labrador, Pendulous, qazplm500, Sean30303, sheepie, shin, stathx, Steve Lira, The Texan, Urbanindy, voltaicwaffles, zenith
Barry__MI, Bean, Cedar, shin, stathx
Howard__IA, Bradinator, DasSchnootz, muskox, qazplm500, Radians, sheepie, shin, voltaicwaffles, WizardGrape
Bertie__NC, Bubba, chirpn, crownedkinggame, dfshapir, Ivan, muskox, nuclear ocelot, OKobern, shin, Tumnus, user1115, voltaicwaffles
Warren__NC, Bubba, chirpn, crownedkinggame, dfshapir, Diamond Armor Steve, flaber, Jet, Knight, mobambachloride, muskox, nuclear ocelot, oracle-of-naivete, Piglee, Radians, Radu, sagittarius998, shin, soup, stathx, stephner, user1115, voltaicwaffles, zenith
Vance__NC, Bubba, chirpn, crownedkinggame, dfshapir, Diamond Armor Steve, flaber, Jet, Knight, mobambachloride, muskox, nuclear ocelot, oracle-of-naivete, Piglee, Radians, Radu, sagittarius998, shin, soup, stathx, stephner, user1115, voltaicwaffles, wyatt, zenith
Granville__NC, Bubba, chirpn, crownedkinggame, dfshapir, Diamond Armor Steve, flaber, Jet, Knight, mobambachloride, muskox, nuclear ocelot, oracle-of-naivete, Piglee, Radians, Radu, sagittarius998, shin, soup, stathx, stephner, user1115, voltaicwaffles, wyatt, zenith
Pasquotank__NC, Bubba, chirpn, crownedkinggame, dfshapir, Diamond Armor Steve, Jo™, muskox, nuclear ocelot, shin, user1115, voltaicwaffles
Camden__NC, Bubba, chirpn, crownedkinggame, dfshapir, Diamond Armor Steve, Jo™, muskox, nuclear ocelot, shin, user1115, voltaicwaffles
Perquimans__NC, Bubba, chirpn, crownedkinggame, dfshapir, Jo™, muskox, nuclear ocelot, shin, user1115, voltaicwaffles
Chowan__NC, Bubba, crownedkinggame, dfshapir, Jo™, muskox, nuclear ocelot, shin, user1115, voltaicwaffles
Marion__SC, Bubba, Cascadia, crownedkinggame, Diamond Armor Steve, mobambachloride, muskox, nuclear ocelot, oracle-of-naivete, Patxepi, shin, soup, Steve Lira, Tumnus, user1115, voltaicwaffles
Northampton__VA, Bubba, Cascadia, chirpn, dfshapir, Diamond Armor Steve, ineedaface, Jo™, mobambachloride, muskox, nuclear ocelot, oracle-of-naivete, phosphophyllite, Radians, sagittarius998, sheepie, shin, stathx, TommyTheMet, Tumnus, voltaicwaffles
Accomack__VA, Bubba, Cascadia, chirpn, dfshapir, Diamond Armor Steve, ineedaface, Jo™, mobambachloride, muskox, nuclear ocelot, oracle-of-naivete, phosphophyllite, Radians, sagittarius998, sheepie, shin, stathx, TommyTheMet, train, Tumnus, voltaicwaffles
Dinwiddie__VA, Bubba, chirpn, dfshapir, Diamond Armor Steve, flaber, Jet, Jo™, Knight, mobambachloride, muskox, nuclear ocelot, oracle-of-naivete, Piglee, Radu, sagittarius998, shin, soup, stephner, TommyTheMet, user1115, voltaicwaffles, wyatt, zenith
Lunenburg__VA, Bubba, dfshapir, Diamond Armor Steve, muskox, nuclear ocelot, oracle-of-naivete, shin
Brunswick__VA, Bubba, chirpn, dfshapir, Diamond Armor Steve, flaber, Jet, Knight, mobambachloride, muskox, nuclear ocelot, oracle-of-naivete, Piglee, Radians, Radu, sagittarius998, shin, soup, stephner, stupiddrew9, user1115, voltaicwaffles, zenith
Mecklenburg__VA, Bubba, chirpn, dfshapir, Diamond Armor Steve, flaber, Jet, Knight, mobambachloride, muskox, nuclear ocelot, oracle-of-naivete, Piglee, Radians, Radu, sagittarius998, shin, soup, stephner, stupiddrew9, user1115, voltaicwaffles, zenith
King_George__VA, Bubba, Bvarium, chirpn, crownedkinggame, dfshapir, Diamond Armor Steve, Jo™, mobambachloride, muskox, nuclear ocelot, oracle-of-naivete, Patxepi, sagittarius998, shin, user1115, voltaicwaffles
Craven__NC, Bubba, Cascadia, chirpn, crownedkinggame, Ivan, muskox, nuclear ocelot, Radu, shin, user1115, voltaicwaffles
Ashe__NC, Bubba, Cascadia, chirpn, crownedkinggame, dfshapir, Jet, nuclear ocelot, Radians, sagittarius998, shin, stephner, user1115, voltaicwaffles
Lee__NC, Bubba, chirpn, crownedkinggame, Jet, muskox, nuclear ocelot, Radians, shin, user1115, voltaicwaffles
Chatham__NC, Bubba, chirpn, crownedkinggame, dfshapir, fladnag, Jet, jogwi, muskox, nuclear ocelot, Radians, shin, user1115, voltaicwaffles, wyatt
Grayson__VA, Bubba, Cascadia, chirpn, De Martian, dfshapir, Diamond Armor Steve, Jet, muskox, nuclear ocelot, Radians, sagittarius998, shin, soup, stupiddrew9, TheScooterBuskie, user1115, voltaicwaffles
Iroquois__IL, Bvarium, Cedar, Chicago Geographer, dfshapir, Flame, Ivan, jaydoo909, kp, nuclear ocelot, Pendulous, Sean30303, sheepie, shin, The Texan, voltaicwaffles, zenith
Ford__IL, Bvarium, Cedar, Chicago Geographer, dfshapir, Flame, Ivan, jaydoo909, kp, nuclear ocelot, Pendulous, Sean30303, shin, The Texan, voltaicwaffles, zenith
Allegan__MI, Bvarium, Cedar, Chicago Geographer, gurf, Ivan, Jet, jogwi, lostmyballs, mobambachloride, Norton, Paris_Labrador, Pendulous, qazplm500, Sean30303, sheepie, shin, stathx, Steve Lira, The Texan, Urbanindy, zenith
Mecosta__MI, Bvarium, Cedar, Chicago Geographer, mobambachloride, Norton, Paris_Labrador, Pendulous, shin, stathx, Steve Lira, The Texan, Urbanindy
Osceola__MI, Bvarium, Cedar, Chicago Geographer, flaber, Norton, Paris_Labrador, sagittarius998, shin, stathx, Steve Lira, The Texan, Urbanindy
Wexford__MI, Bvarium, Cedar, Chicago Geographer, flaber, Norton, Paris_Labrador, sagittarius998, shin, stathx, Steve Lira, The Texan, Urbanindy
Barnes__ND, Bvarium, Chicago Geographer, corndog, DasSchnootz, De Martian, EJ'sEmpire, gurf, jogwi, lostmyballs, OceanMan, Paris_Labrador, qazplm500, Radians, Sean30303, sheepie, shin, stathx, user1115, WizardGrape
Stutsman__ND, Bvarium, Chicago Geographer, corndog, DasSchnootz, De Martian, gurf, jogwi, lostmyballs, OceanMan, Paris_Labrador, qazplm500, Radians, Sean30303, sheepie, shin, stathx, user1115, WizardGrape
Kidder__ND, Bvarium, Chicago Geographer, corndog, DasSchnootz, De Martian, gurf, jogwi, lostmyballs, OceanMan, Paris_Labrador, qazplm500, Radians, Sean30303, sheepie, shin, stathx, user1115, WizardGrape
Burleigh__ND, Bvarium, Chicago Geographer, corndog, DasSchnootz, De Martian, gurf, jogwi, lostmyballs, OceanMan, Paris_Labrador, qazplm500, Radians, Sean30303, sheepie, shin, stathx, Steve Lira, user1115, WizardGrape
Morton__ND, Bvarium, Chicago Geographer, corndog, DasSchnootz, De Martian, gurf, jogwi, lostmyballs, OceanMan, Paris_Labrador, qazplm500, Radians, Sean30303, sheepie, shin, stathx, Steve Lira, user1115, WizardGrape
Stark__ND, Bvarium, Cascadia, Chicago Geographer, corndog, DasSchnootz, De Martian, gurf, jogwi, lostmyballs, OceanMan, OKobern, Paris_Labrador, qazplm500, Radians, Sean30303, sheepie, shin, stathx, Steve Lira, user1115, WizardGrape
Billings__ND, Bvarium, Cascadia, Chicago Geographer, corndog, DasSchnootz, De Martian, dfshapir, gurf, jogwi, lostmyballs, OceanMan, OKobern, Paris_Labrador, qazplm500, Radians, Sean30303, sheepie, shin, stathx, Steve Lira, user1115, WizardGrape
Edgar__IL, Bvarium, Chicago Geographer, dfshapir, Flame, jogwi, nuclear ocelot, Sean30303, shin, voltaicwaffles
Boise__ID, Bvarium, Chicago Geographer, FlyingBro, gurf, jogwi, lostmyballs, OceanMan, Pencil Vulture, Radians, stathx, wyatt
Custer__ID, Bvarium, De Martian, FlyingBro, gurf, jogwi, OceanMan, Pencil Vulture, Radians, stathx, Steve Lira, wyatt
Camas__ID, Bvarium, De Martian, gurf, jogwi, OceanMan, Pencil Vulture, Radians, stathx, Steve Lira, Tumnus, wyatt
Madison__MT, Bvarium, Cascadia, DasSchnootz, gurf, jogwi, lostmyballs, OceanMan, OKobern, Paris_Labrador, Pencil Vulture, Radians, stathx, Steve Lira, wyatt
Cascade__MT, Bvarium, gurf, jogwi, OceanMan, qazplm500, Radians, stathx
Teton__MT, Bvarium, jogwi, OceanMan, Patxepi, qazplm500, Radians, stathx
Pondera__MT, Bvarium, jogwi, OceanMan, Patxepi, qazplm500, Radians, stathx
Chaves__NM, Bvarium, Cascadia, Chicago Geographer, chirpn, dfshapir, FlyingBro, GeoGamr🇺🇦, jaydoo909, jogwi, MKA, OKobern, oracle-of-naivete, Popeetoes, qazplm500, stathx, TommyTheMet, user1115, VS4GdqaYdYYrmBIMj1ab, zenith
Metcalfe__KY, Bvarium, dfshapir, fbmdf1821, fladnag, jogwi, Norton, Patxepi, Pendulous, sheepie, shin, stupiddrew9, voltaicwaffles
Adair__KY, Bvarium, dfshapir, fbmdf1821, jogwi, Norton, Patxepi, Pendulous, sheepie, shin, stathx, stupiddrew9, voltaicwaffles
Russell__KY, Bvarium, dfshapir, fbmdf1821, jogwi, kp, Norton, Patxepi, Pendulous, sheepie, shin, stathx, stupiddrew9, voltaicwaffles
Pulaski__KY, Bvarium, dfshapir, fbmdf1821, jogwi, kp, Norton, Patxepi, Pendulous, sheepie, shin, stathx, stupiddrew9, voltaicwaffles
Laurel__KY, Bvarium, Chicago Geographer, corndog, crownedkinggame, DasSchnootz, dfshapir, fbmdf1821, fladnag, Flame, hateornges, jogwi, kp, lostmyballs, mobambachloride, Norton, Patxepi, Pendulous, shin, stathx, Steve Lira, stupiddrew9, Urbanindy, voltaicwaffles, WizardGrape
Whitley__KY, Bvarium, corndog, crownedkinggame, DasSchnootz, dfshapir, fbmdf1821, Flame, hateornges, jogwi, kp, lostmyballs, mobambachloride, Norton, Patxepi, Pendulous, shin, stathx, Steve Lira, stupiddrew9, Urbanindy, voltaicwaffles, WizardGrape
Campbell__TN, Bvarium, Chicago Geographer, corndog, crownedkinggame, DasSchnootz, dfshapir, fbmdf1821, Flame, hateornges, jogwi, kp, lostmyballs, mobambachloride, Norton, nuclear ocelot, Pendulous, sheepie, shin, Steve Lira, stupiddrew9, Urbanindy, voltaicwaffles, WizardGrape
Anderson__TN, Bvarium, Chicago Geographer, corndog, crownedkinggame, DasSchnootz, dfshapir, fbmdf1821, Flame, hateornges, jogwi, kp, lostmyballs, mobambachloride, Norton, nuclear ocelot, Pendulous, sheepie, shin, Steve Lira, stupiddrew9, Urbanindy, voltaicwaffles, WizardGrape
Kingsbury__SD, Bvarium, dfshapir, EJ'sEmpire, OceanMan, Radians, sheepie, stathx, Steve Lira, WizardGrape
Beadle__SD, Bvarium, dfshapir, EJ'sEmpire, Radians, sheepie, stathx, Steve Lira, WizardGrape
Spink__SD, Bvarium, dfshapir, EJ'sEmpire, OceanMan, Radians, sheepie, stathx, WizardGrape, zenith
Faulk__SD, Bvarium, dfshapir, EJ'sEmpire, Radians, sheepie, stathx, zenith
Potter__SD, Bvarium, dfshapir, EJ'sEmpire, Radians, sheepie, stathx
Dewey__SD, Bvarium, EJ'sEmpire, Radians, sheepie, stathx
Corson__SD, Bvarium, OceanMan, Radians, sheepie, shin, stathx, WizardGrape
Perkins__SD, Bvarium, OceanMan, Radians, stathx, user1115, zenith
Harding__SD, Bvarium, Cascadia, De Martian, dfshapir, lostmyballs, OKobern, qazplm500, Radians, stathx, zenith
Ziebach__SD, Bvarium, EJ'sEmpire, OceanMan, Radians, sheepie, stathx, TommyTheMet, user1115
Mellette__SD, Bvarium, dfshapir, Radians, sheepie, stathx, TommyTheMet, WizardGrape, zenith
Todd__SD, Bvarium, dfshapir, Radians, sheepie, stathx, TommyTheMet, WizardGrape, zenith
Cherry__NE, Bvarium, dfshapir, OceanMan, Radians, sheepie, stathx, TommyTheMet, WizardGrape, zenith
Thomas__NE, Bvarium, Radians, sheepie, stathx, TommyTheMet, WizardGrape, zenith
Blaine__NE, Bvarium, Radians, sheepie, stathx
Custer__NE, Bvarium, dfshapir, Radians, sheepie, stathx, zenith
Gosper__NE, Bvarium, Radians, stathx, zenith
Frontier__NE, Bvarium, dfshapir, Radians, stathx, zenith
Phillips__KS, Bvarium, muskox, OceanMan, stathx, zenith
Rooks__KS, Bvarium, fladnag, lostmyballs, muskox, OceanMan, stathx, zenith
Rush__KS, Bvarium, dfshapir, lostmyballs, muskox, stathx, zenith
Pawnee__KS, Bvarium, Chicago Geographer, dfshapir, lostmyballs, muskox, Popeetoes, stathx, TommyTheMet, zenith
Edwards__KS, Bvarium, Chicago Geographer, dfshapir, Norton, Popeetoes, stathx, TommyTheMet, zenith
Kiowa__KS, Bvarium, dfshapir, stathx, zenith
Comanche__KS, Bvarium, stathx, zenith
Meade__KS, Bvarium, Chicago Geographer, dfshapir, OceanMan, Popeetoes, stathx, zenith
Clark__KS, Bvarium, Chicago Geographer, dfshapir, OKobern, stathx, zenith
Ford__KS, Bvarium, Chicago Geographer, dfshapir, Norton, OKobern, Popeetoes, stathx, zenith
Hodgeman__KS, Bvarium, dfshapir, stathx, zenith
Ness__KS, Bvarium, dfshapir, muskox, Norton, stathx, zenith
Graham__KS, Bvarium, muskox, stathx, zenith
Norton__KS, Bvarium, muskox, OceanMan, stathx, zenith
Harper__OK, Bvarium, jogwi, kp, muskox, OKobern, shin, stathx, Tumnus, zenith
Beaver__OK, Bvarium, dfshapir, jogwi, kp, muskox, OKobern, Popeetoes, shin, stathx, Tumnus, zenith
Ellis__OK, Bvarium, kp, lostmyballs, muskox, OKobern, shin, stathx, zenith
Lipscomb__TX, Bvarium, jaydoo909, Jet, lostmyballs, muskox, OKobern, Popeetoes, shin, stathx, VS4GdqaYdYYrmBIMj1ab, zenith
Hemphill__TX, Bvarium, jaydoo909, Jet, lostmyballs, muskox, OKobern, Popeetoes, shin, stathx, VS4GdqaYdYYrmBIMj1ab, zenith
Sioux__ND, Bvarium, Radians, sheepie, shin, stathx
Grant__ND, Bvarium, Radians, sheepie, shin, stathx
Slope__ND, Bvarium, Cascadia, De Martian, dfshapir, lostmyballs, OceanMan, OKobern, qazplm500, Radians, sheepie, shin, stathx, zenith
Hettinger__ND, Bvarium, De Martian, OceanMan, qazplm500, Radians, sheepie, shin, stathx, Steve Lira, user1115, zenith
Plymouth__IA, Bvarium, Cascadia, EJ'sEmpire, qazplm500, Radians, sheepie, Tumnus, zenith
Whiteside__IL, Bvarium, Cedar, Chicago Geographer, DasSchnootz, dfshapir, Flame, Ivan, mobambachloride, nuclear ocelot, Pendulous, Sean30303, sheepie, shin, stathx, zenith
Clay__IL, Bvarium, Chicago Geographer, DasSchnootz, dfshapir, Flame, nuclear ocelot, Sean30303, sheepie, shin, stathx, Steve Lira, stupiddrew9
Wayne__IL, Bvarium, Cascadia, Chicago Geographer, dfshapir, EnzoDragon1, fbmdf1821, Jet, jogwi, nuclear ocelot, OKobern, shin, stathx, Steve Lira, stupiddrew9, voltaicwaffles, WizardGrape, zenith
Jasper__IL, Bvarium, Chicago Geographer, dfshapir, nuclear ocelot, shin, stathx, stupiddrew9
Crawford__IL, Bvarium, Chicago Geographer, dfshapir, jogwi, nuclear ocelot, shin, stathx, voltaicwaffles
Gallatin__IL, Bvarium, Chicago Geographer, dfshapir, nuclear ocelot, shin, stathx, stupiddrew9, Urbanindy, zenith
Saline__IL, Bvarium, Chicago Geographer, dfshapir, nuclear ocelot, shin, stathx, Urbanindy, zenith
Hardin__IL, Bvarium, Chicago Geographer, dfshapir, nuclear ocelot, shin, stathx, Urbanindy
Monroe__MS, Bvarium, dfshapir, jogwi, mobambachloride, shin, stupiddrew9, The Texan
Jersey__IL, Bvarium, Chicago Geographer, chirpn, dfshapir, Jet, nuclear ocelot, sagittarius998, shin, stupiddrew9, The Texan, zenith
Putnam__IL, Bvarium, Chicago Geographer, DasSchnootz, dfshapir, nuclear ocelot, Pendulous, Sean30303, sheepie, shin, zenith
Mason__IL, Bvarium, Chicago Geographer, dfshapir, nuclear ocelot, Sean30303, shin, zenith
Clinton__IA, Bvarium, DasSchnootz, Flame, kp, OceanMan, Radians, sheepie, shin, stathx, Urbanindy
Carroll__IL, Bvarium, DasSchnootz, Flame, nuclear ocelot, Pendulous, Sean30303, sheepie, shin, stathx, WizardGrape
Macon__IL, Bvarium, Chicago Geographer, dfshapir, Ivan, jaydoo909, kp, nuclear ocelot, Pendulous, Popeetoes, Radians, shin, stathx, The Texan, voltaicwaffles
Snyder__PA, Bvarium, dfshapir, flaber, JayVerti, Jo™, nuclear ocelot, oracle-of-naivete, Patxepi, phosphophyllite, sagittarius998, shin
Potter__PA, Bvarium, dfshapir, JayVerti, nuclear ocelot, phosphophyllite, sagittarius998, sheepie, stathx
Madison__NC, Bvarium, Chicago Geographer, chirpn, corndog, crownedkinggame, De Martian, flaber, fladnag, FlyingBro, jogwi, mobambachloride, nuclear ocelot, Patxepi, sagittarius998, shin, stupiddrew9, user1115, voltaicwaffles
Shelby__KY, Bvarium, crownedkinggame, DasSchnootz, dfshapir, fladnag, Flame, jogwi, Littleduck, mobambachloride, muskox, Norton, Pendulous, shin, stathx, stupiddrew9, Urbanindy, voltaicwaffles, WizardGrape, zenith
Franklin__KY, Bvarium, crownedkinggame, DasSchnootz, dfshapir, fladnag, Flame, jogwi, Kiribati, Littleduck, lostmyballs, mobambachloride, muskox, Norton, Pendulous, sheepie, shin, stathx, stupiddrew9, Urbanindy, voltaicwaffles, WizardGrape, zenith
Woodford__KY, Bvarium, Cedar, crownedkinggame, DasSchnootz, dfshapir, fbmdf1821, fladnag, Flame, jogwi, kp, Littleduck, lostmyballs, mobambachloride, muskox, Norton, OKobern, Patxepi, Pendulous, Popeetoes, sheepie, shin, stathx, stupiddrew9, Urbanindy, voltaicwaffles, WizardGrape, zenith
Scott__KY, Bvarium, Chicago Geographer, corndog, crownedkinggame, dfshapir, fbmdf1821, fladnag, Flame, hateornges, jogwi, Kiribati, kp, Littleduck, lostmyballs, mobambachloride, muskox, Norton, Pendulous, Popeetoes, sheepie, shin, stathx, Steve Lira, stupiddrew9, Urbanindy, voltaicwaffles, WizardGrape, zenith
Fayette__KY, Bvarium, Chicago Geographer, corndog, crownedkinggame, DasSchnootz, dfshapir, fbmdf1821, flaber, fladnag, Flame, hateornges, jogwi, Kiribati, kp, Littleduck, lostmyballs, mobambachloride, muskox, Norton, OKobern, Patxepi, Pendulous, Popeetoes, sheepie, shin, stathx, Steve Lira, stupiddrew9, Urbanindy, voltaicwaffles, WizardGrape, zenith
Madison__KY, Bvarium, Chicago Geographer, corndog, crownedkinggame, DasSchnootz, dfshapir, fbmdf1821, fladnag, Flame, hateornges, jogwi, kp, Littleduck, lostmyballs, mobambachloride, Norton, Pendulous, shin, stathx, Steve Lira, stupiddrew9, Urbanindy, voltaicwaffles, WizardGrape
Rockcastle__KY, Bvarium, Chicago Geographer, corndog, crownedkinggame, DasSchnootz, dfshapir, fbmdf1821, fladnag, Flame, hateornges, jogwi, kp, Littleduck, lostmyballs, mobambachloride, Norton, Pendulous, shin, stathx, Steve Lira, stupiddrew9, Urbanindy, voltaicwaffles, WizardGrape
Blount__TN, Bvarium, corndog, DasSchnootz, dfshapir, fladnag, Flame, FlyingBro, Jet, jogwi, kp, lostmyballs, nuclear ocelot, shin, Steve Lira, stupiddrew9, TheScooterBuskie, user1115, WizardGrape
Bowman__ND, Bvarium, Cascadia, De Martian, dfshapir, lostmyballs, OceanMan, OKobern, qazplm500, Radians, sheepie, shin, stathx, zenith
Richland__IL, Bvarium, Chicago Geographer, dfshapir, nuclear ocelot, sheepie, shin, stathx, stupiddrew9
Edwards__IL, Bvarium, Chicago Geographer, dfshapir, nuclear ocelot, shin, stathx, stupiddrew9, zenith
White__IL, Bvarium, Cascadia, Chicago Geographer, dfshapir, EnzoDragon1, fbmdf1821, Jet, jogwi, nuclear ocelot, OKobern, shin, stathx, Steve Lira, stupiddrew9, Urbanindy, voltaicwaffles, WizardGrape, zenith
Graves__KY, Bvarium, Chicago Geographer, dfshapir, jogwi, mobambachloride, shin, stupiddrew9, zenith
Weakley__TN, Bvarium, Chicago Geographer, fladnag, jogwi, mobambachloride, nuclear ocelot, shin, stupiddrew9
Gibson__TN, Bvarium, Chicago Geographer, jogwi, nuclear ocelot, shin, stupiddrew9
Hardeman__TN, Bvarium, jogwi, nuclear ocelot, shin, stupiddrew9
McNairy__TN, Bvarium, Chicago Geographer, jogwi, nuclear ocelot, shin, stupiddrew9
Prentiss__MS, Bvarium, Chicago Geographer, Jet, jogwi, shin
Alcorn__MS, Bvarium, Chicago Geographer, DasSchnootz, jogwi, KlutchEZ, muskox, shin, stupiddrew9, The Texan, zenith
Jackson__IA, Bvarium, DasSchnootz, Flame, kp, OceanMan, Radians, Sean30303, sheepie, shin, stathx, Urbanindy, WizardGrape
Kent__MD, Bvarium, chirpn, dfshapir, flaber, Jo™, lostmyballs, mobambachloride, nuclear ocelot, oracle-of-naivete, Patxepi, Radians, sagittarius998, shin, stathx, zenith
Talbot__MD, Bvarium, dfshapir, EnzoDragon1, flaber, Geo, Jo™, mobambachloride, nuclear ocelot, oracle-of-naivete, phosphophyllite, sagittarius998, shin, stathx, zenith
Wicomico__MD, Bvarium, chirpn, dfshapir, EnzoDragon1, flaber, ineedaface, Jo™, mobambachloride, muskox, nuclear ocelot, oracle-of-naivete, phosphophyllite, sagittarius998, shin, stathx, TommyTheMet, Tumnus
Somerset__MD, Bvarium, chirpn, dfshapir, flaber, ineedaface, Jo™, mobambachloride, muskox, nuclear ocelot, oracle-of-naivete, phosphophyllite, sagittarius998, shin, stathx, Tumnus
Lycoming__PA, Bvarium, dfshapir, flaber, JayVerti, mobambachloride, nuclear ocelot, phosphophyllite, sagittarius998, shin
Tioga__PA, Bvarium, dfshapir, flaber, JayVerti, mobambachloride, nuclear ocelot, sagittarius998
Cameron__PA, Bvarium, dfshapir, JayVerti, nuclear ocelot, sagittarius998, sheepie, stathx
Hardy__WV, Bvarium, chirpn, dfshapir, nuclear ocelot, oracle-of-naivete, Patxepi, phosphophyllite, sagittarius998, shin, TommyTheMet, voltaicwaffles
Northumberland__VA, Bvarium, dfshapir, Diamond Armor Steve, Jo™, nuclear ocelot, oracle-of-naivete, sagittarius998, shin
Lancaster__VA, Bvarium, chirpn, dfshapir, Diamond Armor Steve, Jo™, nuclear ocelot, oracle-of-naivete, shin
Richmond_Co___VA, Bvarium, chirpn, dfshapir, Diamond Armor Steve, Jo™, nuclear ocelot, oracle-of-naivete, sagittarius998, shin
Westmoreland__VA, Bvarium, chirpn, dfshapir, Diamond Armor Steve, Jo™, nuclear ocelot, oracle-of-naivete, Patxepi, sagittarius998, shin
Benton__OR, Cascadia, chupoxag, gurf, MKA, mobambachloride, OceanMan, Pencil Vulture, Sean30303, stathx, Steve Lira, sunnysideup, TheScooterBuskie
Harney__OR, Cascadia, De Martian, gurf, Kai, OceanMan, Pencil Vulture, sunnysideup, wyatt
Wheeler__OR, Cascadia, chirpn, De Martian, gurf, jogwi, Pencil Vulture, shin, stathx, Tumnus, wyatt
Grant__OR, Cascadia, De Martian, gurf, jogwi, Pencil Vulture, Tumnus, wyatt
Wallowa__OR, Cascadia, gurf, jogwi, MKA, Pencil Vulture, shin, stathx
Lincoln__MT, Cascadia, dfshapir, fladnag, gurf, jogwi, MKA, OceanMan, OKobern, Pencil Vulture, Radians, shin, stathx, voltaicwaffles
Hill__MT, Cascadia, dfshapir, fladnag, MKA, OceanMan, OKobern, Paris_Labrador, Radians, stathx, voltaicwaffles
Williams__ND, Cascadia, dfshapir, fladnag, MKA, OceanMan, OKobern, qazplm500, Radians, stathx, voltaicwaffles
Garland__AR, Cascadia, Chicago Geographer, GeoGamr🇺🇦, Jet, KlutchEZ, OKobern, Pendulous, shin, stathx, Steve Lira, stupiddrew9, The Texan, zenith
Brewster__TX, Cascadia, Chicago Geographer, chirpn, gurf, jaydoo909, Jet, jogwi, OKobern, oracle-of-naivete, Popeetoes, qazplm500, Radians, stathx, Steve Lira, The Texan, VS4GdqaYdYYrmBIMj1ab
Asotin__WA, Cascadia, gurf, jogwi, MKA, mobambachloride, nuclear ocelot, OceanMan, Pencil Vulture, Radians, shin, stathx, sunnysideup
Crook__OR, Cascadia, chirpn, De Martian, gurf, jogwi, Pencil Vulture, Tumnus, wyatt
Polk__OR, Cascadia, gurf, MKA, mobambachloride, OceanMan, OKobern, Pencil Vulture, Sean30303, stathx, sunnysideup
Yamhill__OR, Cascadia, Chicago Geographer, gurf, mobambachloride, OceanMan, OKobern, Pencil Vulture, Sean30303, stathx, sunnysideup
Skamania__WA, Cascadia, Chicago Geographer, De Martian, dfshapir, gurf, nuclear ocelot, OKobern, Pencil Vulture, Radians, sheepie, shin, stathx, sunnysideup, The Texan, voltaicwaffles, wyatt
Klickitat__WA, Cascadia, De Martian, dfshapir, gurf, nuclear ocelot, OceanMan, Pencil Vulture, Radians, shin, stathx, sunnysideup, TheScooterBuskie, voltaicwaffles, wyatt
Ferry__WA, Cascadia, gurf, MKA, nuclear ocelot, Pencil Vulture, Radians, shin, stathx
Stevens__WA, Cascadia, gurf, nuclear ocelot, Pencil Vulture, Radians, shin, stathx
Pend_Oreille__WA, Cascadia, gurf, nuclear ocelot, Pencil Vulture, Radians, shin, stathx, Urbanindy
Toole__MT, Cascadia, dfshapir, fladnag, MKA, OceanMan, OKobern, Paris_Labrador, Radians, stathx, voltaicwaffles
Liberty__MT, Cascadia, dfshapir, fladnag, MKA, OceanMan, OKobern, Paris_Labrador, Radians, stathx, voltaicwaffles
Phillips__MT, Cascadia, dfshapir, fladnag, MKA, OceanMan, OKobern, Paris_Labrador, Radians, stathx, voltaicwaffles
Blaine__MT, Cascadia, dfshapir, fladnag, MKA, OceanMan, OKobern, Paris_Labrador, Radians, stathx, voltaicwaffles
Roosevelt__MT, Cascadia, dfshapir, fladnag, MKA, OceanMan, OKobern, Paris_Labrador, qazplm500, Radians, stathx, voltaicwaffles
Valley__MT, Cascadia, dfshapir, fladnag, MKA, OceanMan, OKobern, Paris_Labrador, Radians, stathx, voltaicwaffles
Granite__MT, Cascadia, gurf, jogwi, lostmyballs, OceanMan, OKobern, oracle-of-naivete, Patxepi, Pencil Vulture, qazplm500, Radians, sheepie, stathx, Tumnus, wyatt, zenith
Deer_Lodge__MT, Cascadia, gurf, jogwi, Kai, lostmyballs, OceanMan, OKobern, Patxepi, Pencil Vulture, qazplm500, Radians, sheepie, stathx, Tumnus, wyatt, zenith
Jefferson__MT, Cascadia, DasSchnootz, EJ'sEmpire, gurf, jogwi, Kai, OceanMan, OKobern, Patxepi, Pencil Vulture, qazplm500, Radians, sheepie, stathx, Tumnus, wyatt, zenith
Cassia__ID, Cascadia, De Martian, FlyingBro, gurf, jogwi, Kai, OceanMan, Pencil Vulture, Pendulous, Radians, stathx, Steve Lira, Tumnus, zenith
Power__ID, Cascadia, De Martian, FlyingBro, gurf, jogwi, OceanMan, Pencil Vulture, Pendulous, Radians, stathx, Steve Lira
Minidoka__ID, Cascadia, De Martian, FlyingBro, gurf, jogwi, Kai, OceanMan, Pencil Vulture, Pendulous, Radians, stathx, Steve Lira, Tumnus, zenith
Teton__ID, Cascadia, DasSchnootz, De Martian, gurf, jogwi, MKA, OceanMan, Pencil Vulture, Popeetoes, Radians, stathx, Steve Lira, TheScooterBuskie, wyatt
McKenzie__ND, Cascadia, De Martian, dfshapir, OceanMan, qazplm500, Radians, stathx, Steve Lira, user1115
Posey__IN, Cascadia, dfshapir, EnzoDragon1, fbmdf1821, Jet, jogwi, OKobern, shin, Steve Lira, stupiddrew9, Urbanindy, voltaicwaffles, WizardGrape, zenith
Daviess__KY, Cascadia, dfshapir, fbmdf1821, jogwi, Littleduck, shin, Steve Lira, stupiddrew9, voltaicwaffles, zenith
Spencer__IN, Cascadia, dfshapir, EnzoDragon1, Jet, jogwi, Littleduck, OKobern, Paris_Labrador, Sean30303, shin, Steve Lira, stupiddrew9, Urbanindy, voltaicwaffles, zenith
Ohio__KY, Cascadia, dfshapir, fbmdf1821, jogwi, Littleduck, shin, Steve Lira, stupiddrew9, voltaicwaffles, zenith
Butler__KY, Cascadia, dfshapir, fbmdf1821, jogwi, Littleduck, shin, Steve Lira, stupiddrew9, voltaicwaffles, zenith
Polk__NC, Cascadia, chirpn, crownedkinggame, dfshapir, fbmdf1821, flaber, fladnag, jogwi, kp, lostmyballs, MKA, mobambachloride, Norton, nuclear ocelot, shin, soup, stupiddrew9, Urbanindy, user1115, voltaicwaffles
Alleghany__NC, Cascadia, chirpn, crownedkinggame, dfshapir, Jet, nuclear ocelot, sagittarius998, shin, soup, stephner, stupiddrew9, user1115, voltaicwaffles
Lincoln__NC, Cascadia, chirpn, fbmdf1821, mobambachloride, nuclear ocelot, shin, soup, stupiddrew9, user1115, voltaicwaffles, zenith
Amherst__VA, Cascadia, chirpn, crownedkinggame, De Martian, dfshapir, Diamond Armor Steve, flaber, Jet, jogwi, mobambachloride, muskox, nuclear ocelot, Patxepi, sagittarius998, shin, soup, stephner, user1115, voltaicwaffles
Currituck__NC, Cascadia, chirpn, crownedkinggame, dfshapir, Diamond Armor Steve, flaber, Jet, Jo™, muskox, nuclear ocelot, OceanMan, oracle-of-naivete, Paris_Labrador, Patxepi, Popeetoes, sagittarius998, shin, stupiddrew9, TommyTheMet, user1115, voltaicwaffles
Hyde__NC, Cascadia, chirpn, crownedkinggame, muskox, nuclear ocelot, OceanMan, OKobern, oracle-of-naivete, sagittarius998, shin, user1115, voltaicwaffles
Beaufort__NC, Cascadia, chirpn, crownedkinggame, Ivan, muskox, nuclear ocelot, Popeetoes, Radu, shin, user1115, voltaicwaffles
Onslow__NC, Cascadia, chirpn, crownedkinggame, Diamond Armor Steve, Ivan, muskox, nuclear ocelot, oracle-of-naivete, Radu, shin, user1115, voltaicwaffles
Lancaster__SC, Cascadia, crownedkinggame, muskox, nuclear ocelot, shin, soup, user1115
Union__NC, Cascadia, chirpn, crownedkinggame, Ivan, nuclear ocelot, shin, soup, user1115, voltaicwaffles
Pickens__SC, Cascadia, Chicago Geographer, chirpn, dfshapir, Knight, mobambachloride, muskox, nuclear ocelot, Radu, shin, stupiddrew9, user1115, voltaicwaffles, zenith
Laurens__SC, Cascadia, Chicago Geographer, dfshapir, fladnag, Jet, jogwi, kp, lostmyballs, MKA, mobambachloride, muskox, Norton, nuclear ocelot, Radu, shin, stupiddrew9, Tumnus, Urbanindy
Douglas__GA, Cascadia, chirpn, dfshapir, GeoGamr🇺🇦, Jet, jogwi, KlutchEZ, mobambachloride, muskox, nuclear ocelot, OKobern, Radu, shin, stathx, Tumnus, voltaicwaffles, zenith
Cleburne__AL, Cascadia, Chicago Geographer, chirpn, dfshapir, GeoGamr🇺🇦, Jet, jogwi, KlutchEZ, mobambachloride, muskox, OKobern, Radu, shin, stupiddrew9, Tumnus, voltaicwaffles, zenith
Greene__AL, Cascadia, chirpn, dfshapir, EnzoDragon1, fladnag, FlyingBro, GeoGamr🇺🇦, jaydoo909, Jet, jogwi, KlutchEZ, kp, mobambachloride, Norton, sagittarius998, shin, stathx, stupiddrew9, Urbanindy, voltaicwaffles, zenith
Union__LA, Cascadia, Chicago Geographer, Jet, shin
Union__AR, Cascadia, Chicago Geographer, Norton, shin
Ouachita__AR, Cascadia, Chicago Geographer, Norton, shin
Dallas__AR, Cascadia, Chicago Geographer, Norton, shin, stathx
Pawnee__OK, Cascadia, Kai, mobambachloride, muskox, OKobern, shin, stathx, Tumnus, zenith
Osage__OK, Cascadia, dfshapir, Jet, jogwi, Kai, mobambachloride, muskox, OKobern, Pendulous, shin, stathx, Tumnus, zenith
Harvey__KS, Cascadia, dfshapir, Geo, Jet, jogwi, Kai, kp, muskox, Norton, OKobern, stathx, TommyTheMet, Tumnus, voltaicwaffles, zenith
McPherson__KS, Cascadia, fladnag, Geo, Jet, jogwi, Kai, kp, muskox, OceanMan, OKobern, stathx, TommyTheMet, Tumnus, voltaicwaffles, zenith
Presidio__TX, Cascadia, Chicago Geographer, chirpn, gurf, jaydoo909, Jet, jogwi, oracle-of-naivete, Popeetoes, qazplm500, stathx, The Texan, VS4GdqaYdYYrmBIMj1ab
Ravalli__MT, Cascadia, gurf, jogwi, OceanMan, Pencil Vulture, Radians, stathx, wyatt
Idaho__ID, Cascadia, gurf, jogwi, lostmyballs, OceanMan, Pencil Vulture, Radians, shin, stathx
Clearwater__ID, Cascadia, gurf, jogwi, OceanMan, Pencil Vulture, Radians, shin, stathx
Lewis__ID, Cascadia, gurf, jogwi, OceanMan, Pencil Vulture, Radians, shin, stathx
Nez_Perce__ID, Cascadia, gurf, jogwi, MKA, mobambachloride, OceanMan, Pencil Vulture, Radians, shin, stathx, sunnysideup
Latah__ID, Cascadia, gurf, jogwi, MKA, mobambachloride, OceanMan, Pencil Vulture, Radians, shin, stathx, Tumnus
Benewah__ID, Cascadia, gurf, jogwi, MKA, mobambachloride, OceanMan, Pencil Vulture, Radians, shin, stathx, Tumnus
Whitman__WA, Cascadia, gurf, jogwi, MKA, mobambachloride, nuclear ocelot, OceanMan, Pencil Vulture, Radians, shin, stathx, sunnysideup, Tumnus
Columbia__WA, Cascadia, gurf, jogwi, MKA, nuclear ocelot, Pencil Vulture, Radians, shin, stathx, sunnysideup
Walla_Walla__WA, Cascadia, De Martian, gurf, jogwi, MKA, nuclear ocelot, Pencil Vulture, Radians, shin, stathx
Garfield__WA, Cascadia, gurf, jogwi, MKA, nuclear ocelot, Pencil Vulture, Radians, shin, stathx, sunnysideup
Conejos__CO, Cascadia, OKobern, shin, stathx
Madison__AL, Cascadia, EnzoDragon1, fbmdf1821, GeoGamr🇺🇦, jogwi, KlutchEZ, kp, mobambachloride, muskox, Radu, sheepie, shin, soup, stupiddrew9, The Texan, VS4GdqaYdYYrmBIMj1ab, zenith
Mississippi__MO, Cedar, dfshapir, Kai, kp, Pendulous, phosphophyllite, Sean30303, sheepie, shin, Steve Lira, stupiddrew9, The Texan, Urbanindy, zenith
Alexander__IL, Cedar, Chicago Geographer, dfshapir, Kai, kp, mobambachloride, nuclear ocelot, Pendulous, phosphophyllite, Sean30303, sheepie, shin, stathx, Steve Lira, stupiddrew9, The Texan, Urbanindy, zenith
Cass__MI, Cedar, Chicago Geographer, dfshapir, gurf, Ivan, Paris_Labrador, Sean30303, sheepie, shin, stathx, Steve Lira, zenith
Oceana__MI, Cedar, Chicago Geographer, jogwi, Pendulous, qazplm500, Sean30303, shin, stathx, Steve Lira, The Texan, Urbanindy, voltaicwaffles
Mason__MI, Cedar, Chicago Geographer, jogwi, Pendulous, qazplm500, Sean30303, shin, stathx, Urbanindy, voltaicwaffles
Manistee__MI, Cedar, Chicago Geographer, jogwi, qazplm500, Sean30303, shin, stathx, Urbanindy
Leelanau__MI, Cedar, Chicago Geographer, flaber, jogwi, Norton, qazplm500, sagittarius998, Sean30303, shin, stathx, Steve Lira, stupiddrew9, Urbanindy
Benzie__MI, Cedar, Chicago Geographer, flaber, jogwi, qazplm500, Sean30303, shin, stathx, Urbanindy
Missaukee__MI, Cedar, Chicago Geographer, Norton, shin, stathx, Urbanindy
Alpena__MI, Cedar, jogwi, kp, shin, stathx
Presque_Isle__MI, Cedar, jogwi, kp, shin, stathx, stupiddrew9
Montmorency__MI, Cedar, shin, stathx, stupiddrew9
Alcona__MI, Cedar, jogwi, kp, shin, stathx
Oscoda__MI, Cedar, kp, shin, stathx, stupiddrew9
St__Joseph__MI, Cedar, DasSchnootz, Ivan, OKobern, Paris_Labrador, shin, stathx, Steve Lira
Newaygo__MI, Cedar, shin, stathx
Lake__MI, Cedar, shin, stathx
Iosco__MI, Cedar, jogwi, shin, stathx
Ogemaw__MI, Cedar, flaber, kp, OceanMan, Patxepi, shin, stathx, stupiddrew9, The Texan, voltaicwaffles
Bay__MI, Cedar, flaber, jogwi, kp, mobambachloride, OceanMan, OKobern, Patxepi, sagittarius998, shin, stathx, stupiddrew9, The Texan, voltaicwaffles, zenith
Midland__MI, Cedar, mobambachloride, Pendulous, sagittarius998, shin, stathx
Gladwin__MI, Cedar, shin, stathx
Arenac__MI, Cedar, flaber, jogwi, kp, OceanMan, Patxepi, shin, stathx, stupiddrew9, The Texan, voltaicwaffles
Macomb__MI, Cedar, DasSchnootz, dfshapir, hateornges, shin, stathx, Urbanindy
Livingston__MI, Cedar, flaber, hateornges, ineedaface, jogwi, kp, mobambachloride, OKobern, Paris_Labrador, Patxepi, Popeetoes, shin, stathx, stupiddrew9, voltaicwaffles
Saginaw__MI, Cedar, flaber, hateornges, jogwi, kp, mobambachloride, OceanMan, OKobern, Patxepi, sagittarius998, shin, stathx, stupiddrew9, The Texan, voltaicwaffles, zenith
Tuscola__MI, Cedar, shin, stathx, Urbanindy
Huron__MI, Cedar, shin, stathx, Urbanindy
Pulaski__IL, Cedar, Chicago Geographer, dfshapir, Kai, nuclear ocelot, Pendulous, phosphophyllite, Sean30303, sheepie, shin, stathx, stupiddrew9, The Texan, Urbanindy, zenith
Union__IL, Cedar, dfshapir, nuclear ocelot, Pendulous, Sean30303, shin, stathx, Steve Lira, The Texan, Urbanindy, zenith
Union__OH, Cedar, dfshapir, hateornges, kp, mobambachloride, Paris_Labrador, phosphophyllite, sagittarius998, stathx, Steve Lira
Marion__OH, Cedar, dfshapir, fladnag, Flame, hateornges, jogwi, phosphophyllite, stathx, stupiddrew9, user1115, voltaicwaffles
Allen__KY, Cedar, dfshapir, fbmdf1821, Jet, jogwi, kp, shin, stupiddrew9, zenith
Belknap__NH, Chicago Geographer, chirpn, dfshapir, EnzoDragon1, flaber, ineedaface, Ivan, JayVerti, Kai, Knight, lostmyballs, nuclear ocelot, oracle-of-naivete, Piglee, Radians, sagittarius998, shin, stephner, TheScooterBuskie, Tumnus, voltaicwaffles, wyatt
Strafford__NH, Chicago Geographer, dfshapir, EnzoDragon1, ineedaface, Ivan, JayVerti, jogwi, Kai, Knight, mobambachloride, nuclear ocelot, oracle-of-naivete, Radians, sagittarius998, shin, stathx, TheScooterBuskie, Tumnus, Urbanindy, voltaicwaffles, wyatt, zenith
Schoharie__NY, Chicago Geographer, dfshapir, EnzoDragon1, JayVerti, nuclear ocelot, OceanMan, oracle-of-naivete, Patxepi, phosphophyllite, Piglee, Popeetoes, sagittarius998, sheepie, shin, stathx, train, Tumnus, wyatt
Otsego__NY, Chicago Geographer, dfshapir, EnzoDragon1, JayVerti, nuclear ocelot, OceanMan, oracle-of-naivete, Patxepi, phosphophyllite, Piglee, Popeetoes, sagittarius998, Sean30303, sheepie, shin, stathx, train, Urbanindy, wyatt
Chenango__NY, Chicago Geographer, dfshapir, JayVerti, nuclear ocelot, OceanMan, oracle-of-naivete, Patxepi, phosphophyllite, Popeetoes, sagittarius998, Sean30303, sheepie, shin, stathx, train, Urbanindy, wyatt
Piscataquis__ME, Chicago Geographer, De Martian, EnzoDragon1, ineedaface, JayVerti, nuclear ocelot, Radians, sagittarius998, Sean30303, shin, stathx, Tumnus, user1115
Pike__IL, Chicago Geographer, dfshapir, jogwi, nuclear ocelot, Radians, Sean30303, sheepie, shin, stathx, stupiddrew9, The Texan, WizardGrape
Scott__IL, Chicago Geographer, dfshapir, nuclear ocelot, Radians, Sean30303, sheepie, shin, stathx, stupiddrew9, The Texan, WizardGrape
Morgan__IL, Chicago Geographer, dfshapir, nuclear ocelot, Radians, Sean30303, sheepie, shin, stathx, Steve Lira, stupiddrew9, The Texan, WizardGrape, zenith
Menard__IL, Chicago Geographer, dfshapir, nuclear ocelot, Sean30303, shin
Moultrie__IL, Chicago Geographer, dfshapir, Flame, kp, nuclear ocelot, Pendulous, Sean30303, shin, stupiddrew9
Christian__IL, Chicago Geographer, dfshapir, Flame, jaydoo909, nuclear ocelot, Sean30303, sheepie, shin, stupiddrew9
Valencia__NM, Chicago Geographer, chirpn, DasSchnootz, Diamond Armor Steve, GeoGamr🇺🇦, gurf, Jet, Kiribati, mobambachloride, OKobern, Popeetoes, stathx, user1115, zenith
Union__NM, Chicago Geographer, FlyingBro, jaydoo909, Jet, jogwi, muskox, OKobern, phosphophyllite, Popeetoes, sheepie, shin, stathx, The Texan, Tumnus, VS4GdqaYdYYrmBIMj1ab, zenith
Dallam__TX, Chicago Geographer, dfshapir, fladnag, FlyingBro, jaydoo909, Jet, jogwi, muskox, OKobern, phosphophyllite, Popeetoes, sheepie, shin, stathx, The Texan, VS4GdqaYdYYrmBIMj1ab, zenith
Hartley__TX, Chicago Geographer, dfshapir, FlyingBro, jaydoo909, Jet, jogwi, muskox, OKobern, phosphophyllite, Popeetoes, sheepie, shin, stathx, The Texan, VS4GdqaYdYYrmBIMj1ab, zenith
Sherman__TX, Chicago Geographer, dfshapir, fladnag, jaydoo909, jogwi, muskox, OKobern, Popeetoes, shin, stathx, TommyTheMet, VS4GdqaYdYYrmBIMj1ab, zenith
Moore__TX, Chicago Geographer, fladnag, jaydoo909, Jet, jogwi, muskox, OKobern, phosphophyllite, Popeetoes, sheepie, shin, stathx, Steve Lira, TommyTheMet, VS4GdqaYdYYrmBIMj1ab, zenith
Texas__OK, Chicago Geographer, dfshapir, jogwi, kp, muskox, OKobern, Popeetoes, shin, stathx, TommyTheMet, Tumnus, zenith
Barton__KS, Chicago Geographer, dfshapir, stathx, TommyTheMet, zenith
Tate__MS, Chicago Geographer, DasSchnootz, dfshapir, hateornges, IGotSap, jaydoo909, jogwi, lostmyballs, mobambachloride, Pendulous, Sean30303, shin, Steve Lira, stupiddrew9, zenith
Panola__MS, Chicago Geographer, DasSchnootz, dfshapir, GeoGamr🇺🇦, hateornges, IGotSap, jaydoo909, jogwi, lostmyballs, mobambachloride, Pendulous, Sean30303, shin, Steve Lira, stupiddrew9, zenith
Yalobusha__MS, Chicago Geographer, DasSchnootz, dfshapir, hateornges, IGotSap, jaydoo909, Jet, jogwi, lostmyballs, Pendulous, Sean30303, shin, Steve Lira, stupiddrew9, zenith
Grenada__MS, Chicago Geographer, DasSchnootz, dfshapir, hateornges, IGotSap, jaydoo909, Jet, jogwi, lostmyballs, Pendulous, Sean30303, shin, Steve Lira, stupiddrew9, zenith
Montgomery__MS, Chicago Geographer, DasSchnootz, dfshapir, hateornges, IGotSap, jaydoo909, Jet, jogwi, lostmyballs, Pendulous, Sean30303, shin, Steve Lira, stupiddrew9, zenith
Carroll__MS, Chicago Geographer, DasSchnootz, dfshapir, hateornges, IGotSap, jaydoo909, Jet, jogwi, lostmyballs, Pendulous, Sean30303, shin, Steve Lira, stupiddrew9, zenith
Holmes__MS, Chicago Geographer, DasSchnootz, dfshapir, hateornges, IGotSap, jaydoo909, jogwi, lostmyballs, Pendulous, Sean30303, shin, Steve Lira, stupiddrew9
Yazoo__MS, Chicago Geographer, DasSchnootz, hateornges, IGotSap, jaydoo909, Jet, lostmyballs, Pendulous, Sean30303, shin, Steve Lira, stupiddrew9
Madison__MS, Chicago Geographer, DasSchnootz, hateornges, IGotSap, jaydoo909, Jet, lostmyballs, Pendulous, Sean30303, shin, Steve Lira, stupiddrew9, The Texan, zenith
Copiah__MS, Chicago Geographer, chupoxag, DasSchnootz, hateornges, IGotSap, jaydoo909, jogwi, Pendulous, Sean30303, shin, stupiddrew9, zenith
Lincoln__MS, Chicago Geographer, chupoxag, DasSchnootz, hateornges, IGotSap, jaydoo909, jogwi, mobambachloride, Pendulous, Sean30303, shin
Pike__MS, Chicago Geographer, chupoxag, DasSchnootz, hateornges, IGotSap, jaydoo909, jogwi, mobambachloride, Pendulous, Sean30303, shin
Lincoln__TN, Chicago Geographer, fbmdf1821, GeoGamr🇺🇦, jogwi, KlutchEZ, kp, nuclear ocelot, sheepie, shin, stupiddrew9
Polk__TN, Chicago Geographer, dfshapir, hateornges, Jet, jogwi, Jo™, kp, MKA, mobambachloride, nuclear ocelot, Radu, shin, soup, stupiddrew9, Urbanindy, zenith
Bradley__TN, Chicago Geographer, crownedkinggame, dfshapir, fladnag, FlyingBro, GeoGamr🇺🇦, hateornges, jaydoo909, Jet, jogwi, Jo™, kp, MKA, mobambachloride, Norton, nuclear ocelot, Radu, sagittarius998, shin, soup, Steve Lira, stupiddrew9, TheScooterBuskie, TommyTheMet, Urbanindy, zenith
Cherokee__NC, Chicago Geographer, chirpn, dfshapir, Jet, jogwi, mobambachloride, nuclear ocelot, Radu, shin, soup, stathx, stupiddrew9, user1115, voltaicwaffles, zenith
Clay__NC, Chicago Geographer, chirpn, dfshapir, Jet, jogwi, nuclear ocelot, Radu, sheepie, shin, stathx, stupiddrew9, user1115, voltaicwaffles
Union__GA, Chicago Geographer, dfshapir, Jet, jogwi, Jo™, MKA, mobambachloride, nuclear ocelot, Radu, sheepie, shin, soup, stathx, stupiddrew9, voltaicwaffles
Towns__GA, Chicago Geographer, dfshapir, Jet, jogwi, Jo™, MKA, mobambachloride, nuclear ocelot, Radu, sheepie, shin, stathx, stupiddrew9, voltaicwaffles
Unicoi__TN, Chicago Geographer, corndog, crownedkinggame, De Martian, flaber, fladnag, FlyingBro, jogwi, kp, mobambachloride, nuclear ocelot, Patxepi, sagittarius998, shin, stupiddrew9, voltaicwaffles
Carter__TN, Chicago Geographer, chirpn, corndog, crownedkinggame, dfshapir, flaber, fladnag, FlyingBro, jogwi, kp, mobambachloride, nuclear ocelot, Patxepi, Radians, sagittarius998, shin, stupiddrew9, user1115, voltaicwaffles
Grainger__TN, Chicago Geographer, fbmdf1821, fladnag, jaydoo909, jogwi, mobambachloride, nuclear ocelot, oracle-of-naivete, sagittarius998, shin, stupiddrew9, zenith
Claiborne__TN, Chicago Geographer, dfshapir, fbmdf1821, fladnag, jaydoo909, jogwi, kp, mobambachloride, nuclear ocelot, oracle-of-naivete, Patxepi, sagittarius998, shin, Steve Lira, stupiddrew9, voltaicwaffles
Lee__VA, Chicago Geographer, dfshapir, fbmdf1821, fladnag, jaydoo909, jogwi, nuclear ocelot, oracle-of-naivete, Patxepi, Pendulous, sagittarius998, shin, stathx, Steve Lira, stupiddrew9, voltaicwaffles
Scott__VA, Chicago Geographer, chirpn, dfshapir, fbmdf1821, fladnag, jogwi, nuclear ocelot, oracle-of-naivete, Patxepi, Pendulous, sagittarius998, shin, stupiddrew9, voltaicwaffles, zenith
Bell__KY, Chicago Geographer, dfshapir, fbmdf1821, fladnag, jaydoo909, jogwi, kp, mobambachloride, oracle-of-naivete, Patxepi, Pendulous, sagittarius998, shin, stathx, Steve Lira, stupiddrew9, voltaicwaffles
Knox__KY, Chicago Geographer, dfshapir, fbmdf1821, fladnag, jogwi, mobambachloride, Patxepi, Pendulous, shin, stathx, Steve Lira, stupiddrew9, voltaicwaffles
Grant__KY, Chicago Geographer, corndog, dfshapir, fbmdf1821, hateornges, jogwi, kp, lostmyballs, Norton, Popeetoes, sheepie, shin, stathx, Steve Lira, stupiddrew9, Urbanindy, voltaicwaffles, zenith
Crittenden__KY, Chicago Geographer, dfshapir, shin, stupiddrew9, zenith
Mercer__MO, Chicago Geographer, dfshapir, lostmyballs, sheepie, shin, stupiddrew9
Livingston__MO, Chicago Geographer, dfshapir, jogwi, Radians, Sean30303, sheepie, shin, stathx, stupiddrew9, voltaicwaffles
Linn__MO, Chicago Geographer, dfshapir, jogwi, lostmyballs, Norton, Radians, Sean30303, sheepie, shin, stathx, stupiddrew9, voltaicwaffles
Shelby__MO, Chicago Geographer, dfshapir, jogwi, lostmyballs, Radians, Sean30303, sheepie, shin, stathx, stupiddrew9, voltaicwaffles
Wayne__IA, Chicago Geographer, dfshapir, lostmyballs, muskox, Radians, sheepie, shin
Marion__IA, Chicago Geographer, dfshapir, EnzoDragon1, Radians, sheepie, WizardGrape, zenith
Muscatine__IA, Chicago Geographer, dfshapir, Radians, sheepie, shin
Treasure__MT, Chicago Geographer, corndog, DasSchnootz, jogwi, OceanMan, qazplm500, Radians, sheepie, stathx, WizardGrape
Custer__MT, Chicago Geographer, corndog, DasSchnootz, jogwi, OceanMan, qazplm500, Radians, sheepie, stathx, WizardGrape
Prairie__MT, Chicago Geographer, corndog, DasSchnootz, jogwi, OceanMan, qazplm500, Radians, sheepie, stathx, WizardGrape
Dawson__MT, Chicago Geographer, corndog, DasSchnootz, gurf, jogwi, OceanMan, Paris_Labrador, qazplm500, Radians, sheepie, stathx, WizardGrape
Wibaux__MT, Chicago Geographer, corndog, DasSchnootz, gurf, jogwi, OceanMan, OKobern, Paris_Labrador, qazplm500, Radians, Sean30303, sheepie, shin, stathx, Steve Lira, WizardGrape
Golden_Valley__ND, Chicago Geographer, corndog, DasSchnootz, gurf, jogwi, OceanMan, OKobern, Paris_Labrador, qazplm500, Radians, Sean30303, sheepie, shin, stathx, Steve Lira, WizardGrape
Dukes__MA, Chicago Geographer, crownedkinggame, EnzoDragon1, JayVerti, MKA, nuclear ocelot, Patxepi, sagittarius998, shin, stathx, stephner, TheScooterBuskie, TommyTheMet, Tumnus
Owen__KY, Chicago Geographer, corndog, dfshapir, fbmdf1821, hateornges, kp, lostmyballs, shin, stathx, Steve Lira, stupiddrew9, voltaicwaffles, zenith
Transylvania__NC, Chicago Geographer, chirpn, crownedkinggame, dfshapir, flaber, fladnag, jogwi, muskox, nuclear ocelot, OKobern, Radu, sagittarius998, shin, stupiddrew9, user1115, voltaicwaffles
Cabell__WV, Chicago Geographer, chirpn, dfshapir, fbmdf1821, flaber, Jet, jogwi, kp, mobambachloride, muskox, nuclear ocelot, OKobern, Patxepi, phosphophyllite, sheepie, shin, stathx, stupiddrew9, Urbanindy, voltaicwaffles, zenith
Scioto__OH, Chicago Geographer, dfshapir, fladnag, jogwi, shin, stathx, stupiddrew9, voltaicwaffles
Adams__OH, Chicago Geographer, dfshapir, Diamond Armor Steve, jogwi, stathx, voltaicwaffles, zenith
Pike__OH, Chicago Geographer, dfshapir, Diamond Armor Steve, fladnag, jogwi, phosphophyllite, stathx, stupiddrew9, voltaicwaffles, zenith
Highland__OH, Chicago Geographer, dfshapir, Diamond Armor Steve, jogwi, stathx
Darke__OH, Chicago Geographer, dfshapir, Paris_Labrador, shin, stathx
Randolph__IN, Chicago Geographer, DasSchnootz, dfshapir, kp, shin, stathx, stupiddrew9, Urbanindy, voltaicwaffles
Greene__IL, Chicago Geographer, dfshapir, nuclear ocelot, shin, stupiddrew9, WizardGrape, zenith
Gem__ID, Chicago Geographer, De Martian, gurf, jogwi, OceanMan, Pencil Vulture, Radians, stathx, wyatt
Washington__ID, Chicago Geographer, gurf, jogwi, OceanMan, Pencil Vulture, Radians, shin, stathx, Tumnus, wyatt
Yates__NY, Chicago Geographer, dfshapir, JayVerti, nuclear ocelot, oracle-of-naivete, qazplm500, sagittarius998, sheepie, stathx, TommyTheMet
St__Bernard__LA, Chicago Geographer, chupoxag, DasSchnootz, GeoGamr🇺🇦, Jet, jogwi, MKA, shin, stathx
Carter__MO, Chicago Geographer, dfshapir, Kai, kp, phosphophyllite, sheepie, shin, Steve Lira, zenith
Ripley__MO, Chicago Geographer, dfshapir, jaydoo909, shin, zenith
Logan__AR, Chicago Geographer, Jet, kp, OKobern, shin, VS4GdqaYdYYrmBIMj1ab, zenith
Claiborne__LA, Chicago Geographer, Norton, shin, zenith
Wilcox__AL, Chicago Geographer, GeoGamr🇺🇦, jogwi, KlutchEZ, shin, stathx, stupiddrew9
Monroe__AL, Chicago Geographer, GeoGamr🇺🇦, jogwi, KlutchEZ, shin, stathx, stupiddrew9
Clay__AL, Chicago Geographer, dfshapir, GeoGamr🇺🇦, Jet, jogwi, Radu, shin, stupiddrew9
Tishomingo__MS, Chicago Geographer, DasSchnootz, fladnag, GeoGamr🇺🇦, Jet, jogwi, KlutchEZ, muskox, shin, stupiddrew9, The Texan, zenith
Chester__TN, Chicago Geographer, jogwi, mobambachloride, nuclear ocelot, shin, stupiddrew9
Obion__TN, Chicago Geographer, dfshapir, fladnag, jogwi, mobambachloride, nuclear ocelot, shin, stupiddrew9, zenith
Fulton__KY, Chicago Geographer, dfshapir, fladnag, jogwi, mobambachloride, shin, stupiddrew9, zenith
Hickman__KY, Chicago Geographer, dfshapir, jogwi, mobambachloride, shin, zenith
Hamilton__IL, Chicago Geographer, dfshapir, nuclear ocelot, shin, stathx, Urbanindy
Wabash__IL, Chicago Geographer, dfshapir, nuclear ocelot, sheepie, shin, stathx, stupiddrew9, zenith
Lawrence__IL, Chicago Geographer, dfshapir, jogwi, nuclear ocelot, sheepie, shin, stathx, stupiddrew9, voltaicwaffles
Grundy__IA, Chicago Geographer, jogwi, qazplm500, Radians, Sean30303, sheepie, TommyTheMet, voltaicwaffles, WizardGrape, zenith
Hardin__IA, Chicago Geographer, jogwi, qazplm500, Radians, Sean30303, sheepie, TommyTheMet, voltaicwaffles, zenith
Calhoun__IA, Chicago Geographer, jogwi, mobambachloride, Radians, sheepie, TommyTheMet, voltaicwaffles
Sac__IA, Chicago Geographer, jogwi, mobambachloride, Radians, sheepie, TommyTheMet, voltaicwaffles, zenith
Ida__IA, Chicago Geographer, jogwi, mobambachloride, Radians, sheepie, TommyTheMet, voltaicwaffles, zenith
Cherokee__IA, Chicago Geographer, mobambachloride, Radians, sheepie
Buena_Vista__IA, Chicago Geographer, mobambachloride, Radians, sheepie, zenith
Pocahontas__IA, Chicago Geographer, Radians, sheepie, zenith
Dakota__NE, Chicago Geographer, dfshapir, EJ'sEmpire, OceanMan, Popeetoes, qazplm500, Radians, sheepie, stathx, TommyTheMet, zenith
Thurston__NE, Chicago Geographer, EJ'sEmpire, OceanMan, Radians, sheepie, stathx
Burt__NE, Chicago Geographer, EJ'sEmpire, OceanMan, Radians, sheepie, stathx
Washington__NE, Chicago Geographer, EJ'sEmpire, mobambachloride, Radians, sheepie, stathx, voltaicwaffles, zenith
Guthrie__IA, Chicago Geographer, corndog, DasSchnootz, EnzoDragon1, Radians, sheepie
Boone__IA, Chicago Geographer, DasSchnootz, mobambachloride, muskox, qazplm500, Radians, sheepie, shin, zenith
Fisher__TX, Chicago Geographer, fladnag, jaydoo909, Jet, OKobern, Popeetoes, stathx, Steve Lira, VS4GdqaYdYYrmBIMj1ab
Jones__TX, Chicago Geographer, jaydoo909, Jet, OKobern, Popeetoes, Radians, stathx, Steve Lira, VS4GdqaYdYYrmBIMj1ab, zenith
Cotton__OK, Chicago Geographer, dfshapir, kp, muskox, OKobern, shin, stathx, TommyTheMet, voltaicwaffles, VS4GdqaYdYYrmBIMj1ab, zenith
Grady__OK, Chicago Geographer, dfshapir, kp, muskox, OKobern, oracle-of-naivete, shin, stathx, Steve Lira, Tumnus, voltaicwaffles, zenith
Delaware__OK, Chicago Geographer, jaydoo909, muskox, OceanMan, OKobern, shin, stathx, Tumnus, zenith
McDonald__MO, Chicago Geographer, IGotSap, jaydoo909, Jet, jogwi, Kai, muskox, OceanMan, OKobern, Popeetoes, Radians, shin, zenith
Barry__MO, Chicago Geographer, dfshapir, Jet, Kai, muskox, shin, zenith
Stone__MO, Chicago Geographer, corndog, dfshapir, EnzoDragon1, Flame, FlyingBro, IGotSap, Jet, jogwi, Kai, Kiribati, shin, The Texan
Carroll__AR, Chicago Geographer, corndog, dfshapir, FlyingBro, Kai, muskox, shin, The Texan, zenith
Washington__AR, Chicago Geographer, dfshapir, IGotSap, Jet, jogwi, Kai, muskox, OKobern, Popeetoes, Radians, shin, Steve Lira, The Texan, Tumnus, zenith
Delaware__IA, Chicago Geographer, DasSchnootz, De Martian, qazplm500, Radians, Sean30303, sheepie, shin, zenith
McDonough__IL, Chicago Geographer, De Martian, dfshapir, nuclear ocelot, Sean30303, shin
Stark__IL, Chicago Geographer, dfshapir, nuclear ocelot, Sean30303, sheepie, shin, The Texan
Bastrop__TX, Chicago Geographer, chirpn, FlyingBro, jaydoo909, JayVerti, Jet, Kai, muskox, Norton, Pencil Vulture, Piglee, Popeetoes, Radians, shin, stathx, stephner, The Texan, Tumnus, voltaicwaffles, VS4GdqaYdYYrmBIMj1ab, zenith
Lee__TX, Chicago Geographer, chirpn, FlyingBro, jaydoo909, Jet, Kai, muskox, Norton, OKobern, Pencil Vulture, Piglee, Popeetoes, shin, stathx, The Texan, Tumnus, voltaicwaffles, VS4GdqaYdYYrmBIMj1ab
Greene__IA, Chicago Geographer, Radians, sheepie
Cheyenne__KS, Chicago Geographer, dfshapir, muskox, OKobern, stathx, zenith
Fannin__GA, Chicago Geographer, dfshapir, Jet, jogwi, Jo™, MKA, nuclear ocelot, Radu, shin, stathx, stupiddrew9, Urbanindy
Seward__KS, Chicago Geographer, dfshapir, muskox, OceanMan, Popeetoes, shin, stathx, zenith
Lawrence__OH, Chicago Geographer, dfshapir, fladnag, jogwi, shin, stathx, stupiddrew9, voltaicwaffles, zenith
Webster__IA, Chicago Geographer, jogwi, mobambachloride, muskox, Radians, Sean30303, sheepie, shin, TommyTheMet, voltaicwaffles, zenith
Comanche__OK, Chicago Geographer, dfshapir, kp, muskox, OKobern, shin, stathx, Steve Lira, TommyTheMet, Tumnus, voltaicwaffles, zenith
Benton__AR, Chicago Geographer, dfshapir, IGotSap, jaydoo909, Jet, jogwi, Kai, muskox, OceanMan, OKobern, Popeetoes, Radians, shin, Steve Lira, Tumnus, zenith
Graham__NC, chirpn, corndog, dfshapir, jogwi, nuclear ocelot, Radu, shin, stupiddrew9, user1115, voltaicwaffles, WizardGrape, zenith
Rutherford__NC, chirpn, crownedkinggame, fbmdf1821, flaber, kp, nuclear ocelot, shin, soup, user1115, voltaicwaffles
Caswell__NC, chirpn, crownedkinggame, dfshapir, Diamond Armor Steve, Jet, jogwi, mobambachloride, muskox, nuclear ocelot, Patxepi, phosphophyllite, shin, soup, user1115, voltaicwaffles, wyatt, zenith
Person__NC, chirpn, dfshapir, Jet, muskox, nuclear ocelot, oracle-of-naivete, shin, soup, user1115, voltaicwaffles, wyatt
Hertford__NC, chirpn, crownedkinggame, dfshapir, Ivan, muskox, nuclear ocelot, shin, Tumnus, user1115, voltaicwaffles
Gates__NC, chirpn, crownedkinggame, dfshapir, Diamond Armor Steve, Jo™, muskox, nuclear ocelot, shin, Tumnus, user1115, voltaicwaffles
Pamlico__NC, chirpn, muskox, nuclear ocelot, shin, user1115, voltaicwaffles
Pitt__NC, chirpn, crownedkinggame, mobambachloride, muskox, nuclear ocelot, OceanMan, Popeetoes, shin, Tumnus, user1115, voltaicwaffles
Alexander__NC, chirpn, crownedkinggame, muskox, nuclear ocelot, shin, user1115, voltaicwaffles
Stanly__NC, chirpn, crownedkinggame, Jet, jogwi, nuclear ocelot, shin, soup, user1115, voltaicwaffles
Anson__NC, chirpn, crownedkinggame, Ivan, Jet, nuclear ocelot, Radians, shin, soup, user1115, voltaicwaffles
Moore__NC, chirpn, crownedkinggame, Jet, muskox, nuclear ocelot, Radians, shin, user1115, voltaicwaffles
Hoke__NC, chirpn, crownedkinggame, muskox, nuclear ocelot, shin, user1115, voltaicwaffles
Bladen__NC, chirpn, crownedkinggame, Ivan, muskox, nuclear ocelot, OceanMan, shin, user1115, voltaicwaffles, wyatt
Halifax__VA, chirpn, dfshapir, Diamond Armor Steve, Jet, muskox, nuclear ocelot, oracle-of-naivete, shin, soup, stupiddrew9, user1115, voltaicwaffles
Pittsylvania__VA, chirpn, crownedkinggame, dfshapir, Diamond Armor Steve, Jet, jogwi, mobambachloride, muskox, nuclear ocelot, Patxepi, phosphophyllite, shin, soup, stupiddrew9, user1115, voltaicwaffles, zenith
Danville__VA, chirpn, crownedkinggame, dfshapir, Diamond Armor Steve, Jet, jogwi, mobambachloride, muskox, nuclear ocelot, Patxepi, phosphophyllite, shin, soup, stupiddrew9, user1115, voltaicwaffles, zenith
Martinsville__VA, chirpn, dfshapir, Diamond Armor Steve, muskox, nuclear ocelot, shin, stupiddrew9, voltaicwaffles, zenith
Giles__VA, chirpn, crownedkinggame, dfshapir, mobambachloride, nuclear ocelot, shin, stupiddrew9, voltaicwaffles, zenith
Lynchburg__VA, chirpn, crownedkinggame, De Martian, dfshapir, Diamond Armor Steve, flaber, FlyingBro, Jet, jogwi, mobambachloride, muskox, nuclear ocelot, Patxepi, shin, soup, stephner, voltaicwaffles
Manassas_Park__VA, chirpn, dfshapir, Diamond Armor Steve, Jo™, nuclear ocelot, Patxepi, phosphophyllite, sagittarius998, shin, Urbanindy, voltaicwaffles
Orange__VA, chirpn, dfshapir, Diamond Armor Steve, FlyingBro, jogwi, Jo™, mobambachloride, nuclear ocelot, Patxepi, sagittarius998, shin, Steve Lira, Urbanindy, voltaicwaffles
Louisa__VA, chirpn, De Martian, dfshapir, Diamond Armor Steve, fbmdf1821, flaber, Jo™, lostmyballs, mobambachloride, nuclear ocelot, Paris_Labrador, Patxepi, Popeetoes, sagittarius998, sheepie, shin, Steve Lira, stupiddrew9, user1115, voltaicwaffles
Appomattox__VA, chirpn, dfshapir, Diamond Armor Steve, FlyingBro, Jet, jogwi, nuclear ocelot, shin
Campbell__VA, chirpn, De Martian, dfshapir, Diamond Armor Steve, flaber, FlyingBro, Jet, jogwi, mobambachloride, muskox, nuclear ocelot, Patxepi, phosphophyllite, shin, soup, voltaicwaffles
King_William__VA, chirpn, dfshapir, Diamond Armor Steve, Jo™, nuclear ocelot, oracle-of-naivete, sagittarius998, shin
King_and_Queen__VA, chirpn, dfshapir, Diamond Armor Steve, Jo™, nuclear ocelot, oracle-of-naivete, sagittarius998, shin
Middlesex__VA, chirpn, dfshapir, Diamond Armor Steve, Jo™, nuclear ocelot, oracle-of-naivete, shin
Gloucester__VA, chirpn, dfshapir, Diamond Armor Steve, Jo™, nuclear ocelot, oracle-of-naivete, sagittarius998, shin
Prince_Edward__VA, chirpn, dfshapir, Diamond Armor Steve, mobambachloride, muskox, nuclear ocelot, oracle-of-naivete, shin, user1115, voltaicwaffles
Greenwood__SC, chirpn, Jet, mobambachloride, muskox, nuclear ocelot, Radu, shin
McCormick__SC, chirpn, mobambachloride, muskox, nuclear ocelot, Radu, shin
Stephens__GA, chirpn, dfshapir, Jet, mobambachloride, muskox, nuclear ocelot, Radu, shin, soup, stathx, stupiddrew9
Summers__WV, chirpn, corndog, crownedkinggame, dfshapir, fbmdf1821, Jet, lostmyballs, muskox, nuclear ocelot, OKobern, Paris_Labrador, phosphophyllite, shin, Urbanindy, voltaicwaffles, zenith
Polk__AR, chirpn, Jet, OKobern, shin, Tumnus, VS4GdqaYdYYrmBIMj1ab
Llano__TX, chirpn, DasSchnootz, jaydoo909, Jet, Kai, Popeetoes, Radians, stathx, Steve Lira, The Texan, zenith
San_Saba__TX, chirpn, jaydoo909, Jet, Popeetoes, Radians, stathx, The Texan
Bosque__TX, chirpn, dfshapir, jaydoo909, Jet, muskox, Popeetoes, stathx, The Texan, VS4GdqaYdYYrmBIMj1ab, zenith
Burleson__TX, chirpn, FlyingBro, jaydoo909, Jet, muskox, Pencil Vulture, Popeetoes, Radians, shin, stathx, The Texan, VS4GdqaYdYYrmBIMj1ab
Washington__TX, chirpn, dfshapir, jaydoo909, Jet, Kai, muskox, Norton, Pencil Vulture, Piglee, Popeetoes, Radians, shin, stathx, Tumnus, voltaicwaffles, VS4GdqaYdYYrmBIMj1ab
Coryell__TX, chirpn, dfshapir, FlyingBro, GeoGamr🇺🇦, jaydoo909, Jet, muskox, OKobern, Popeetoes, Radians, stathx, voltaicwaffles, VS4GdqaYdYYrmBIMj1ab, zenith
Tom_Green__TX, chirpn, dfshapir, FlyingBro, jaydoo909, Jet, OKobern, Popeetoes, stathx, The Texan, zenith
Terrell__TX, chirpn, FlyingBro, jaydoo909, Jet, OKobern, oracle-of-naivete, Popeetoes, Radians, stathx, VS4GdqaYdYYrmBIMj1ab
Brazos__TX, chirpn, dfshapir, FlyingBro, GeoGamr🇺🇦, jaydoo909, Jet, KlutchEZ, muskox, Popeetoes, Radians, shin, stathx, stupiddrew9, The Texan, VS4GdqaYdYYrmBIMj1ab, zenith
Milam__TX, chirpn, jaydoo909, Jet, lostmyballs, muskox, OKobern, Pencil Vulture, Popeetoes, Radians, shin, stathx, The Texan, VS4GdqaYdYYrmBIMj1ab
Austin__TX, chirpn, Flame, FlyingBro, jaydoo909, Jet, MKA, muskox, OceanMan, Pencil Vulture, Popeetoes, Radians, shin, stathx, Steve Lira, The Texan, Tumnus, VS4GdqaYdYYrmBIMj1ab
Socorro__NM, chirpn, DasSchnootz, Diamond Armor Steve, GeoGamr🇺🇦, gurf, Jet, Kiribati, MKA, mobambachloride, OKobern, Popeetoes, qazplm500, stathx, user1115
Sierra__NM, chirpn, DasSchnootz, Diamond Armor Steve, GeoGamr🇺🇦, Jet, Kiribati, mobambachloride, OKobern, Popeetoes, qazplm500, stathx
Bath__VA, chirpn, dfshapir, nuclear ocelot, phosphophyllite, shin
Charlotte__VA, chirpn, dfshapir, Diamond Armor Steve, mobambachloride, muskox, nuclear ocelot, oracle-of-naivete, shin, user1115, voltaicwaffles
Cumberland__VA, chirpn, dfshapir, Diamond Armor Steve, Jet, mobambachloride, nuclear ocelot, shin, voltaicwaffles
Franklin__VA, chirpn, dfshapir, Diamond Armor Steve, muskox, Radians, shin, stupiddrew9, voltaicwaffles
Essex__VA, chirpn, dfshapir, Diamond Armor Steve, Jo™, nuclear ocelot, oracle-of-naivete, sagittarius998, shin
Goochland__VA, chirpn, dfshapir, Diamond Armor Steve, fbmdf1821, flaber, Jet, Jo™, lostmyballs, nuclear ocelot, Paris_Labrador, Popeetoes, sheepie, shin, Steve Lira, stupiddrew9, user1115, voltaicwaffles
Buckingham__VA, chirpn, dfshapir, Diamond Armor Steve, Jet, mobambachloride, nuclear ocelot, shin, voltaicwaffles
Powhatan__VA, chirpn, dfshapir, Diamond Armor Steve, Jet, Jo™, nuclear ocelot, shin, user1115, voltaicwaffles
Abbeville__SC, chirpn, Jet, muskox, nuclear ocelot, Radu, shin
Williamsburg__SC, chirpn, mobambachloride, muskox, nuclear ocelot, shin, TommyTheMet, user1115, voltaicwaffles
Schuylkill__PA, chirpn, dfshapir, EnzoDragon1, hateornges, ineedaface, JayVerti, Jo™, Knight, muskox, nuclear ocelot, oracle-of-naivete, Patxepi, phosphophyllite, sagittarius998, shin, stephner, stupiddrew9, TheScooterBuskie, TommyTheMet, voltaicwaffles
Wayne__WV, chirpn, dfshapir, fbmdf1821, flaber, jogwi, kp, mobambachloride, muskox, Norton, nuclear ocelot, OKobern, Patxepi, phosphophyllite, sheepie, shin, stathx, stupiddrew9, Urbanindy, voltaicwaffles, zenith
Boyd__KY, chirpn, dfshapir, fbmdf1821, flaber, fladnag, jogwi, kp, mobambachloride, muskox, Norton, OKobern, Patxepi, sheepie, shin, stathx, stupiddrew9, Urbanindy, voltaicwaffles, zenith
Greenup__KY, chirpn, dfshapir, jogwi, shin, stathx, stupiddrew9, Urbanindy, voltaicwaffles, zenith
Lewis__KY, chirpn, dfshapir, jogwi, shin, stathx, stupiddrew9, Urbanindy, voltaicwaffles
Mason__KY, chirpn, dfshapir, jogwi, shin, stathx, stupiddrew9, Urbanindy, voltaicwaffles
Bracken__KY, chirpn, dfshapir, jogwi, shin, stathx, stupiddrew9, Urbanindy, voltaicwaffles
Pendleton__KY, chirpn, dfshapir, shin, stathx, Urbanindy, voltaicwaffles
Sevier__AR, chirpn, Jet, KlutchEZ, muskox, OKobern, Popeetoes, shin, Steve Lira, stupiddrew9, Tumnus, VS4GdqaYdYYrmBIMj1ab, zenith
Howard__AR, chirpn, KlutchEZ, OKobern, Popeetoes, shin, Steve Lira, stupiddrew9
Concho__TX, chirpn, dfshapir, fladnag, FlyingBro, jaydoo909, Jet, Popeetoes, stathx, The Texan
Menard__TX, chirpn, fladnag, FlyingBro, jaydoo909, Jet, muskox, Popeetoes, stathx, The Texan
Sterling__TX, chirpn, FlyingBro, jaydoo909, Jet, Popeetoes, stathx, The Texan, zenith
Andrews__TX, chirpn, jaydoo909, Jet, Popeetoes, stathx, The Texan, TommyTheMet, Tumnus, VS4GdqaYdYYrmBIMj1ab, zenith
Waller__TX, chirpn, dfshapir, Flame, FlyingBro, jaydoo909, Jet, Kai, KlutchEZ, MKA, muskox, Norton, OceanMan, Pencil Vulture, Piglee, Popeetoes, Radians, shin, stathx, Steve Lira, stupiddrew9, The Texan, Tumnus, voltaicwaffles, VS4GdqaYdYYrmBIMj1ab, zenith
Navarro__TX, chirpn, dfshapir, FlyingBro, jaydoo909, Jet, OKobern, Popeetoes, Radians, shin, stathx, The Texan, TheScooterBuskie, Tumnus, VS4GdqaYdYYrmBIMj1ab, zenith
Terry__TX, chirpn, FlyingBro, jaydoo909, Jet, OKobern, oracle-of-naivete, Popeetoes, stathx, TommyTheMet, VS4GdqaYdYYrmBIMj1ab, zenith
Yoakum__TX, chirpn, FlyingBro, jaydoo909, oracle-of-naivete, Popeetoes, stathx, TommyTheMet, VS4GdqaYdYYrmBIMj1ab
Hamilton__TX, chirpn, dfshapir, FlyingBro, GeoGamr🇺🇦, jaydoo909, Jet, Popeetoes, stathx, voltaicwaffles, zenith
Coke__TX, chirpn, FlyingBro, jaydoo909, Jet, OKobern, Popeetoes, stathx, The Texan, zenith
Cherokee__TX, chirpn, jaydoo909, Jet, lostmyballs, muskox, Popeetoes, Radians, shin, stathx, The Texan, Tumnus
Houston__TX, chirpn, GeoGamr🇺🇦, jaydoo909, Jet, Kai, muskox, Popeetoes, shin, stathx
Anderson__TX, chirpn, jaydoo909, Jet, Kai, lostmyballs, muskox, Popeetoes, shin, stathx, The Texan, VS4GdqaYdYYrmBIMj1ab
Robertson__TX, chirpn, GeoGamr🇺🇦, jaydoo909, Jet, lostmyballs, muskox, Popeetoes, Radians, shin, stathx, stupiddrew9, The Texan, VS4GdqaYdYYrmBIMj1ab, zenith
Leon__TX, chirpn, FlyingBro, jaydoo909, Jet, lostmyballs, muskox, OKobern, Popeetoes, Radians, shin, stathx, The Texan, TheScooterBuskie, Tumnus, VS4GdqaYdYYrmBIMj1ab, zenith
Madison__TX, chirpn, FlyingBro, GeoGamr🇺🇦, jaydoo909, Jet, muskox, OKobern, Popeetoes, Radians, shin, stathx, TheScooterBuskie, Tumnus, VS4GdqaYdYYrmBIMj1ab, zenith
Freestone__TX, chirpn, FlyingBro, jaydoo909, Jet, lostmyballs, muskox, OKobern, Popeetoes, Radians, shin, stathx, The Texan, TheScooterBuskie, Tumnus, VS4GdqaYdYYrmBIMj1ab, zenith
Grimes__TX, chirpn, dfshapir, jaydoo909, Jet, KlutchEZ, muskox, Popeetoes, Radians, shin, stathx, stupiddrew9, The Texan, VS4GdqaYdYYrmBIMj1ab, zenith
Yakutat__AK, chirpn, Jet, MKA, Radians
Amador__CA, chupoxag, De Martian, gurf, Jet, jogwi, lostmyballs, nuclear ocelot, Pencil Vulture, Pendulous
Plaquemines__LA, chupoxag, crownedkinggame, DasSchnootz, Jet, shin
Alpine__CA, chupoxag, De Martian, gurf, jogwi, lostmyballs, MKA, nuclear ocelot, Pencil Vulture, Pendulous, Radu, stathx
Shelby__IA, corndog, DasSchnootz, Radians, sheepie, zenith
Fayette__IA, corndog, muskox, qazplm500, Radians, sheepie, shin
Steele__ND, corndog, jogwi, OceanMan, qazplm500, Radians, stathx, WizardGrape
Bates__MO, corndog, dfshapir, IGotSap, Kai, OKobern, sheepie, shin, stupiddrew9, zenith
Vernon__MO, corndog, dfshapir, IGotSap, Kai, OKobern, sheepie, shin, stupiddrew9, zenith
Barton__MO, corndog, dfshapir, IGotSap, Kai, OKobern, phosphophyllite, sheepie, shin, zenith
Chesterfield__SC, crownedkinggame, Jet, muskox, nuclear ocelot, Radians, shin, soup, user1115, voltaicwaffles
McDowell__WV, crownedkinggame, dfshapir, Jet, muskox, nuclear ocelot, phosphophyllite, shin, stathx, stupiddrew9
Morgan__TN, crownedkinggame, jogwi, kp, Norton, nuclear ocelot, shin, stathx, stupiddrew9
Monroe__TN, crownedkinggame, dfshapir, fladnag, FlyingBro, GeoGamr🇺🇦, hateornges, jaydoo909, Jet, jogwi, kp, mobambachloride, muskox, Norton, nuclear ocelot, Radu, sagittarius998, shin, soup, Steve Lira, stupiddrew9, TheScooterBuskie, Urbanindy
McMinn__TN, crownedkinggame, dfshapir, fladnag, FlyingBro, GeoGamr🇺🇦, hateornges, jaydoo909, Jet, jogwi, kp, mobambachloride, Norton, nuclear ocelot, Radu, sagittarius998, shin, soup, Steve Lira, stupiddrew9, TheScooterBuskie, TommyTheMet, Urbanindy
Stone__MS, crownedkinggame, Jet, shin, stathx
Chambers__AL, crownedkinggame, dfshapir, FlyingBro, GeoGamr🇺🇦, Jet, jogwi, KlutchEZ, MKA, phosphophyllite, sagittarius998, sheepie, shin, stupiddrew9, voltaicwaffles
Chattahoochee__GA, crownedkinggame, GeoGamr🇺🇦, Jet, mobambachloride, nuclear ocelot, Radu, shin, stathx, stupiddrew9, zenith
Tazewell__VA, crownedkinggame, dfshapir, mobambachloride, nuclear ocelot, shin, stupiddrew9, zenith
Mitchell__IA, DasSchnootz, muskox, OceanMan, qazplm500, Radians, sheepie, shin, WizardGrape
Jefferson__KS, DasSchnootz, dfshapir, Geo, gurf, IGotSap, Kai, OceanMan, sheepie, shin, stathx, stupiddrew9, Tumnus, zenith
Howard__MO, DasSchnootz, dfshapir, mobambachloride, sheepie, shin, stupiddrew9, zenith
Dallas__MO, DasSchnootz, dfshapir, Kai, phosphophyllite, sheepie, shin, zenith
Beaverhead__MT, DasSchnootz, gurf, jogwi, lostmyballs, OceanMan, OKobern, Pencil Vulture, Radians, stathx, wyatt
Clark__ID, DasSchnootz, gurf, jogwi, lostmyballs, OceanMan, OKobern, Pencil Vulture, Radians, stathx, wyatt
East_Feliciana__LA, DasSchnootz, dfshapir, jogwi, Kai, shin, stupiddrew9
Amite__MS, DasSchnootz, jogwi, shin
Franklin__MS, DasSchnootz, shin
Humphreys__MS, DasSchnootz, Jet, shin
Sunflower__MS, DasSchnootz, dfshapir, shin, stathx
Tallahatchie__MS, DasSchnootz, dfshapir, shin
Coahoma__MS, DasSchnootz, dfshapir, GeoGamr🇺🇦, jogwi, sheepie, shin, stathx
Quitman__MS, DasSchnootz, GeoGamr🇺🇦, jogwi, shin, stathx
Tunica__MS, DasSchnootz, dfshapir, jogwi, sheepie, shin, stathx
Tippah__MS, DasSchnootz, jogwi, KlutchEZ, muskox, shin, The Texan, zenith
Lauderdale__AL, DasSchnootz, fladnag, GeoGamr🇺🇦, Jet, jogwi, KlutchEZ, muskox, shin, stupiddrew9, zenith
Colbert__AL, DasSchnootz, fladnag, GeoGamr🇺🇦, Jet, jogwi, KlutchEZ, muskox, shin, stupiddrew9, The Texan, zenith
Wayne__TN, DasSchnootz, fladnag, GeoGamr🇺🇦, Jet, jogwi, nuclear ocelot, shin, stupiddrew9
Lawrence__TN, DasSchnootz, fladnag, GeoGamr🇺🇦, Jet, jogwi, nuclear ocelot, shin, stupiddrew9
Jessamine__KY, DasSchnootz, dfshapir, fladnag, jogwi, kp, shin, stathx, stupiddrew9
Garrard__KY, DasSchnootz, dfshapir, fladnag, jogwi, kp, shin, stathx
Union__IN, DasSchnootz, dfshapir, shin, stupiddrew9, Urbanindy
Vinton__OH, DasSchnootz, dfshapir, jogwi, oracle-of-naivete, Sean30303, stathx, Urbanindy, voltaicwaffles, zenith
Athens__OH, DasSchnootz, dfshapir, hateornges, jogwi, mobambachloride, muskox, oracle-of-naivete, stathx, Urbanindy, voltaicwaffles, zenith
Meigs__OH, DasSchnootz, dfshapir, hateornges, jogwi, muskox, oracle-of-naivete, phosphophyllite, stathx, voltaicwaffles, zenith
Wood__WV, DasSchnootz, dfshapir, fladnag, jogwi, mobambachloride, nuclear ocelot, oracle-of-naivete, phosphophyllite, sheepie, stathx, voltaicwaffles, zenith
Monroe__OH, DasSchnootz, dfshapir, jogwi, phosphophyllite, stathx, zenith
Washington__OH, DasSchnootz, dfshapir, fladnag, jogwi, mobambachloride, oracle-of-naivete, phosphophyllite, sheepie, stathx, voltaicwaffles, zenith
Bear_Lake__ID, De Martian, gurf, jogwi, mobambachloride, OceanMan, OKobern, Popeetoes, Radians, stathx, Steve Lira, Tumnus, zenith
Cache__UT, De Martian, gurf, jogwi, mobambachloride, OKobern, Pencil Vulture, Popeetoes, stathx, Steve Lira, zenith
Dunn__ND, De Martian, OceanMan, Radians, sheepie, shin, stathx
Rich__UT, De Martian, Diamond Armor Steve, gurf, jogwi, mobambachloride, OKobern, Popeetoes, stathx, Steve Lira, zenith
Lincoln__WY, De Martian, Diamond Armor Steve, gurf, jogwi, mobambachloride, OceanMan, OKobern, Popeetoes, Radians, stathx, Steve Lira, Tumnus, zenith
Morgan__UT, De Martian, jogwi, Kai, stathx, Steve Lira, Tumnus, zenith
Sanpete__UT, De Martian, dfshapir, gurf, Pencil Vulture, stathx, Steve Lira
Hamlin__SD, De Martian, dfshapir, EJ'sEmpire, OceanMan, Radians, sheepie, stathx, WizardGrape, zenith
Codington__SD, De Martian, dfshapir, EJ'sEmpire, OceanMan, Radians, sheepie, stathx, WizardGrape, zenith
Fluvanna__VA, De Martian, dfshapir, Diamond Armor Steve, fbmdf1821, flaber, lostmyballs, mobambachloride, nuclear ocelot, Paris_Labrador, Patxepi, Popeetoes, sheepie, shin, Steve Lira, stupiddrew9, user1115, voltaicwaffles
Divide__ND, dfshapir, qazplm500, Radians, stathx
Nelson__ND, dfshapir, fladnag, MKA, OKobern, qazplm500, Radians, sheepie, stathx, voltaicwaffles, WizardGrape
Ramsey__ND, dfshapir, fladnag, MKA, OceanMan, OKobern, qazplm500, Radians, sheepie, stathx, voltaicwaffles, WizardGrape
Benson__ND, dfshapir, fladnag, MKA, OceanMan, OKobern, qazplm500, Radians, sheepie, stathx, voltaicwaffles, WizardGrape
Pierce__ND, dfshapir, fladnag, MKA, OceanMan, OKobern, qazplm500, Radians, sheepie, stathx, voltaicwaffles
McHenry__ND, dfshapir, fladnag, MKA, OKobern, qazplm500, Radians, stathx, voltaicwaffles
Ward__ND, dfshapir, fladnag, MKA, OceanMan, OKobern, qazplm500, Radians, stathx, voltaicwaffles
Mountrail__ND, dfshapir, fladnag, MKA, OceanMan, OKobern, qazplm500, Radians, stathx, voltaicwaffles
Prowers__CO, dfshapir, fladnag, Jo™, Norton, OKobern, Sean30303, stathx, zenith
Bent__CO, dfshapir, jogwi, Jo™, Norton, OKobern, Sean30303, stathx, zenith
Phillips__CO, dfshapir, muskox, OKobern, sheepie, shin, stathx, zenith
Fremont__CO, dfshapir, FlyingBro, gurf, jaydoo909, jogwi, Jo™, Kiribati, muskox, OceanMan, OKobern, stathx, Steve Lira, The Texan, zenith
Harding__NM, dfshapir, muskox, phosphophyllite, Popeetoes, sheepie, shin, stathx
Loving__TX, dfshapir, gurf, jaydoo909, Jet, MKA, Popeetoes, qazplm500, Radians, stathx, TommyTheMet, VS4GdqaYdYYrmBIMj1ab
Winkler__TX, dfshapir, jaydoo909, Jet, Popeetoes, stathx, VS4GdqaYdYYrmBIMj1ab
Upton__TX, dfshapir, jaydoo909, Jet, Popeetoes, stathx
Irion__TX, dfshapir, jaydoo909, Jet, muskox, Popeetoes, stathx
Runnels__TX, dfshapir, fladnag, FlyingBro, jaydoo909, Jet, OKobern, Popeetoes, stathx, The Texan, zenith
Collingsworth__TX, dfshapir, jaydoo909, Jet, muskox, Popeetoes, shin, stathx, VS4GdqaYdYYrmBIMj1ab, zenith
Comanche__TX, dfshapir, jaydoo909, Jet, Popeetoes, stathx, zenith
Limestone__TX, dfshapir, jaydoo909, Jet, muskox, Popeetoes, shin, stathx, The Texan, VS4GdqaYdYYrmBIMj1ab
Jefferson__OK, dfshapir, jaydoo909, kp, muskox, OKobern, shin, stathx, Steve Lira, VS4GdqaYdYYrmBIMj1ab, zenith
Stephens__OK, dfshapir, kp, muskox, OKobern, shin, stathx, Steve Lira, VS4GdqaYdYYrmBIMj1ab, zenith
Tillman__OK, dfshapir, muskox, OKobern, shin, stathx, TommyTheMet, VS4GdqaYdYYrmBIMj1ab, zenith
Jackson__OK, dfshapir, jogwi, muskox, OKobern, Radians, shin, stathx, TommyTheMet, VS4GdqaYdYYrmBIMj1ab, zenith
Harmon__OK, dfshapir, jogwi, muskox, OKobern, Radians, shin, stathx, TommyTheMet, VS4GdqaYdYYrmBIMj1ab, zenith
Greer__OK, dfshapir, muskox, OKobern, shin, stathx, TommyTheMet, zenith
Kiowa__OK, dfshapir, muskox, OKobern, shin, stathx, TommyTheMet, zenith
Cherokee__OK, dfshapir, muskox, OKobern, oracle-of-naivete, shin, stathx, Tumnus, zenith
Adair__OK, dfshapir, muskox, OKobern, shin, stathx, Tumnus, zenith
Greeley__KS, dfshapir, Geo, OceanMan, stathx, TommyTheMet, zenith
Hamilton__KS, dfshapir, Norton, OceanMan, OKobern, stathx, TommyTheMet, zenith
Kearny__KS, dfshapir, Norton, OKobern, stathx, zenith
Kingman__KS, dfshapir, lostmyballs, muskox, OceanMan, stathx, zenith
Pratt__KS, dfshapir, Geo, muskox, stathx, zenith
Stafford__KS, dfshapir, lostmyballs, muskox, Norton, Popeetoes, stathx, zenith
Reno__KS, dfshapir, Geo, lostmyballs, muskox, Norton, OceanMan, Popeetoes, stathx, zenith
Wichita__KS, dfshapir, stathx, zenith
Scott__KS, dfshapir, OceanMan, stathx, zenith
Lane__KS, dfshapir, muskox, stathx, zenith
Marion__KS, dfshapir, Geo, Norton, stathx, zenith
Montgomery__KS, dfshapir, Geo, jogwi, Kai, muskox, OceanMan, oracle-of-naivete, stathx, Tumnus, zenith
Labette__KS, dfshapir, jogwi, Kai, muskox, OKobern, shin, stathx, Tumnus, zenith
Cherokee__KS, dfshapir, EnzoDragon1, jaydoo909, Jet, jogwi, Kai, mobambachloride, muskox, OceanMan, OKobern, phosphophyllite, Popeetoes, Radians, sheepie, shin, stathx, Tumnus, zenith
Neosho__KS, dfshapir, Geo, muskox, stathx, Tumnus, zenith
Greenwood__KS, dfshapir, jogwi, muskox, OceanMan, stathx, TommyTheMet, Tumnus, zenith
Coffey__KS, dfshapir, OKobern, sheepie, stathx, Steve Lira, The Texan, TommyTheMet, Tumnus, zenith
Woodson__KS, dfshapir, Geo, OceanMan, stathx, zenith
Allen__KS, dfshapir, Geo, muskox, OceanMan, stathx, Tumnus, zenith
Bourbon__KS, dfshapir, EnzoDragon1, Kai, mobambachloride, muskox, OceanMan, Popeetoes, Radians, stathx, Tumnus, zenith
Linn__KS, dfshapir, EnzoDragon1, IGotSap, Kai, mobambachloride, muskox, Popeetoes, Radians, stathx, Tumnus, zenith
Anderson__KS, dfshapir, Geo, muskox, OceanMan, stathx, Tumnus, zenith
Clay__KS, dfshapir, stathx, zenith
Cloud__KS, dfshapir, kp, stathx, Tumnus, voltaicwaffles, zenith
Jackson__KS, dfshapir, EJ'sEmpire, Geo, mobambachloride, stathx, TommyTheMet, voltaicwaffles, zenith
Pottawatomie__KS, dfshapir, OceanMan, Sean30303, sheepie, stathx, Tumnus, zenith
Franklin__KS, dfshapir, EJ'sEmpire, Geo, mobambachloride, muskox, OceanMan, OKobern, sheepie, stathx, Steve Lira, The Texan, TommyTheMet, Tumnus, zenith
Miami__KS, dfshapir, EJ'sEmpire, EnzoDragon1, IGotSap, Kai, mobambachloride, muskox, OceanMan, OKobern, Popeetoes, Radians, sheepie, stathx, Steve Lira, The Texan, Tumnus, zenith
Garden__NE, dfshapir, jogwi, OceanMan, Radians, stathx
Sheridan__NE, dfshapir, OceanMan, Patxepi, Radians, sheepie, stathx
Arthur__NE, dfshapir, Radians, sheepie, stathx
McPherson__NE, dfshapir, Radians, sheepie, stathx
Logan__NE, dfshapir, Radians, sheepie, stathx, TommyTheMet, WizardGrape, zenith
Brown__NE, dfshapir, Radians, sheepie, stathx, WizardGrape, zenith
Rock__NE, dfshapir, Radians, stathx
Holt__NE, dfshapir, Radians, stathx, TommyTheMet, zenith
Antelope__NE, dfshapir, Radians, sheepie, stathx, TommyTheMet, voltaicwaffles
Valley__NE, dfshapir, Radians, sheepie, stathx
Howard__NE, dfshapir, Radians, sheepie, stathx, zenith
Nance__NE, dfshapir, Radians, stathx, voltaicwaffles, zenith
Merrick__NE, dfshapir, lostmyballs, OKobern, Radians, Sean30303, sheepie, stathx, TommyTheMet, voltaicwaffles, zenith
Sherman__NE, dfshapir, Radians, sheepie, stathx
Perkins__NE, dfshapir, jogwi, Radians, sheepie, stathx, zenith
Chase__NE, dfshapir, Radians, stathx, zenith
Hayes__NE, dfshapir, Radians, stathx, zenith
Gage__NE, dfshapir, jogwi, Radians, sheepie, shin, stathx, stupiddrew9
Pawnee__NE, dfshapir, mobambachloride, Radians, sheepie, shin, stathx, stupiddrew9, zenith
Richardson__NE, dfshapir, EJ'sEmpire, Geo, mobambachloride, OceanMan, Radians, sheepie, shin, stathx, stupiddrew9, TommyTheMet, voltaicwaffles, zenith
Nemaha__NE, dfshapir, EJ'sEmpire, Geo, mobambachloride, OceanMan, Radians, sheepie, shin, stathx, stupiddrew9, TommyTheMet, voltaicwaffles, zenith
Johnson__NE, dfshapir, mobambachloride, Radians, sheepie, shin, stathx, stupiddrew9, zenith
Polk__NE, dfshapir, OKobern, Radians, sheepie, stathx, voltaicwaffles, zenith
Butler__NE, dfshapir, OKobern, Radians, sheepie, stathx, voltaicwaffles
Dodge__NE, dfshapir, mobambachloride, OceanMan, Radians, sheepie, stathx, voltaicwaffles
Colfax__NE, dfshapir, Radians, sheepie, stathx, voltaicwaffles
Platte__NE, dfshapir, Radians, sheepie, stathx, TommyTheMet, voltaicwaffles, zenith
Jefferson__NE, dfshapir, jogwi, Radians, stathx, zenith
Madison__NE, dfshapir, Radians, sheepie, stathx, TommyTheMet, voltaicwaffles, zenith
Stanton__NE, dfshapir, Radians, sheepie, stathx
Cuming__NE, dfshapir, Radians, sheepie, stathx
Bennett__SD, dfshapir, Patxepi, Radians, sheepie, stathx, TommyTheMet
Walworth__SD, dfshapir, EJ'sEmpire, OceanMan, Radians, sheepie, stathx, WizardGrape
Sully__SD, dfshapir, EJ'sEmpire, Radians, sheepie, stathx
Buffalo__SD, dfshapir, EJ'sEmpire, OceanMan, Radians, Sean30303, sheepie, stathx, Steve Lira, WizardGrape, zenith
Hyde__SD, dfshapir, EJ'sEmpire, OceanMan, Radians, Sean30303, sheepie, stathx, WizardGrape
Hand__SD, dfshapir, EJ'sEmpire, Radians, sheepie, stathx, WizardGrape, zenith
Edmunds__SD, dfshapir, EJ'sEmpire, OceanMan, Radians, sheepie, stathx, WizardGrape, zenith
Day__SD, dfshapir, EJ'sEmpire, OceanMan, qazplm500, Radians, sheepie, stathx, WizardGrape
Sanborn__SD, dfshapir, EJ'sEmpire, OceanMan, Radians, sheepie, stathx, WizardGrape
Jerauld__SD, dfshapir, EJ'sEmpire, OceanMan, Radians, sheepie, stathx, Steve Lira, WizardGrape
Hutchinson__SD, dfshapir, EJ'sEmpire, Radians, sheepie, stathx, WizardGrape
Clay__SD, dfshapir, EJ'sEmpire, mobambachloride, Popeetoes, qazplm500, Radians, sheepie, stathx, zenith
Yankton__SD, dfshapir, EJ'sEmpire, Popeetoes, Radians, sheepie, stathx, WizardGrape, zenith
Clark__SD, dfshapir, EJ'sEmpire, OceanMan, Radians, sheepie, stathx, WizardGrape
Lake__SD, dfshapir, EJ'sEmpire, OceanMan, Radians, sheepie, stathx, WizardGrape
Miner__SD, dfshapir, EJ'sEmpire, Radians, sheepie, stathx, WizardGrape
Concordia__LA, dfshapir, Jet, Kai, shin, zenith
Morehouse__LA, dfshapir, Jet, Kai, shin, zenith
Catahoula__LA, dfshapir, Kai, shin, zenith
Franklin__LA, dfshapir, Jet, Kai, shin
Ashley__AR, dfshapir, Kai, shin, stathx
Drew__AR, dfshapir, jogwi, Kai, shin, stathx, zenith
Lincoln__AR, dfshapir, jogwi, Kai, shin, stathx, zenith
Desha__AR, dfshapir, jogwi, shin, stathx, zenith
Chicot__AR, dfshapir, jogwi, sheepie, shin, stathx, zenith
Lafayette__AR, dfshapir, shin, zenith
Grant__AR, dfshapir, GeoGamr🇺🇦, jogwi, Kai, Norton, shin, stathx
Jefferson__AR, dfshapir, GeoGamr🇺🇦, jogwi, Kai, Norton, shin, stathx, zenith
Sebastian__AR, dfshapir, Jet, jogwi, Kai, muskox, OKobern, Radians, shin, Steve Lira, Tumnus, VS4GdqaYdYYrmBIMj1ab, zenith
Madison__AR, dfshapir, jogwi, Kai, muskox, shin, Steve Lira, The Texan, zenith
Newton__AR, dfshapir, EnzoDragon1, jogwi, Kai, lostmyballs, muskox, shin, Steve Lira
Boone__AR, dfshapir, EnzoDragon1, jogwi, Kai, Kiribati, lostmyballs, muskox, shin, The Texan, zenith
Searcy__AR, dfshapir, EnzoDragon1, jogwi, Kai, lostmyballs, muskox, shin
Van_Buren__AR, dfshapir, EnzoDragon1, jogwi, Kai, lostmyballs, muskox, shin
Independence__AR, dfshapir, Jet, sagittarius998, shin, zenith
Fulton__AR, dfshapir, Jet, jogwi, Kai, muskox, oracle-of-naivete, shin, zenith
Sharp__AR, dfshapir, Jet, jogwi, Kai, oracle-of-naivete, shin, zenith
Greene__AR, dfshapir, Jet, jogwi, Kai, oracle-of-naivete, sagittarius998, shin
Poinsett__AR, dfshapir, jogwi, Kai, mobambachloride, oracle-of-naivete, shin, stathx, zenith
Cedar__MO, dfshapir, IGotSap, Kai, phosphophyllite, sheepie, shin, stupiddrew9
Howell__MO, dfshapir, Jet, jogwi, Kai, kp, oracle-of-naivete, shin, Steve Lira, zenith
Wright__MO, dfshapir, jogwi, Kai, kp, oracle-of-naivete, phosphophyllite, sheepie, shin, Steve Lira, zenith
Texas__MO, dfshapir, Jet, jogwi, Kai, kp, oracle-of-naivete, phosphophyllite, sheepie, shin, Steve Lira, zenith
Oregon__MO, dfshapir, Jet, jogwi, Kai, oracle-of-naivete, shin, zenith
Stoddard__MO, dfshapir, jaydoo909, Kai, kp, Pendulous, phosphophyllite, sheepie, shin, zenith
Benton__MO, dfshapir, IGotSap, jogwi, Kai, lostmyballs, sheepie, shin, stupiddrew9
Hickory__MO, dfshapir, IGotSap, Kai, lostmyballs, sheepie, shin, stupiddrew9
Miller__MO, dfshapir, IGotSap, Kai, OKobern, sheepie, shin, stupiddrew9, The Texan, zenith
Maries__MO, dfshapir, Kai, phosphophyllite, sheepie, shin
Ray__MO, dfshapir, IGotSap, Kai, Norton, sheepie, shin, stupiddrew9
Worth__MO, dfshapir, sheepie, shin, stathx, stupiddrew9
Putnam__MO, dfshapir, lostmyballs, sheepie, shin, stupiddrew9
Schuyler__MO, dfshapir, EnzoDragon1, lostmyballs, sheepie, shin, stupiddrew9, WizardGrape, zenith
Scotland__MO, dfshapir, Norton, sheepie, shin, stupiddrew9
Audrain__MO, dfshapir, Kai, Sean30303, sheepie, shin, stupiddrew9, The Texan, Tumnus
Knox__MO, dfshapir, Norton, sheepie, shin, stupiddrew9
Sullivan__MO, dfshapir, lostmyballs, sheepie, shin, stupiddrew9
Grundy__MO, dfshapir, sheepie, shin, stupiddrew9
Gentry__MO, dfshapir, sheepie, shin, stathx, stupiddrew9
Carroll__MO, dfshapir, Kai, lostmyballs, Norton, sheepie, shin, stupiddrew9
Chariton__MO, dfshapir, lostmyballs, Norton, sheepie, shin, stupiddrew9
Page__IA, dfshapir, lostmyballs, mobambachloride, Radians, sheepie, stathx
Taylor__IA, dfshapir, lostmyballs, mobambachloride, Radians, sheepie, stathx
Ringgold__IA, dfshapir, lostmyballs, Radians, sheepie, stathx
Appanoose__IA, dfshapir, EnzoDragon1, lostmyballs, Radians, sheepie
Davis__IA, dfshapir, EnzoDragon1, Radians, sheepie, WizardGrape, zenith
Van_Buren__IA, dfshapir, Radians, sheepie
Louisa__IA, dfshapir, Radians, sheepie, shin
Mahaska__IA, dfshapir, Radians, sheepie, WizardGrape, zenith
Wilkinson__MS, dfshapir, jogwi, Kai, shin, stupiddrew9
West_Feliciana__LA, dfshapir, jogwi, Kai, shin, stupiddrew9
Jefferson__MS, dfshapir, Jet, mobambachloride, shin, stupiddrew9, zenith
Claiborne__MS, dfshapir, Jet, mobambachloride, shin, stupiddrew9, zenith
Issaquena__MS, dfshapir, shin, zenith
Sharkey__MS, dfshapir, shin, zenith
Washington__MS, dfshapir, sheepie, shin, stathx, zenith
Bolivar__MS, dfshapir, sheepie, shin, stathx
Oktibbeha__MS, dfshapir, jogwi, shin, stupiddrew9, The Texan
Chickasaw__MS, dfshapir, Jet, jogwi, mobambachloride, shin, stupiddrew9
Clay__MS, dfshapir, Jet, jogwi, mobambachloride, shin, stupiddrew9, The Texan
Crockett__TN, dfshapir, fladnag, jogwi, nuclear ocelot, shin, stupiddrew9
Dyer__TN, dfshapir, fladnag, jogwi, nuclear ocelot, shin, stupiddrew9, zenith
Jackson__AL, dfshapir, EnzoDragon1, GeoGamr🇺🇦, jogwi, KlutchEZ, mobambachloride, muskox, Radu, sheepie, shin, soup, stupiddrew9, The Texan, VS4GdqaYdYYrmBIMj1ab, zenith
Hawkins__TN, dfshapir, fladnag, jogwi, mobambachloride, nuclear ocelot, shin, stupiddrew9, zenith
Pickens__AL, dfshapir, GeoGamr🇺🇦, jogwi, shin, stupiddrew9
Paulding__GA, dfshapir, GeoGamr🇺🇦, Jet, nuclear ocelot, Radu, shin, stathx
Pickens__GA, dfshapir, hateornges, Jet, jogwi, MKA, mobambachloride, nuclear ocelot, Radu, shin, stathx, Urbanindy
Forsyth__GA, dfshapir, hateornges, Jet, kp, MKA, muskox, nuclear ocelot, Radu, sheepie, shin, stathx, stupiddrew9
Bamberg__SC, dfshapir, mobambachloride, muskox, nuclear ocelot, oracle-of-naivete, shin, soup, user1115, voltaicwaffles
Ballard__KY, dfshapir, kp, mobambachloride, phosphophyllite, sheepie, shin, stathx, stupiddrew9, zenith
Meade__KY, dfshapir, jogwi, Littleduck, phosphophyllite, shin, stupiddrew9, zenith
Breckinridge__KY, dfshapir, jogwi, Littleduck, shin, stupiddrew9, zenith
Hancock__KY, dfshapir, jogwi, Littleduck, shin, stupiddrew9, zenith
Union__KY, dfshapir, shin, stupiddrew9, zenith
Muhlenberg__KY, dfshapir, jogwi, Littleduck, shin, stupiddrew9, zenith
Marion__KY, dfshapir, jogwi, shin, stathx, stupiddrew9, Urbanindy
Nelson__KY, dfshapir, fbmdf1821, fladnag, jogwi, kp, Littleduck, OKobern, Patxepi, Popeetoes, sheepie, shin, stathx, stupiddrew9, Urbanindy, voltaicwaffles, zenith
Casey__KY, dfshapir, jogwi, kp, shin, stathx, stupiddrew9
Lincoln__KY, dfshapir, jogwi, kp, Littleduck, mobambachloride, shin, stathx, stupiddrew9
Leslie__KY, dfshapir, jogwi, Norton, shin, stathx, stupiddrew9
Clay__KY, dfshapir, jogwi, Norton, shin, stathx, stupiddrew9
Perry__KY, dfshapir, jogwi, Norton, sagittarius998, shin, stathx, stupiddrew9
Knott__KY, dfshapir, jogwi, sagittarius998, shin, stathx, stupiddrew9
Pike__KY, dfshapir, flaber, fladnag, jogwi, muskox, sagittarius998, shin, stathx, stupiddrew9
Johnson__KY, dfshapir, fladnag, jogwi, shin, stathx, stupiddrew9
Wolfe__KY, dfshapir, fbmdf1821, flaber, jogwi, shin, stathx, stupiddrew9, Urbanindy
Powell__KY, dfshapir, fbmdf1821, flaber, jogwi, shin, stathx, stupiddrew9, Urbanindy
Clark__KY, dfshapir, fbmdf1821, flaber, jogwi, kp, mobambachloride, muskox, OKobern, Patxepi, sheepie, shin, stathx, stupiddrew9, Urbanindy, voltaicwaffles, zenith
Jackson__KY, dfshapir, fbmdf1821, jogwi, shin, stathx, stupiddrew9
Rowan__KY, dfshapir, fbmdf1821, jogwi, kp, mobambachloride, muskox, OKobern, Patxepi, sheepie, shin, stathx, stupiddrew9, voltaicwaffles, zenith
Carter__KY, dfshapir, fbmdf1821, flaber, jogwi, kp, mobambachloride, muskox, OKobern, Patxepi, sheepie, shin, stathx, stupiddrew9, voltaicwaffles, zenith
Bath__KY, dfshapir, fbmdf1821, jogwi, kp, mobambachloride, muskox, OKobern, Patxepi, sheepie, shin, stathx, stupiddrew9, voltaicwaffles, zenith
Montgomery__KY, dfshapir, fbmdf1821, jogwi, kp, mobambachloride, muskox, OKobern, Patxepi, sheepie, shin, stathx, stupiddrew9, voltaicwaffles, zenith
Henry__KY, dfshapir, Diamond Armor Steve, EnzoDragon1, fbmdf1821, hateornges, jaydoo909, Jet, jogwi, kp, Littleduck, mobambachloride, OKobern, phosphophyllite, Radians, shin, stathx, zenith
Washington__KY, dfshapir, fbmdf1821, fladnag, jogwi, kp, Littleduck, OKobern, Patxepi, Popeetoes, sheepie, shin, stathx, stupiddrew9, Urbanindy, zenith
Boyle__KY, dfshapir, fladnag, jogwi, Littleduck, mobambachloride, shin, stathx, stupiddrew9, Urbanindy
Anderson__KY, dfshapir, fbmdf1821, fladnag, jogwi, kp, mobambachloride, OKobern, Patxepi, Popeetoes, sheepie, shin, stathx, stupiddrew9, zenith
Mercer__IL, dfshapir, nuclear ocelot, Sean30303, sheepie, shin
Jackson__IL, dfshapir, nuclear ocelot, shin, stathx, Urbanindy
Perry__IL, dfshapir, nuclear ocelot, shin, stathx
Adams__IL, dfshapir, nuclear ocelot, qazplm500, Sean30303, sheepie, shin, stupiddrew9
Hancock__IL, dfshapir, Norton, nuclear ocelot, Sean30303, sheepie, shin
Fulton__IL, dfshapir, nuclear ocelot, Sean30303, shin, zenith
Schuyler__IL, dfshapir, nuclear ocelot, shin
Brown__IL, dfshapir, nuclear ocelot, shin
Cass__IL, dfshapir, nuclear ocelot, shin, zenith
Wabash__IN, dfshapir, Norton, Paris_Labrador, shin, stathx, Steve Lira, TommyTheMet, Urbanindy, voltaicwaffles
Perry__IN, dfshapir, EnzoDragon1, jogwi, Littleduck, OKobern, Paris_Labrador, shin, stupiddrew9, Urbanindy, voltaicwaffles, zenith
Crawford__IN, dfshapir, EnzoDragon1, Littleduck, Norton, OKobern, Paris_Labrador, shin, stupiddrew9, Urbanindy, voltaicwaffles, zenith
Harrison__IN, dfshapir, EnzoDragon1, jaydoo909, Littleduck, Norton, OKobern, phosphophyllite, shin, stupiddrew9, Urbanindy, voltaicwaffles, zenith
Floyd__IN, dfshapir, EnzoDragon1, jaydoo909, Littleduck, mobambachloride, Norton, OKobern, Paris_Labrador, phosphophyllite, Popeetoes, shin, stathx, Steve Lira, stupiddrew9, Urbanindy, voltaicwaffles, zenith
Jefferson__IN, dfshapir, jogwi, Norton, shin, stathx, stupiddrew9, Urbanindy, zenith
Switzerland__IN, dfshapir, jogwi, Norton, shin, stathx, stupiddrew9, Urbanindy, zenith
Ohio__IN, dfshapir, jogwi, Norton, shin, stathx, stupiddrew9, Urbanindy, zenith
Fayette__IN, dfshapir, shin, stupiddrew9, Urbanindy
Jennings__IN, dfshapir, jogwi, Norton, shin, stupiddrew9, Urbanindy
Washington__IN, dfshapir, shin, stupiddrew9, Urbanindy
Orange__IN, dfshapir, Littleduck, Norton, Paris_Labrador, shin, stupiddrew9, Urbanindy
Lawrence__IN, dfshapir, Littleduck, Norton, Paris_Labrador, shin, stupiddrew9, Urbanindy
Sullivan__IN, dfshapir, Norton, Sean30303, sheepie, shin, stupiddrew9, Urbanindy
Knox__IN, dfshapir, jogwi, Norton, Sean30303, sheepie, shin, stathx, stupiddrew9, Urbanindy, voltaicwaffles
Martin__IN, dfshapir, Jet, Littleduck, Paris_Labrador, shin, Steve Lira, stupiddrew9, Urbanindy
Dubois__IN, dfshapir, EnzoDragon1, Jet, Littleduck, OKobern, Paris_Labrador, Sean30303, shin, Steve Lira, stupiddrew9, Urbanindy, voltaicwaffles, zenith
Mercer__OH, dfshapir, kp, Paris_Labrador, sagittarius998, shin, stathx, voltaicwaffles
Brown__OH, dfshapir, Diamond Armor Steve, jogwi, stathx, voltaicwaffles, zenith
Seneca__OH, dfshapir, fladnag, hateornges, Ivan, JayVerti, mobambachloride, phosphophyllite, stathx, stephner
Morgan__OH, dfshapir, phosphophyllite, Radians, stathx
Noble__OH, dfshapir, fladnag, mobambachloride, phosphophyllite, Radians, sheepie, stathx, voltaicwaffles
Huron__OH, dfshapir, fladnag, hateornges, ineedaface, mobambachloride, phosphophyllite, stathx, Urbanindy
Warren__PA, dfshapir, ineedaface, JayVerti, mobambachloride, nuclear ocelot, sagittarius998, sheepie, stathx
Wyoming__PA, dfshapir, JayVerti, nuclear ocelot, phosphophyllite, sagittarius998, shin, stephner
Sullivan__PA, dfshapir, JayVerti, nuclear ocelot, sagittarius998
Buchanan__VA, dfshapir, fladnag, nuclear ocelot, shin, stathx, stupiddrew9
Russell__VA, dfshapir, fladnag, mobambachloride, nuclear ocelot, sagittarius998, shin, stupiddrew9, zenith
Galax__VA, dfshapir, nuclear ocelot, sagittarius998, shin
Poquoson__VA, dfshapir, Diamond Armor Steve, nuclear ocelot, shin
Mathews__VA, dfshapir, Diamond Armor Steve, Jo™, nuclear ocelot, oracle-of-naivete, shin
Charles_City__VA, dfshapir, Diamond Armor Steve, ineedaface, nuclear ocelot, sagittarius998, shin, soup
Surry__VA, dfshapir, Diamond Armor Steve, EJ'sEmpire, ineedaface, Jo™, muskox, nuclear ocelot, sagittarius998, shin
Nottoway__VA, dfshapir, Diamond Armor Steve, Jo™, muskox, nuclear ocelot, oracle-of-naivete, shin, user1115
Buena_Vista__VA, dfshapir, Jet, mobambachloride, nuclear ocelot, shin
Amelia__VA, dfshapir, Diamond Armor Steve, Jo™, nuclear ocelot, oracle-of-naivete, shin, user1115
Doddridge__WV, dfshapir, jogwi, nuclear ocelot, oracle-of-naivete, phosphophyllite, stathx
Cumberland__NJ, dfshapir, flaber, JayVerti, mobambachloride, nuclear ocelot, phosphophyllite, Popeetoes, sagittarius998, shin, TheScooterBuskie
Oswego__NY, dfshapir, Ivan, JayVerti, jogwi, nuclear ocelot, OceanMan, Piglee, Radu, sagittarius998, sheepie, stathx, TheScooterBuskie, TommyTheMet, VS4GdqaYdYYrmBIMj1ab
Fulton__NY, dfshapir, JayVerti, nuclear ocelot, Patxepi, phosphophyllite, sagittarius998, sheepie, shin, stathx, TommyTheMet, train
Washington__NY, dfshapir, JayVerti, jogwi, mobambachloride, nuclear ocelot, oracle-of-naivete, Patxepi, phosphophyllite, Popeetoes, sagittarius998, shin, stathx, stephner, TommyTheMet, train, Tumnus, zenith
Floyd__KY, dfshapir, flaber, fladnag, jogwi, shin, stathx, stupiddrew9
McLean__KY, dfshapir, jogwi, Littleduck, shin, stupiddrew9
Grayson__KY, dfshapir, fbmdf1821, jogwi, Littleduck, shin, stupiddrew9, zenith
Spencer__KY, dfshapir, fladnag, shin, stathx, stupiddrew9, voltaicwaffles
Bourbon__KY, dfshapir, jogwi, Kiribati, shin, stathx, stupiddrew9
Menifee__KY, dfshapir, flaber, jogwi, shin, stathx, stupiddrew9, Urbanindy
Lawrence__KY, dfshapir, fladnag, jogwi, phosphophyllite, shin, stathx, stupiddrew9
Martin__KY, dfshapir, jogwi, phosphophyllite, shin, stathx, stupiddrew9
Mingo__WV, dfshapir, flaber, jogwi, muskox, nuclear ocelot, phosphophyllite, sagittarius998, shin, stathx
Logan__WV, dfshapir, flaber, Jet, jogwi, muskox, nuclear ocelot, phosphophyllite, sagittarius998, shin, stathx
Boone__WV, dfshapir, flaber, Jet, jogwi, muskox, nuclear ocelot, phosphophyllite, sagittarius998, shin, stathx
Lincoln__WV, dfshapir, Jet, jogwi, nuclear ocelot, phosphophyllite, shin, stathx
Bollinger__MO, dfshapir, phosphophyllite, sheepie, shin, Steve Lira, stupiddrew9
Carlisle__KY, dfshapir, mobambachloride, shin, stathx, stupiddrew9, zenith
Cherokee__AL, dfshapir, GeoGamr🇺🇦, jogwi, KlutchEZ, mobambachloride, muskox, shin, stupiddrew9, zenith
Tallapoosa__AL, dfshapir, GeoGamr🇺🇦, jogwi, KlutchEZ, shin, stupiddrew9
Kemper__MS, dfshapir, GeoGamr🇺🇦, jogwi, mobambachloride, shin
Neshoba__MS, dfshapir, GeoGamr🇺🇦, jogwi, shin, zenith
Leake__MS, dfshapir, Jet, jogwi, shin, stupiddrew9, The Texan, zenith
Winston__MS, dfshapir, jogwi, shin, stupiddrew9, The Texan, zenith
Attala__MS, dfshapir, Jet, jogwi, shin, stupiddrew9, The Texan, zenith
Tipton__TN, dfshapir, jogwi, nuclear ocelot, shin, stupiddrew9, zenith
Lauderdale__TN, dfshapir, jogwi, nuclear ocelot, shin, stupiddrew9, zenith
Lake__TN, dfshapir, fladnag, nuclear ocelot, shin, stupiddrew9, zenith
Wahkiakum__WA, dfshapir, gurf, nuclear ocelot, OceanMan, OKobern, Pencil Vulture, Radians, shin, sunnysideup, wyatt
Adams__IN, dfshapir, kp, Paris_Labrador, shin, stathx, Urbanindy, voltaicwaffles
Jay__IN, dfshapir, kp, shin, stathx, Steve Lira, Urbanindy
Blackford__IN, dfshapir, shin, stathx, Urbanindy
Harrison__KY, dfshapir, jogwi, shin, stathx, stupiddrew9
Robertson__KY, dfshapir, jogwi, shin, stathx, stupiddrew9
Nicholas__KY, dfshapir, jogwi, shin, stathx, stupiddrew9
Fleming__KY, dfshapir, jogwi, shin, stathx, stupiddrew9
Jackson__WV, dfshapir, fladnag, hateornges, jogwi, muskox, nuclear ocelot, phosphophyllite, sheepie, stathx, voltaicwaffles
Wirt__WV, dfshapir, jogwi, nuclear ocelot, phosphophyllite, stathx
Wyoming__WV, dfshapir, Jet, muskox, nuclear ocelot, phosphophyllite, shin, stathx, stupiddrew9
Norton__VA, dfshapir, fladnag, jogwi, nuclear ocelot, sagittarius998, shin, stathx, stupiddrew9
Wise__VA, dfshapir, fladnag, jogwi, nuclear ocelot, sagittarius998, shin, stathx, stupiddrew9
Letcher__KY, dfshapir, fladnag, jogwi, Norton, sagittarius998, shin, stathx, stupiddrew9
Harlan__KY, dfshapir, kp, sagittarius998, shin, stathx, Steve Lira, stupiddrew9
McCreary__KY, dfshapir, fbmdf1821, jogwi, Norton, sheepie, shin, stathx, stupiddrew9, voltaicwaffles
Scott__TN, dfshapir, fbmdf1821, jogwi, kp, Norton, nuclear ocelot, sheepie, shin, stathx, stupiddrew9
Wayne__KY, dfshapir, jogwi, kp, shin, stathx, stupiddrew9
Clinton__KY, dfshapir, fbmdf1821, jogwi, kp, shin, stathx, stupiddrew9
Cumberland__KY, dfshapir, fbmdf1821, jogwi, kp, shin, stathx, stupiddrew9
Macon__TN, dfshapir, fbmdf1821, Jet, jogwi, kp, nuclear ocelot, shin, stathx, stupiddrew9
Logan__KY, dfshapir, fbmdf1821, jogwi, shin, stupiddrew9
Todd__KY, dfshapir, jogwi, shin, stupiddrew9
Calloway__KY, dfshapir, jogwi, mobambachloride, shin, stupiddrew9
Reagan__TX, dfshapir, jaydoo909, Jet, Popeetoes, stathx
Adams__MS, dfshapir, Jet, Kai, shin, stupiddrew9, zenith
Lowndes__MS, dfshapir, jogwi, mobambachloride, shin, stupiddrew9
Washington__OK, dfshapir, Jet, muskox, OKobern, Pendulous, shin, stathx, Tumnus, zenith
Thayer__NE, dfshapir, jogwi, kp, Radians, stathx, Tumnus, voltaicwaffles, zenith
Otoe__NE, dfshapir, EJ'sEmpire, Geo, jogwi, Kai, lostmyballs, mobambachloride, OceanMan, Radians, sheepie, shin, stathx, stupiddrew9, TommyTheMet, Tumnus, voltaicwaffles, zenith
Nodaway__MO, dfshapir, mobambachloride, sheepie, shin, stathx, stupiddrew9
Camden__MO, dfshapir, IGotSap, Kai, OKobern, sheepie, shin, stupiddrew9, The Texan, zenith
Finney__KS, dfshapir, Norton, OceanMan, OKobern, stathx, zenith
Mercer__KY, dfshapir, fbmdf1821, fladnag, jogwi, kp, mobambachloride, OKobern, Patxepi, Popeetoes, sheepie, shin, stathx, stupiddrew9, zenith
Magoffin__KY, dfshapir, flaber, jogwi, shin, stathx, stupiddrew9
Morgan__KY, dfshapir, flaber, jogwi, shin, stathx, stupiddrew9
Dickenson__VA, dfshapir, nuclear ocelot, sagittarius998, shin, stathx, stupiddrew9
Geauga__OH, dfshapir, hateornges, Ivan, JayVerti, OKobern, Popeetoes, sagittarius998, stathx, stephner, Urbanindy
Campbell__SD, EJ'sEmpire, OceanMan, Radians, sheepie, stathx, WizardGrape
Charles_Mix__SD, EJ'sEmpire, Radians, sheepie, stathx, WizardGrape
McPherson__SD, EJ'sEmpire, OceanMan, Radians, sheepie, shin, stathx, WizardGrape, zenith
Gregory__SD, EJ'sEmpire, Radians, sheepie, stathx, WizardGrape
Douglas__SD, EJ'sEmpire, Radians, sheepie, stathx, WizardGrape
Bon_Homme__SD, EJ'sEmpire, Popeetoes, Radians, sheepie, stathx, WizardGrape
Cedar__NE, EJ'sEmpire, OceanMan, Popeetoes, Radians, sheepie, stathx, TommyTheMet, WizardGrape, zenith
Crawford__KS, EnzoDragon1, jogwi, Kai, mobambachloride, muskox, OceanMan, Popeetoes, Radians, stathx, Tumnus, zenith
Nantucket__MA, EnzoDragon1, JayVerti, nuclear ocelot, sagittarius998, shin, stathx, stephner, Tumnus
LaRue__KY, fbmdf1821, hateornges, jogwi, OKobern, Patxepi, Popeetoes, Sean30303, sheepie, shin, Steve Lira, stupiddrew9, voltaicwaffles
Green__KY, fbmdf1821, jogwi, shin, stathx, stupiddrew9
Owsley__KY, fbmdf1821, jogwi, shin, stathx, stupiddrew9
Lee__KY, fbmdf1821, jogwi, shin, stathx
White__TN, fbmdf1821, fladnag, jaydoo909, Jet, jogwi, kp, nuclear ocelot, sheepie, shin, stathx, stupiddrew9
Van_Buren__TN, fbmdf1821, fladnag, Jet, jogwi, kp, nuclear ocelot, shin, stupiddrew9
Sequatchie__TN, fbmdf1821, fladnag, Jet, jogwi, kp, nuclear ocelot, shin, stupiddrew9
Elliott__KY, flaber, jogwi, shin, stathx, stupiddrew9
Hancock__TN, fladnag, jogwi, nuclear ocelot, shin, stupiddrew9
Union__TN, fladnag, jaydoo909, kp, nuclear ocelot, oracle-of-naivete, shin, Steve Lira, stupiddrew9
Hale__TX, fladnag, FlyingBro, jaydoo909, Jet, muskox, Popeetoes, stathx, The Texan, TommyTheMet, VS4GdqaYdYYrmBIMj1ab, zenith
Swisher__TX, fladnag, FlyingBro, jaydoo909, Jet, muskox, Popeetoes, stathx, The Texan, TommyTheMet, VS4GdqaYdYYrmBIMj1ab, zenith
Cimarron__OK, fladnag, jogwi, muskox, OKobern, phosphophyllite, Popeetoes, sheepie, shin, stathx, TommyTheMet, Tumnus, zenith
Baca__CO, fladnag, jogwi, muskox, OKobern, shin, stathx, zenith
DeKalb__TN, fladnag, kp, nuclear ocelot, sheepie, shin, stupiddrew9
Warren__TN, fladnag, jogwi, kp, nuclear ocelot, shin, stupiddrew9
Cannon__TN, fladnag, jogwi, kp, nuclear ocelot, shin, stupiddrew9
Clarke__MS, fladnag, FlyingBro, GeoGamr🇺🇦, Jet, jogwi, KlutchEZ, kp, mobambachloride, Norton, sagittarius998, shin, stupiddrew9, Urbanindy, zenith
Jasper__MS, fladnag, FlyingBro, GeoGamr🇺🇦, Jet, jogwi, KlutchEZ, kp, mobambachloride, Norton, sagittarius998, shin, stupiddrew9, Urbanindy
Jones__MS, fladnag, FlyingBro, GeoGamr🇺🇦, Jet, jogwi, KlutchEZ, kp, mobambachloride, Norton, sagittarius998, shin, stupiddrew9, Urbanindy
Lamar__MS, fladnag, FlyingBro, GeoGamr🇺🇦, jaydoo909, Jet, jogwi, KlutchEZ, kp, mobambachloride, Norton, OKobern, sagittarius998, sheepie, shin, stupiddrew9, Urbanindy
Pearl_River__MS, fladnag, FlyingBro, GeoGamr🇺🇦, Jet, KlutchEZ, kp, Norton, Radians, sagittarius998, shin, stathx, stupiddrew9, Urbanindy
Dunklin__MO, fladnag, shin, stupiddrew9
Hardin__TN, fladnag, GeoGamr🇺🇦, jogwi, nuclear ocelot, shin, stupiddrew9
Lewis__TN, fladnag, Jet, jogwi, nuclear ocelot, shin, stupiddrew9
Glasscock__TX, FlyingBro, jaydoo909, Jet, Popeetoes, stathx, zenith
Lake__CO, FlyingBro, gurf, jogwi, MKA, OKobern, Sean30303, shin, stathx, Tumnus, zenith
Morris__KS, Geo, OceanMan, stathx, zenith
Blaine__OK, GeoGamr🇺🇦, jogwi, kp, MKA, muskox, OKobern, shin, stathx, TommyTheMet, Tumnus, zenith
Lafayette__MS, GeoGamr🇺🇦, jogwi, mobambachloride, shin
Phillips__AR, GeoGamr🇺🇦, jogwi, sheepie, shin, stathx
Arkansas__AR, GeoGamr🇺🇦, shin, stathx
Winston__AL, GeoGamr🇺🇦, Jet, jogwi, KlutchEZ, shin, stupiddrew9, zenith
Franklin__AL, GeoGamr🇺🇦, Jet, jogwi, KlutchEZ, shin, stupiddrew9, The Texan
Fayette__AL, GeoGamr🇺🇦, jogwi, KlutchEZ, shin, stupiddrew9
Lamar__AL, GeoGamr🇺🇦, jogwi, shin, stupiddrew9, The Texan
Clarke__AL, GeoGamr🇺🇦, jogwi, shin, stathx, stupiddrew9
Choctaw__AL, GeoGamr🇺🇦, jogwi, shin, stathx, stupiddrew9
Marshall__AL, GeoGamr🇺🇦, jogwi, KlutchEZ, shin, stupiddrew9, zenith
Moore__TN, GeoGamr🇺🇦, jogwi, kp, nuclear ocelot, sheepie, shin, stupiddrew9
Franklin__TN, GeoGamr🇺🇦, jogwi, kp, mobambachloride, nuclear ocelot, shin, stupiddrew9
Lawrence__AL, GeoGamr🇺🇦, jogwi, KlutchEZ, shin, stupiddrew9, The Texan, zenith
Randolph__AL, GeoGamr🇺🇦, jogwi, shin, stupiddrew9
Bullock__AL, GeoGamr🇺🇦, jogwi, Kai, shin, stupiddrew9
Heard__GA, GeoGamr🇺🇦, Jet, nuclear ocelot, shin, stathx
Washington__AL, GeoGamr🇺🇦, jogwi, mobambachloride, shin, stathx, stupiddrew9, zenith
Fayette__GA, GeoGamr🇺🇦, Jet, nuclear ocelot, phosphophyllite, Radu, sheepie, shin, stathx
Adams__ID, gurf, jogwi, lostmyballs, OceanMan, Pencil Vulture, Radians, shin, stathx, Tumnus
Valley__ID, gurf, jogwi, lostmyballs, OceanMan, Pencil Vulture, Radians, shin, stathx
Meagher__MT, gurf, jogwi, OceanMan, Radians, stathx
Wheatland__MT, gurf, jogwi, OceanMan, Radians, stathx
Golden_Valley__MT, gurf, jogwi, OceanMan, Radians, stathx
Musselshell__MT, gurf, OceanMan, Radians, stathx
Delta__CO, gurf, jaydoo909, jogwi, Jo™, OceanMan, OKobern, shin, stathx, The Texan, zenith
Daggett__UT, gurf, OKobern, stathx, Steve Lira
Caribou__ID, gurf, jogwi, OceanMan, Popeetoes, Radians, stathx, Steve Lira, Tumnus
Judith_Basin__MT, gurf, jogwi, OceanMan, qazplm500, Radians, stathx
Fergus__MT, gurf, jogwi, OceanMan, qazplm500, Radians, stathx
Petroleum__MT, gurf, OceanMan, qazplm500, Radians, stathx
Garfield__MT, gurf, OceanMan, qazplm500, Radians, stathx
McCone__MT, gurf, OceanMan, Paris_Labrador, qazplm500, Radians, stathx
Franklin__ID, gurf, jogwi, OceanMan, Popeetoes, Radians, stathx, Steve Lira, zenith
Lemhi__ID, gurf, jogwi, OceanMan, Pencil Vulture, Radians, stathx, wyatt
Shelby__TX, hateornges, jaydoo909, Jet, muskox, Popeetoes, Radians, shin, stathx
San_Juan__CO, jaydoo909, Jet, jogwi, Knight, OKobern, Popeetoes, shin, stathx, Steve Lira, UCLA_Jesus, zenith
Cowley__KS, jaydoo909, Kai, muskox, OKobern, stathx, Tumnus, zenith
Hinsdale__CO, jaydoo909, muskox, OKobern, shin, stathx
Schleicher__TX, jaydoo909, Jet, muskox, OKobern, Popeetoes, stathx, The Texan
Red_River__LA, jaydoo909, muskox, shin, zenith
Hansford__TX, jaydoo909, Jet, muskox, OKobern, Popeetoes, shin, stathx, VS4GdqaYdYYrmBIMj1ab, zenith
Ochiltree__TX, jaydoo909, Jet, muskox, OKobern, Popeetoes, shin, stathx, VS4GdqaYdYYrmBIMj1ab, zenith
Roberts__TX, jaydoo909, Jet, lostmyballs, muskox, Popeetoes, shin, stathx, VS4GdqaYdYYrmBIMj1ab, zenith
Hutchinson__TX, jaydoo909, Jet, jogwi, muskox, OKobern, phosphophyllite, Popeetoes, sheepie, shin, stathx, VS4GdqaYdYYrmBIMj1ab, zenith
Motley__TX, jaydoo909, Jet, OKobern, Popeetoes, stathx, zenith
Cochran__TX, jaydoo909, Popeetoes, stathx, VS4GdqaYdYYrmBIMj1ab
Castro__TX, jaydoo909, muskox, OKobern, Popeetoes, stathx, VS4GdqaYdYYrmBIMj1ab, zenith
Briscoe__TX, jaydoo909, muskox, OKobern, Popeetoes, stathx, zenith
Floyd__TX, jaydoo909, Jet, muskox, Popeetoes, stathx, zenith
Crosby__TX, jaydoo909, Jet, OKobern, Popeetoes, stathx, TommyTheMet, zenith
Orleans__NY, JayVerti, jogwi, nuclear ocelot, sagittarius998, sheepie, stathx
Lewis__NY, JayVerti, jogwi, nuclear ocelot, sagittarius998, shin, TommyTheMet
St__Lawrence__NY, JayVerti, nuclear ocelot, OceanMan, sagittarius998, shin, TommyTheMet, train
Scott__AR, Jet, OKobern, shin, Tumnus, VS4GdqaYdYYrmBIMj1ab, zenith
Nowata__OK, Jet, muskox, OceanMan, OKobern, oracle-of-naivete, Pendulous, shin, stathx, Tumnus, zenith
Caldwell__LA, Jet, shin
LaSalle__LA, Jet, shin, zenith
Grant__LA, Jet, mobambachloride, shin, zenith
Choctaw__MS, Jet, jogwi, shin
Webster__MS, Jet, jogwi, shin
Trousdale__TN, Jet, jogwi, kp, nuclear ocelot, shin, stathx, stupiddrew9
Madison__GA, Jet, nuclear ocelot, Radu, shin, stathx, stupiddrew9
Elbert__GA, Jet, nuclear ocelot, Radu, shin, stathx
Washington__LA, Jet, shin, stathx
Winn__LA, Jet, mobambachloride, shin, zenith
Jackson__LA, Jet, mobambachloride, shin
Tensas__LA, Jet, shin
Walthall__MS, Jet, shin
Marion__MS, Jet, shin
Calhoun__MS, Jet, shin
Leflore__MS, Jet, shin
Pike__GA, Jet, nuclear ocelot, phosphophyllite, Radu, shin, stathx
Upson__GA, Jet, nuclear ocelot, Radu, shin, stathx
Noxubee__MS, jogwi, mobambachloride, shin
Wayne__MS, jogwi, mobambachloride, shin, zenith
Henry__TN, jogwi, mobambachloride, nuclear ocelot, shin, stupiddrew9
Baxter__AR, jogwi, muskox, shin, zenith
Marion__AR, jogwi, muskox, shin, zenith
Wilson__KS, jogwi, muskox, OceanMan, stathx, Tumnus, zenith
Jackson__CO, jogwi, Jo™, muskox, OKobern, sheepie, stathx, zenith
Major__OK, jogwi, muskox, OKobern, shin, stathx, Tumnus, zenith
Dewey__OK, jogwi, kp, MKA, muskox, OKobern, shin, stathx, Steve Lira, Tumnus, zenith
Woodward__OK, jogwi, kp, lostmyballs, muskox, OKobern, shin, stathx, Tumnus, zenith
Roger_Mills__OK, jogwi, MKA, muskox, OKobern, sheepie, shin, stathx, zenith
East_Carroll__LA, jogwi, sheepie, shin
Taylor__KY, jogwi, shin, stathx, stupiddrew9
Estill__KY, jogwi, shin, stathx
Breathitt__KY, jogwi, shin, stathx, stupiddrew9
Griggs__ND, jogwi, qazplm500, Radians, stathx, WizardGrape
Foster__ND, jogwi, qazplm500, Radians, sheepie, shin, stathx
Wells__ND, jogwi, OceanMan, qazplm500, Radians, sheepie, shin, stathx
Sheridan__ND, jogwi, Radians, sheepie, shin, stathx
McLean__ND, jogwi, OceanMan, Radians, sheepie, shin, stathx
Mercer__ND, jogwi, OceanMan, Radians, sheepie, shin, stathx
Oliver__ND, jogwi, OceanMan, Radians, sheepie, shin, stathx
Nuckolls__NE, jogwi, Radians, stathx, zenith
Jackson__TN, jogwi, kp, nuclear ocelot, sheepie, shin, stathx, stupiddrew9
Pickett__TN, jogwi, kp, nuclear ocelot, shin, stathx, stupiddrew9
Fentress__TN, jogwi, kp, nuclear ocelot, shin, stathx, stupiddrew9
Copper_River__AK, jogwi, Radians
Clarke__GA, Jo™, kp, muskox, nuclear ocelot, Radu, sheepie, shin, stathx, stupiddrew9
Oconee__GA, Jo™, kp, muskox, nuclear ocelot, Radu, sheepie, shin, stathx, stupiddrew9
Oglethorpe__GA, Jo™, muskox, nuclear ocelot, Radu, shin, stathx
Wilkes__GA, Jo™, muskox, nuclear ocelot, Radu, shin
Lincoln__GA, Jo™, nuclear ocelot, Radu, shin
Putnam__GA, Jo™, mobambachloride, nuclear ocelot, Radu, shin
Hancock__GA, Jo™, nuclear ocelot, Radu, shin
Baldwin__GA, Jo™, mobambachloride, nuclear ocelot, Radu, shin
Washington__GA, Jo™, mobambachloride, nuclear ocelot, Radu, shin, stathx
Cleveland__AR, Kai, Norton, shin, stathx
Dade__MO, Kai, phosphophyllite, sheepie, shin
Douglas__MO, Kai, phosphophyllite, sheepie, shin, zenith
Woods__OK, Kai, lostmyballs, muskox, OKobern, shin, stathx, Tumnus, zenith
Garfield__OK, Kai, muskox, OKobern, shin, stathx, Tumnus, zenith
Alfalfa__OK, Kai, lostmyballs, muskox, OKobern, shin, stathx, Tumnus, zenith
Grant__OK, Kai, muskox, OKobern, shin, stathx, Tumnus, zenith
Le_Flore__OK, Kai, muskox, OKobern, Radians, shin, stathx, Tumnus, VS4GdqaYdYYrmBIMj1ab, zenith
Chautauqua__KS, Kai, muskox, stathx, Tumnus, zenith
Montgomery__AR, KlutchEZ, OKobern, shin, Steve Lira, stupiddrew9, The Texan, zenith
Ottawa__KS, kp, muskox, stathx, Tumnus, voltaicwaffles, zenith
Kingfisher__OK, kp, muskox, OKobern, shin, stathx, Tumnus, zenith
Meigs__TN, kp, Norton, nuclear ocelot, shin, stupiddrew9
Rhea__TN, kp, mobambachloride, Norton, nuclear ocelot, shin, stupiddrew9
Bledsoe__TN, kp, nuclear ocelot, shin, stupiddrew9
Barber__KS, lostmyballs, muskox, stathx, zenith
Harper__KS, lostmyballs, muskox, stathx, zenith
Rice__KS, lostmyballs, stathx, TommyTheMet, zenith
Osborne__KS, lostmyballs, muskox, OceanMan, stathx, zenith
Mitchell__KS, lostmyballs, muskox, OceanMan, stathx, zenith
North_Slope__AK, lostmyballs, Radians
Jenkins__GA, mobambachloride, nuclear ocelot, oracle-of-naivete, Radu, shin, stathx
Jefferson_Davis__MS, mobambachloride, shin
Latimer__OK, muskox, OKobern, shin, stathx, Tumnus, VS4GdqaYdYYrmBIMj1ab, zenith
Hughes__OK, muskox, OKobern, shin, stathx, Tumnus, zenith
Elk__KS, muskox, stathx, zenith
Haskell__OK, muskox, OKobern, shin, stathx, Tumnus, zenith
Stevens__KS, muskox, OceanMan, shin, stathx, zenith
Morton__KS, muskox, shin, stathx, TommyTheMet, zenith
Stanton__KS, muskox, OceanMan, shin, stathx, TommyTheMet, zenith
Cleburne__AR, muskox, shin
Woodruff__AR, muskox, shin, stathx, stupiddrew9
Izard__AR, muskox, shin
Stone__AR, muskox, shin
Lee__AR, muskox, shin, stathx
Sheridan__KS, muskox, stathx, zenith
Rawlins__KS, muskox, stathx, zenith
Decatur__KS, muskox, stathx, zenith
Hancock__IA, muskox, qazplm500, Radians, sheepie, shin, zenith
Humboldt__IA, muskox, Radians, sheepie, shin, zenith
Gray__KS, Norton, OKobern, stathx, zenith
Columbia__AR, Norton, shin
Calhoun__AR, Norton, shin
Glascock__GA, nuclear ocelot, Radu, shin
Jasper__GA, nuclear ocelot, Radu, shin, stathx
Calhoun__IL, nuclear ocelot, shin, stupiddrew9
Daniels__MT, OceanMan, Radians, stathx
Sheridan__MT, OceanMan, qazplm500, Radians, stathx
Richland__MT, OceanMan, qazplm500, Radians, stathx
Chouteau__MT, OceanMan, Radians, stathx
Fallon__MT, OceanMan, OKobern, Radians, Sean30303, stathx
Butler__IA, OceanMan, qazplm500, Radians, sheepie, WizardGrape
Cavalier__ND, OceanMan, qazplm500, Radians, stathx, WizardGrape
Rolette__ND, OceanMan, qazplm500, Radians, sheepie, stathx
Bottineau__ND, OceanMan, qazplm500, Radians, stathx
Logan__ND, OceanMan, Radians, sheepie, shin, stathx, WizardGrape
Emmons__ND, OceanMan, Radians, sheepie, shin, stathx, WizardGrape
Adams__ND, OceanMan, Radians, sheepie, shin, stathx, user1115, zenith
Keya_Paha__NE, OceanMan, Radians, sheepie, stathx, WizardGrape, zenith
Boyd__NE, OceanMan, Popeetoes, Radians, sheepie, stathx, zenith
Knox__NE, OceanMan, Popeetoes, Radians, sheepie, stathx
Dixon__NE, OceanMan, Popeetoes, qazplm500, Radians, sheepie, stathx, TommyTheMet
Grant__KS, OceanMan, stathx, zenith
Haskell__KS, OceanMan, stathx, zenith
Turner__SD, Popeetoes, Radians, sheepie, stathx, WizardGrape, zenith
Towner__ND, qazplm500, Radians, sheepie, stathx
Renville__ND, qazplm500, Radians, stathx
Burke__ND, qazplm500, Radians, stathx
Eddy__ND, qazplm500, Radians, sheepie, shin, stathx
Wayne__NE, Radians, sheepie, stathx
Pierce__NE, Radians, sheepie, stathx, TommyTheMet, voltaicwaffles, zenith
Boone__NE, Radians, sheepie, stathx, TommyTheMet, voltaicwaffles
Greeley__NE, Radians, stathx, zenith
Wheeler__NE, Radians, stathx, TommyTheMet, zenith
Garfield__NE, Radians, stathx
Loup__NE, Radians, stathx
Hooker__NE, Radians, sheepie, stathx
Grant__NE, Radians, sheepie, stathx
Tripp__SD, Radians, sheepie, stathx, WizardGrape, zenith
Carroll__IA, Radians, sheepie
Crawford__IA, Radians, sheepie, zenith
Keokuk__IA, Radians, Sean30303, sheepie
McIntosh__ND, Radians, sheepie, shin, stathx, WizardGrape
Aleutians_West__AK, Radians
Aleutians_East__AK, Radians
Kodiak_Island__AK, Radians
Bristol_Bay__AK, Radians
Dillingham__AK, Radians
Lake_and_Peninsula__AK, Radians
Bethel__AK, Radians
Kusilvak__AK, Radians
Nome__AK, Radians
Kalawao__HI, Radians
Northwest_Arctic__AK, Radians
West_Carroll__LA, sheepie, shin, zenith
St__Helena__LA, shin
Lawrence__MS, shin
Smith__MS, shin
Bradley__AR, shin
Ozark__MO, shin, zenith
Sanilac__MI, shin, stathx, Urbanindy
Carolina__PR, voltaicwaffles
Canóvanas__PR, voltaicwaffles
Río_Grande__PR, voltaicwaffles
Luquillo__PR, voltaicwaffles
Fajardo__PR, voltaicwaffles
San_Juan__PR, voltaicwaffles
